2026-09-12 23:47:03,612 INFO Could not import comtypes.gen, trying to create it.
2026-09-12 23:47:03,621 INFO Created comtypes.gen directory: 'D:\arc\venv\Lib\site-packages\comtypes\gen'
2026-09-12 23:47:03,621 INFO Writing __init__.py file: 'D:\arc\venv\Lib\site-packages\comtypes\gen\__init__.py'
2026-09-12 23:47:03,625 INFO Using writeable comtypes cache directory: 'D:\arc\venv\Lib\site-packages\comtypes\gen'
2026-09-12 23:47:03,636 INFO Could not import comtypes.gen._C866CA3A_32F7_11D2_9602_00C04F8EE628_0_5_4: No module named 'comtypes.gen._C866CA3A_32F7_11D2_9602_00C04F8EE628_0_5_4'
2026-09-12 23:47:03,644 INFO # Generating comtypes.gen._C866CA3A_32F7_11D2_9602_00C04F8EE628_0_5_4
2026-09-12 23:47:03,681 INFO # Generating comtypes.gen.SpeechLib
2026-09-12 23:47:03,685 INFO Could not import comtypes.gen._00020430_0000_0000_C000_000000000046_0_2_0: No module named 'comtypes.gen._00020430_0000_0000_C000_000000000046_0_2_0'
2026-09-12 23:47:03,685 INFO # Generating comtypes.gen._00020430_0000_0000_C000_000000000046_0_2_0
2026-09-12 23:47:03,688 INFO # Generating comtypes.gen.stdole
2026-09-12 23:49:21,024 INFO Imported existing <module 'comtypes.gen' from 'D:\\arc\\venv\\Lib\\site-packages\\comtypes\\gen\\__init__.py'>
2026-09-12 23:49:21,024 INFO Using writeable comtypes cache directory: 'D:\arc\venv\Lib\site-packages\comtypes\gen'
2026-09-12 23:51:00,412 INFO say: Arc is online.
2026-09-12 23:51:00,438 INFO Imported existing <module 'comtypes.gen' from 'D:\\arc\\venv\\Lib\\site-packages\\comtypes\\gen\\__init__.py'>
2026-09-12 23:51:00,439 INFO Using writeable comtypes cache directory: 'D:\arc\venv\Lib\site-packages\comtypes\gen'
2026-09-12 23:51:00,801 INFO listening
2026-09-12 23:51:22,819 INFO heard: hey
2026-09-12 23:51:34,674 INFO say: Arc is online.
2026-09-12 23:51:34,980 INFO listening
2026-09-12 23:51:56,997 INFO heard: hey
2026-09-12 23:52:05,996 INFO heard: hey
2026-09-12 23:52:07,496 INFO heard: sleep
2026-09-12 23:52:12,247 INFO heard: ark sleep
2026-09-12 23:52:12,247 INFO command: sleep
2026-09-12 23:52:12,247 INFO say: Going to sleep.
2026-09-12 23:52:49,802 INFO heard: go to sleep
2026-09-12 23:53:19,924 INFO heard: hey
2026-09-12 23:53:39,927 INFO heard: hey
2026-09-12 23:53:55,674 INFO heard: hey
2026-09-12 23:54:20,925 INFO heard: hey
2026-09-12 23:54:40,925 INFO heard: hey
2026-09-12 23:55:01,176 INFO heard: hey
2026-09-12 23:55:21,428 INFO heard: hey
2026-09-12 23:55:41,427 INFO heard: hey
2026-09-12 23:56:01,677 INFO heard: hey
2026-09-12 23:56:03,644 INFO say: Xyrus is online.
2026-09-12 23:56:03,911 INFO listening
2026-09-12 23:56:30,364 INFO autostart enabled
2026-09-12 23:56:30,365 INFO autostart disabled
2026-09-12 23:56:30,556 INFO autostart enabled
2026-09-12 23:56:31,913 INFO say: Xyrus is online.
2026-09-12 23:56:32,185 INFO listening
2026-09-12 23:57:08,451 INFO heard: hey
2026-09-12 23:57:28,702 INFO heard: hey
2026-09-12 23:57:48,952 INFO heard: hey
2026-09-12 23:58:08,953 INFO heard: hey
2026-09-12 23:58:29,204 INFO heard: hey
2026-09-12 23:58:29,933 INFO already running; exiting
2026-09-12 23:58:49,453 INFO heard: hey
2026-09-12 23:59:09,455 INFO heard: hey
2026-09-12 23:59:29,708 INFO heard: hey
2026-09-12 23:59:49,964 INFO heard: hey
2026-09-13 00:00:10,205 INFO heard: hey
2026-09-13 00:00:30,456 INFO heard: hey
2026-09-13 00:00:50,458 INFO heard: hey
2026-09-13 00:01:25,963 INFO heard: hey
2026-09-13 00:01:46,208 INFO heard: hey
2026-09-13 00:02:06,460 INFO heard: hey
2026-09-13 00:02:26,460 INFO heard: hey
2026-09-13 00:02:46,709 INFO heard: hey
2026-09-13 00:02:56,786 INFO autostart enabled
2026-09-13 00:02:57,101 INFO say: Xyrus is online.
2026-09-13 00:02:57,631 INFO listening
2026-09-13 00:03:29,648 INFO heard: hey
2026-09-13 00:03:37,751 INFO say: Xyrus is online.
2026-09-13 00:03:38,034 INFO listening
2026-09-13 00:04:05,802 INFO heard: hey
2026-09-13 00:04:25,809 INFO heard: hey
2026-09-13 00:04:46,053 INFO heard: hey
2026-09-13 00:05:06,303 INFO heard: hey
2026-09-13 00:05:26,303 INFO heard: hey
2026-09-13 00:05:46,553 INFO heard: hey
2026-09-13 00:05:56,554 INFO heard: hey
2026-09-13 00:06:01,303 INFO heard: tell me a joke
2026-09-13 00:06:06,053 INFO heard: off tell me a joke
2026-09-13 00:06:26,054 INFO heard: hey
2026-09-13 00:06:41,306 INFO heard: hey edge
2026-09-13 00:07:12,056 INFO heard: hey
2026-09-13 00:07:37,306 INFO heard: hey
2026-09-13 00:07:39,731 INFO say: Xyrus is online.
2026-09-13 00:07:40,010 INFO listening
2026-09-13 00:08:08,776 INFO heard: how cyrus
2026-09-13 00:08:08,776 INFO say: At your service, sir.
2026-09-13 00:08:15,277 INFO heard: me a joke
2026-09-13 00:08:35,527 INFO heard: hey
2026-09-13 00:08:55,528 INFO heard: hey
2026-09-13 00:09:15,778 INFO heard: hey
2026-09-13 00:09:36,029 INFO heard: hey
2026-09-13 00:09:52,143 INFO say: Xyrus is online.
2026-09-13 00:09:52,417 INFO listening
2026-09-13 00:10:22,185 INFO heard: zeros
2026-09-13 00:10:22,186 INFO say: Waiting for your command, sir.
2026-09-13 00:10:26,934 INFO heard: tell manager
2026-09-13 00:10:35,434 INFO heard: what zeros
2026-09-13 00:10:35,434 INFO say: Yes, sir?
2026-09-13 00:10:38,936 INFO heard: a joke
2026-09-13 00:10:38,937 INFO command: joke joke
2026-09-13 00:10:38,937 INFO say: Why do programmers prefer dark mode? Because light attracts bugs.
2026-09-13 00:11:04,436 INFO heard: how
2026-09-13 00:11:22,935 INFO heard: what zeros
2026-09-13 00:11:22,935 INFO say: I'm listening, sir.
2026-09-13 00:11:27,185 INFO heard: tell me a joke
2026-09-13 00:11:27,186 INFO command: joke tell me a joke
2026-09-13 00:11:27,186 INFO say: There are 10 types of people: those who understand binary, and those who don't.
2026-09-13 00:11:44,186 INFO heard: how hours
2026-09-13 00:11:48,435 INFO heard: cyrus
2026-09-13 00:11:48,435 INFO say: Waiting for your command, sir.
2026-09-13 00:11:56,185 INFO heard: timer four can minutes
2026-09-13 00:11:56,185 INFO command: timer 240
2026-09-13 00:11:56,185 INFO say: Timer set for 4 minutes.
2026-09-13 00:12:00,936 INFO heard: cancel
2026-09-13 00:12:03,685 INFO heard: cancel timer
2026-09-13 00:12:07,435 INFO heard: cyrus
2026-09-13 00:12:07,436 INFO say: Yes, sir?
2026-09-13 00:12:18,186 INFO heard: cancel timer
2026-09-13 00:12:38,438 INFO heard: how
2026-09-13 00:12:58,687 INFO heard: how
2026-09-13 00:13:18,687 INFO heard: how
2026-09-13 00:13:38,938 INFO heard: how
2026-09-13 00:13:56,180 INFO say: Xyrus is online.
2026-09-13 00:13:56,471 INFO listening
2026-09-13 00:14:18,739 INFO heard: how
2026-09-13 00:14:38,741 INFO heard: how
2026-09-13 00:14:58,989 INFO heard: how
2026-09-13 00:15:19,244 INFO heard: how
2026-09-13 00:15:39,240 INFO heard: how
2026-09-13 00:15:59,491 INFO heard: half
2026-09-13 00:16:19,741 INFO heard: what
2026-09-13 00:16:39,742 INFO heard: how
2026-09-13 00:16:59,992 INFO heard: how
2026-09-13 00:17:20,244 INFO heard: how
2026-09-13 00:17:40,492 INFO heard: how
2026-09-13 00:18:00,743 INFO heard: how
2026-09-13 00:18:20,743 INFO heard: how
2026-09-13 00:18:40,996 INFO heard: how
2026-09-13 00:19:01,244 INFO heard: how
2026-09-13 00:19:21,247 INFO heard: how
2026-09-13 00:19:41,496 INFO heard: how
2026-09-13 00:20:01,748 INFO heard: how
2026-09-13 00:20:21,746 INFO heard: how
2026-09-13 00:20:41,996 INFO heard: how
2026-09-13 00:20:45,747 INFO heard: this is a launch
2026-09-13 00:20:46,745 INFO heard: on
2026-09-13 00:21:06,996 INFO heard: how
2026-09-13 00:21:21,997 INFO heard: how this is a launch
2026-09-13 00:21:42,247 INFO heard: how
2026-09-13 00:22:02,251 INFO heard: how
2026-09-13 00:22:22,498 INFO heard: how
2026-09-13 00:22:42,749 INFO heard: how
2026-09-13 00:23:02,749 INFO heard: how
2026-09-13 00:23:23,000 INFO heard: how
2026-09-13 00:23:48,250 INFO heard: how
2026-09-13 00:24:08,253 INFO heard: how
2026-09-13 00:24:28,751 INFO heard: how
2026-09-13 00:24:48,751 INFO heard: how
2026-09-13 00:25:09,002 INFO heard: half
2026-09-13 00:25:23,251 INFO heard: show
2026-09-13 00:25:43,109 INFO say: Xyrus is online.
2026-09-13 00:25:43,383 INFO listening
2026-09-13 00:26:05,650 INFO heard: how
2026-09-13 00:26:59,901 INFO heard: how
2026-09-13 00:27:19,901 INFO heard: how
2026-09-13 00:27:40,153 INFO heard: how
2026-09-13 00:28:00,405 INFO heard: half
2026-09-13 00:28:25,405 INFO heard: how
2026-09-13 00:28:43,157 INFO heard: half
2026-09-13 00:28:49,156 INFO heard: play minute
2026-09-13 00:28:51,652 INFO heard: you
2026-09-13 00:28:59,654 INFO heard: do
2026-09-13 00:29:55,405 INFO heard: half
2026-09-13 00:30:09,904 INFO heard: an it
2026-09-13 00:33:01,164 INFO heard: louder go
2026-09-13 00:33:30,409 INFO heard: launch
2026-09-13 00:35:58,076 INFO say: Xyrus is online.
2026-09-13 00:35:58,349 INFO listening
2026-09-13 00:41:27,635 INFO paused - mic closed
2026-09-13 00:41:30,498 INFO listening
2026-09-13 00:45:01,017 INFO heard: cyrus
2026-09-13 00:45:01,018 INFO say: Yes, sir?
2026-09-13 00:45:11,517 INFO heard: shutdown
2026-09-13 00:45:11,518 INFO command: shutdown shutdown
2026-09-13 00:45:11,518 INFO say: Shut down? Say yes to confirm, or cancel.
2026-09-13 00:45:17,768 INFO heard: yes
2026-09-13 00:45:17,768 INFO say: Shutting down in 10 seconds. Say Xyrus cancel to stop.
2026-09-13 02:10:11,760 INFO say: Xyrus is online.
2026-09-13 02:10:12,346 INFO listening
2026-09-13 02:10:34,626 INFO heard: how
2026-09-13 02:10:54,616 INFO heard: how
2026-09-13 02:11:14,863 INFO heard: how
2026-09-13 02:11:35,114 INFO heard: how
2026-09-13 02:11:55,114 INFO heard: how
2026-09-13 02:12:15,366 INFO heard: how
2026-09-13 02:12:35,616 INFO heard: how
2026-09-13 02:12:55,616 INFO heard: how
2026-09-13 02:13:15,867 INFO heard: how
2026-09-13 02:13:35,868 INFO heard: half
2026-09-13 02:13:55,868 INFO heard: how
2026-09-13 02:14:16,117 INFO heard: how
2026-09-13 02:14:36,120 INFO heard: how
2026-09-13 02:14:56,371 INFO heard: how
2026-09-13 02:15:16,619 INFO heard: how
2026-09-13 02:15:33,871 INFO heard: how everything
2026-09-13 02:15:54,122 INFO heard: how
2026-09-13 02:16:14,371 INFO heard: how
2026-09-13 02:16:34,621 INFO heard: how
2026-09-13 02:16:54,622 INFO heard: how
2026-09-13 02:17:14,872 INFO heard: how
2026-09-13 02:17:35,123 INFO heard: how
2026-09-13 02:17:55,123 INFO heard: how
2026-09-13 02:18:12,623 INFO heard: how
2026-09-13 02:18:32,875 INFO heard: how
2026-09-13 02:18:53,125 INFO heard: how
2026-09-13 02:19:13,125 INFO heard: how
2026-09-13 02:19:33,375 INFO heard: how
2026-09-13 02:19:53,626 INFO heard: how
2026-09-13 02:20:13,626 INFO heard: how
2026-09-13 02:20:33,876 INFO heard: how
2026-09-13 02:20:54,377 INFO heard: how
2026-09-13 02:21:14,377 INFO heard: how
2026-09-13 02:21:34,628 INFO heard: how
2026-09-13 02:21:54,879 INFO heard: how
2026-09-13 02:22:14,879 INFO heard: how
2026-09-13 02:22:35,131 INFO heard: how
2026-09-13 02:22:55,382 INFO heard: how
2026-09-13 02:23:00,883 INFO paused - mic closed
2026-09-13 02:55:55,454 INFO listening
2026-09-13 02:56:10,220 INFO heard: zeros
2026-09-13 02:56:10,220 INFO say: Yes, sir?
2026-09-13 02:56:18,312 INFO heard: tell me a joke
2026-09-13 02:56:18,312 INFO command: joke tell me a joke
2026-09-13 02:56:18,312 INFO say: Why do programmers prefer dark mode? Because light attracts bugs.
2026-09-13 02:57:04,064 INFO heard: how
2026-09-13 02:57:29,313 INFO heard: half
2026-09-13 02:57:49,313 INFO heard: how
2026-09-13 02:58:09,564 INFO heard: how
2026-09-13 02:58:29,814 INFO heard: how
2026-09-13 02:58:49,814 INFO heard: how
2026-09-13 02:59:10,065 INFO heard: how
2026-09-13 02:59:30,316 INFO heard: how
2026-09-13 02:59:50,319 INFO heard: how
2026-09-13 03:00:10,567 INFO heard: how
2026-09-13 03:00:30,817 INFO heard: how
2026-09-13 03:00:50,818 INFO heard: how
2026-09-13 03:01:11,070 INFO heard: how
2026-09-13 03:01:31,073 INFO heard: how
2026-09-13 03:01:51,319 INFO heard: how
2026-09-13 03:02:11,569 INFO heard: how
2026-09-13 03:02:31,569 INFO heard: how
2026-09-13 03:02:51,820 INFO heard: how
2026-09-13 03:03:12,071 INFO heard: how
2026-09-13 03:03:32,071 INFO heard: how
2026-09-13 03:03:52,321 INFO heard: how
2026-09-13 03:04:12,572 INFO heard: how
2026-09-13 03:04:32,572 INFO heard: how
2026-09-13 03:04:52,823 INFO heard: how
2026-09-13 03:05:13,076 INFO heard: how
2026-09-13 03:05:33,324 INFO heard: how
2026-09-13 03:05:48,325 INFO heard: half
2026-09-13 03:05:58,825 INFO heard: half
2026-09-13 03:06:24,325 INFO heard: how
2026-09-13 03:06:44,325 INFO heard: how
2026-09-13 03:07:04,575 INFO heard: how
2026-09-13 03:07:24,826 INFO heard: how
2026-09-13 03:07:44,827 INFO heard: how
2026-09-13 03:08:05,077 INFO heard: how
2026-09-13 03:08:25,327 INFO heard: how
2026-09-13 03:08:45,330 INFO heard: how
2026-09-13 03:09:05,578 INFO heard: how
2026-09-13 03:09:25,832 INFO heard: how
2026-09-13 03:09:46,080 INFO heard: how
2026-09-13 03:10:06,330 INFO heard: how
2026-09-13 03:10:26,330 INFO heard: how
2026-09-13 03:10:46,581 INFO heard: how
2026-09-13 03:11:06,832 INFO heard: how
2026-09-13 03:11:26,832 INFO heard: how
2026-09-13 03:11:47,082 INFO heard: how
2026-09-13 03:12:07,333 INFO heard: how
2026-09-13 03:12:21,584 INFO heard: what
2026-09-13 03:12:46,834 INFO heard: how
2026-09-13 03:13:07,085 INFO heard: how
2026-09-13 03:13:16,834 INFO heard: help
2026-09-13 03:13:28,085 INFO heard: half
2026-09-13 03:13:33,085 INFO heard: four
2026-09-13 03:13:49,334 INFO heard: what
2026-09-13 03:14:13,086 INFO heard: half
2026-09-13 03:14:28,086 INFO heard: six
2026-09-13 03:14:36,836 INFO heard: virus
2026-09-13 03:14:36,836 INFO say: Yes, sir?
2026-09-13 03:14:42,848 INFO paused - mic closed
2026-09-13 20:16:29,299 INFO say: Xyrus is online.
2026-09-13 20:16:29,935 INFO listening
2026-09-13 20:16:41,464 INFO paused - mic closed
2026-09-13 20:27:22,679 INFO heard: cyrus play alone
2026-09-13 20:27:22,679 INFO command: play song alone
2026-09-13 20:27:23,766 INFO say: Playing Alone by Alan Walker, sir.
2026-09-13 20:27:23,766 INFO heard: cyrus play
2026-09-13 20:27:23,766 INFO command: play play
2026-09-13 20:27:23,766 INFO heard: cyrus pause
2026-09-13 20:27:23,766 INFO command: play pause
2026-09-13 20:27:24,187 INFO heard: cyrus play eleven
2026-09-13 20:27:24,676 INFO heard (full vocabulary): cyrus play alone
2026-09-13 20:27:24,679 INFO command: play song alone
2026-09-13 20:27:25,566 INFO say: Playing alone, sir.
2026-09-13 20:27:25,822 INFO heard: cyrus play [unk]
2026-09-13 20:27:26,375 INFO heard (full vocabulary): cyrus play shape of you
2026-09-13 20:27:26,380 INFO command: play song shape of you
2026-09-13 20:27:27,395 INFO say: Playing Shape of You by Ed Sheeran, sir.
2026-09-13 20:27:27,671 INFO heard: cyrus play [unk]
2026-09-13 20:27:28,334 INFO heard (full vocabulary): cyrus play believer by imagine dragons
2026-09-13 20:27:28,339 INFO command: play song believer by imagine dragons
2026-09-13 20:27:29,337 INFO say: Playing Believer by Imagine Dragons, sir.
2026-09-13 20:27:29,604 INFO heard: cyrus play [unk]
2026-09-13 20:27:30,188 INFO heard (full vocabulary): cyrus play faded by alan walker
2026-09-13 20:27:30,192 INFO command: play song faded by alan walker
2026-09-13 20:27:31,090 INFO say: Playing Faded by Alan Walker, sir.
2026-09-13 20:27:31,350 INFO heard: cyrus play [unk]
2026-09-13 20:27:31,860 INFO heard (full vocabulary): cyrus play some music
2026-09-13 20:27:31,863 INFO say: What should I play, sir?
2026-09-13 20:27:31,864 INFO heard: how
2026-09-13 20:27:32,114 INFO heard: [unk]
2026-09-13 20:27:32,616 INFO heard (full vocabulary): blinding lights
2026-09-13 20:27:32,620 INFO command: play song blinding lights
2026-09-13 20:27:33,567 INFO say: Playing Blinding Lights by The Weeknd, sir.
2026-09-13 20:27:33,567 INFO heard: cyrus play music
2026-09-13 20:27:33,568 INFO say: What should I play, sir?
2026-09-13 20:27:33,568 INFO heard: cancel
2026-09-13 20:27:33,568 INFO say: Okay, sir.
2026-09-13 20:27:33,568 INFO heard: cyrus play alone
2026-09-13 20:27:33,568 INFO command: play song alone
2026-09-13 20:27:33,568 WARNING youtube lookup failed: no network
2026-09-13 20:27:33,568 INFO say: I couldn't reach YouTube, sir. Opening the search instead.
2026-09-13 20:29:13,246 INFO heard: cyrus play alone
2026-09-13 20:29:13,246 INFO command: play song alone
2026-09-13 20:29:14,204 INFO say: Playing Alone by Alan Walker, sir.
2026-09-13 20:29:14,213 INFO heard: cyrus play
2026-09-13 20:29:14,213 INFO command: play play
2026-09-13 20:29:14,213 INFO heard: cyrus pause
2026-09-13 20:29:14,213 INFO command: play pause
2026-09-13 20:29:14,465 INFO heard: cyrus play eleven
2026-09-13 20:29:14,954 INFO heard (full vocabulary): cyrus play alone
2026-09-13 20:29:14,957 INFO command: play song alone
2026-09-13 20:29:15,910 INFO say: Playing Alone by Alan Walker, sir.
2026-09-13 20:29:16,164 INFO heard: cyrus play [unk]
2026-09-13 20:29:16,716 INFO heard (full vocabulary): cyrus play shape of you
2026-09-13 20:29:16,720 INFO command: play song shape of you
2026-09-13 20:29:17,690 INFO say: Playing Shape of You by Ed Sheeran, sir.
2026-09-13 20:29:17,956 INFO heard: cyrus play [unk]
2026-09-13 20:29:18,583 INFO heard (full vocabulary): cyrus play believer by imagine dragons
2026-09-13 20:29:18,588 INFO command: play song believer by imagine dragons
2026-09-13 20:29:19,576 INFO say: Playing Believer by Imagine Dragons, sir.
2026-09-13 20:29:19,837 INFO heard: cyrus play [unk]
2026-09-13 20:29:20,432 INFO heard (full vocabulary): cyrus play faded by alan walker
2026-09-13 20:29:20,438 INFO command: play song faded by alan walker
2026-09-13 20:29:21,327 INFO say: Playing Faded by Alan Walker, sir.
2026-09-13 20:29:21,577 INFO heard: cyrus play [unk]
2026-09-13 20:29:22,078 INFO heard (full vocabulary): cyrus play some music
2026-09-13 20:29:22,081 INFO say: What should I play, sir?
2026-09-13 20:29:22,081 INFO heard: how
2026-09-13 20:29:22,320 INFO heard: [unk]
2026-09-13 20:29:22,814 INFO heard (full vocabulary): blinding lights
2026-09-13 20:29:22,816 INFO command: play song blinding lights
2026-09-13 20:29:23,882 INFO say: Playing Blinding Lights by The Weeknd, sir.
2026-09-13 20:29:23,882 INFO heard: cyrus play music
2026-09-13 20:29:23,882 INFO say: What should I play, sir?
2026-09-13 20:29:23,882 INFO heard: cancel
2026-09-13 20:29:23,882 INFO say: Okay, sir.
2026-09-13 20:29:23,882 INFO heard: cyrus play alone
2026-09-13 20:29:23,882 INFO command: play song alone
2026-09-13 20:29:23,882 WARNING youtube lookup failed: no network
2026-09-13 20:29:23,883 INFO say: I couldn't reach YouTube, sir. Opening the search instead.
2026-09-13 20:29:45,690 INFO say: Xyrus is online.
2026-09-13 20:29:46,024 INFO listening
2026-09-13 20:30:08,661 INFO heard: how
2026-09-13 20:30:16,413 INFO paused - mic closed
2026-09-13 20:30:54,041 INFO heard: cyrus play alone
2026-09-13 20:30:54,041 INFO command: play song alone
2026-09-13 20:30:55,079 INFO say: Playing Alone by Alan Walker, sir.
2026-09-13 20:30:55,079 INFO heard: cyrus play
2026-09-13 20:30:55,079 INFO command: play play
2026-09-13 20:30:55,079 INFO heard: cyrus pause
2026-09-13 20:30:55,079 INFO command: play pause
2026-09-13 20:30:55,349 INFO heard: cyrus play eleven
2026-09-13 20:30:55,890 INFO heard (full vocabulary): cyrus play alone
2026-09-13 20:30:55,894 INFO command: play song alone
2026-09-13 20:30:56,905 INFO say: Playing Alone by Alan Walker, sir.
2026-09-13 20:30:57,156 INFO heard: cyrus play [unk]
2026-09-13 20:30:57,709 INFO heard (full vocabulary): cyrus play shape of you
2026-09-13 20:30:57,713 INFO command: play song shape of you
2026-09-13 20:30:58,718 INFO say: Playing Shape of You by Ed Sheeran, sir.
2026-09-13 20:30:59,000 INFO heard: cyrus play [unk]
2026-09-13 20:30:59,636 INFO heard (full vocabulary): cyrus play believer by imagine dragons
2026-09-13 20:30:59,641 INFO command: play song believer by imagine dragons
2026-09-13 20:31:00,544 INFO say: Playing Believer by Imagine Dragons, sir.
2026-09-13 20:31:00,801 INFO heard: cyrus play [unk]
2026-09-13 20:31:01,388 INFO heard (full vocabulary): cyrus play faded by alan walker
2026-09-13 20:31:01,392 INFO command: play song faded by alan walker
2026-09-13 20:31:02,489 INFO say: Playing Faded by Alan Walker, sir.
2026-09-13 20:31:02,744 INFO heard: cyrus play [unk]
2026-09-13 20:31:03,281 INFO heard (full vocabulary): cyrus play some music
2026-09-13 20:31:03,284 INFO say: What should I play, sir?
2026-09-13 20:31:03,284 INFO heard: how
2026-09-13 20:31:03,529 INFO heard: [unk]
2026-09-13 20:31:04,034 INFO heard (full vocabulary): blinding lights
2026-09-13 20:31:04,038 INFO command: play song blinding lights
2026-09-13 20:31:05,142 INFO say: Playing Blinding Lights by The Weeknd, sir.
2026-09-13 20:31:05,142 INFO heard: cyrus play music
2026-09-13 20:31:05,142 INFO say: What should I play, sir?
2026-09-13 20:31:05,142 INFO heard: cancel
2026-09-13 20:31:05,142 INFO say: Okay, sir.
2026-09-13 20:31:05,142 INFO heard: cyrus play alone
2026-09-13 20:31:05,142 INFO command: play song alone
2026-09-13 20:31:05,142 WARNING youtube lookup failed: no network
2026-09-13 20:31:05,143 INFO say: I couldn't reach YouTube, sir. Opening the search instead.
2026-09-13 20:31:05,608 INFO listening
2026-09-13 20:31:05,665 INFO heard: cyrus play launch
2026-09-13 20:31:06,140 INFO heard (full vocabulary): cyrus play alone
2026-09-13 20:31:06,143 INFO command: play song alone
2026-09-13 20:31:07,223 INFO say: Playing Alone by Alan Walker, sir.
2026-09-13 21:12:44,349 INFO heard: cyrus play alone
2026-09-13 21:12:44,349 INFO command: play song alone
2026-09-13 21:12:45,336 INFO say: Playing Alone by Alan Walker, sir.
2026-09-13 21:12:45,336 INFO heard: cyrus play
2026-09-13 21:12:45,336 INFO command: play play
2026-09-13 21:12:45,336 INFO heard: cyrus pause
2026-09-13 21:12:45,336 INFO command: play pause
2026-09-13 21:12:45,723 INFO heard: cyrus play eleven
2026-09-13 21:12:46,210 INFO heard (full vocabulary): cyrus play alone
2026-09-13 21:12:46,214 INFO command: play song alone
2026-09-13 21:12:47,007 INFO say: Playing Alone by Alan Walker, sir.
2026-09-13 21:12:47,262 INFO heard: cyrus play show of you
2026-09-13 21:12:47,811 INFO heard (full vocabulary): cyrus play shape of you
2026-09-13 21:12:47,814 INFO command: play song shape of you
2026-09-13 21:12:48,766 INFO say: Playing Shape of You by Ed Sheeran, sir.
2026-09-13 21:12:49,043 INFO heard: cyrus play [unk]
2026-09-13 21:12:49,670 INFO heard (full vocabulary): cyrus play believer by imagine dragons
2026-09-13 21:12:49,675 INFO command: play song believer by imagine dragons
2026-09-13 21:12:50,496 INFO say: Playing Believer by Imagine Dragons, sir.
2026-09-13 21:12:50,762 INFO heard: cyrus play [unk]
2026-09-13 21:12:51,344 INFO heard (full vocabulary): cyrus play faded by alan walker
2026-09-13 21:12:51,349 INFO command: play song faded by alan walker
2026-09-13 21:12:52,188 INFO say: Playing Faded by Alan Walker, sir.
2026-09-13 21:12:52,444 INFO heard: cyrus play [unk]
2026-09-13 21:12:52,934 INFO heard (full vocabulary): cyrus play some music
2026-09-13 21:12:52,937 INFO say: What should I play, sir?
2026-09-13 21:12:52,937 INFO heard: how
2026-09-13 21:12:53,190 INFO heard: [unk]
2026-09-13 21:12:53,689 INFO heard (full vocabulary): blinding lights
2026-09-13 21:12:53,692 INFO command: play song blinding lights
2026-09-13 21:12:54,649 INFO say: Playing Blinding Lights by The Weeknd, sir.
2026-09-13 21:12:54,649 INFO heard: cyrus play music
2026-09-13 21:12:54,649 INFO say: What should I play, sir?
2026-09-13 21:12:54,649 INFO heard: cancel
2026-09-13 21:12:54,649 INFO say: Okay, sir.
2026-09-13 21:12:54,649 INFO heard: cyrus play alone
2026-09-13 21:12:54,649 INFO command: play song alone
2026-09-13 21:12:54,649 WARNING youtube lookup failed: no network
2026-09-13 21:12:54,649 INFO say: I couldn't reach YouTube, sir. Opening the search instead.
2026-09-13 21:12:55,109 INFO listening
2026-09-13 21:12:55,166 INFO heard: cyrus play [unk]
2026-09-13 21:12:55,644 INFO heard (full vocabulary): cyrus play alone
2026-09-13 21:12:55,646 INFO command: play song alone
2026-09-13 21:12:56,668 INFO say: Playing Alone by Alan Walker, sir.
2026-09-13 21:13:19,147 INFO heard: cyrus add buy milk to my to do list
2026-09-13 21:13:19,147 INFO command: calendar add
2026-09-13 21:13:19,148 INFO say: Added to your to-do list for today, sir: Buy milk.
2026-09-13 21:13:19,148 INFO heard: cyrus add call the bank to my to do list tomorrow
2026-09-13 21:13:19,148 INFO command: calendar add
2026-09-13 21:13:19,149 INFO say: Added to your to-do list for tomorrow, sir: Call the bank.
2026-09-13 21:13:19,149 INFO heard: cyrus remind me to call mom at five
2026-09-13 21:13:19,149 INFO command: calendar add
2026-09-13 21:13:19,150 INFO say: I'll remind you today at 5 pm: Call mom.
2026-09-13 21:13:19,150 INFO heard: cyrus add dentist appointment on friday at three pm
2026-09-13 21:13:19,150 INFO command: calendar add
2026-09-13 21:13:19,151 INFO say: Added to your calendar: Dentist appointment, Friday at 3 pm. I'll remind you ten minutes before.
2026-09-13 21:13:19,151 INFO heard: cyrus schedule gym every monday at six pm
2026-09-13 21:13:19,151 INFO command: calendar add
2026-09-13 21:13:19,151 INFO say: Added to your calendar: Gym, Monday at 6 pm every Monday. I'll remind you ten minutes before.
2026-09-13 21:13:19,152 INFO heard: cyrus add a note for friday that the rent is due
2026-09-13 21:13:19,152 INFO command: calendar add
2026-09-13 21:13:19,153 INFO say: Noted for Friday: The rent is due.
2026-09-13 21:13:19,153 INFO heard: cyrus what do i have today
2026-09-13 21:13:19,153 INFO command: calendar query
2026-09-13 21:13:19,153 INFO say: Today you have 2 to-dos, sir: Buy milk and Call mom at 5 pm.
2026-09-13 21:13:19,153 INFO heard: cyrus what do i have in the next three days
2026-09-13 21:13:19,153 INFO command: calendar query
2026-09-13 21:13:19,153 INFO say: In the next 3 days you have 1 event and 3 to-dos, sir. Today: Buy milk and Call mom at 5 pm. Tomorrow: Call the bank. Friday: Dentist appointment at 3 pm. Plus 1 note.
2026-09-13 21:13:19,153 INFO heard: cyrus what do i have this week
2026-09-13 21:13:19,153 INFO command: calendar query
2026-09-13 21:13:19,153 INFO say: This week you have 1 event and 3 to-dos, sir. Today: Buy milk and Call mom at 5 pm. Tomorrow: Call the bank. Friday: Dentist appointment at 3 pm. Plus 1 note.
2026-09-13 21:13:19,153 INFO heard: cyrus what's next
2026-09-13 21:13:19,153 INFO command: calendar next
2026-09-13 21:13:19,153 INFO say: Next up: Call mom at 5 pm, today.
2026-09-13 21:13:19,153 INFO heard: cyrus read my to do list
2026-09-13 21:13:19,153 INFO command: calendar todos
2026-09-13 21:13:19,153 INFO say: You have 3 to-dos, sir. Today: Buy milk and Call mom at 5 pm. Later: Call the bank tomorrow.
2026-09-13 21:13:19,153 INFO heard: cyrus mark buy milk as done
2026-09-13 21:13:19,153 INFO command: calendar done
2026-09-13 21:13:19,154 INFO say: Done: Buy milk. Nice work, sir.
2026-09-13 21:13:19,154 INFO heard: cyrus delete the dentist appointment
2026-09-13 21:13:19,154 INFO command: calendar delete
2026-09-13 21:13:19,155 INFO say: Deleted Dentist appointment, Friday.
2026-09-13 21:13:19,155 INFO heard: cyrus undo
2026-09-13 21:13:19,155 INFO command: calendar undo
2026-09-13 21:13:19,156 INFO say: Removed: The rent is due.
2026-09-13 21:13:19,156 INFO heard: cyrus next
2026-09-13 21:13:19,156 INFO command: next next
2026-09-13 21:13:19,158 INFO say: Sir, reminder: Call mom at 5 pm.
2026-09-13 21:13:19,160 INFO say: Good morning, sir. Today you have 1 to-do: Water the plants.
2026-09-13 21:13:19,669 INFO heard: cyrus add [unk] to my to do list
2026-09-13 21:13:19,670 INFO command: calendar add
2026-09-13 21:13:20,313 INFO heard (full vocabulary): cyrus ad buy eggs to my to do list
2026-09-13 21:13:20,319 INFO say: Added to your to-do list for today, sir: Ad buy eggs.
2026-09-13 21:13:20,635 INFO heard: cyrus remind meeting [unk] tomorrow add five
2026-09-13 21:13:20,635 INFO command: calendar add
2026-09-13 21:13:21,326 INFO heard (full vocabulary): cyrus remind me to call the doctor tomorrow at five
2026-09-13 21:13:21,333 INFO say: I'll remind you tomorrow at 5 pm: Call the doctor.
2026-09-13 21:13:21,619 INFO heard: cyrus what do i have this week
2026-09-13 21:13:21,619 INFO command: calendar query
2026-09-13 21:13:21,619 INFO say: This week you have 2 to-dos, sir. Today: Ad buy eggs. Tomorrow: Call the doctor at 5 pm.
2026-09-13 21:13:21,899 INFO heard: cyrus what do i have in the next three days
2026-09-13 21:13:21,899 INFO command: calendar query
2026-09-13 21:13:21,899 INFO say: In the next 3 days you have 2 to-dos, sir. Today: Ad buy eggs. Tomorrow: Call the doctor at 5 pm.
2026-09-13 21:13:22,178 INFO heard: cyrus mark [unk] as done
2026-09-13 21:13:22,178 INFO command: calendar done
2026-09-13 21:13:22,756 INFO heard (full vocabulary): cyrus marked by eggs is done
2026-09-13 21:13:22,761 INFO say: Done: Ad buy eggs. Nice work, sir.
2026-09-13 21:14:03,319 INFO heard: cyrus add buy milk to my to do list
2026-09-13 21:14:03,319 INFO command: calendar add
2026-09-13 21:14:03,320 INFO say: Added to your to-do list for today, sir: Buy milk.
2026-09-13 21:14:03,320 INFO heard: cyrus add call the bank to my to do list tomorrow
2026-09-13 21:14:03,320 INFO command: calendar add
2026-09-13 21:14:03,321 INFO say: Added to your to-do list for tomorrow, sir: Call the bank.
2026-09-13 21:14:03,321 INFO heard: cyrus remind me to call mom at five
2026-09-13 21:14:03,321 INFO command: calendar add
2026-09-13 21:14:03,322 INFO say: I'll remind you today at 5 pm: Call mom.
2026-09-13 21:14:03,322 INFO heard: cyrus add dentist appointment on friday at three pm
2026-09-13 21:14:03,322 INFO command: calendar add
2026-09-13 21:14:03,323 INFO say: Added to your calendar: Dentist appointment, Friday at 3 pm. I'll remind you ten minutes before.
2026-09-13 21:14:03,323 INFO heard: cyrus schedule gym every monday at six pm
2026-09-13 21:14:03,323 INFO command: calendar add
2026-09-13 21:14:03,324 INFO say: Added to your calendar: Gym, Monday at 6 pm every Monday. I'll remind you ten minutes before.
2026-09-13 21:14:03,324 INFO heard: cyrus add a note for friday that the rent is due
2026-09-13 21:14:03,324 INFO command: calendar add
2026-09-13 21:14:03,325 INFO say: Noted for Friday: The rent is due.
2026-09-13 21:14:03,325 INFO heard: cyrus what do i have today
2026-09-13 21:14:03,325 INFO command: calendar query
2026-09-13 21:14:03,325 INFO say: Today you have 2 to-dos, sir: Buy milk and Call mom at 5 pm.
2026-09-13 21:14:03,325 INFO heard: cyrus what do i have in the next three days
2026-09-13 21:14:03,325 INFO command: calendar query
2026-09-13 21:14:03,325 INFO say: In the next 3 days you have 1 event and 3 to-dos, sir. Today: Buy milk and Call mom at 5 pm. Tomorrow: Call the bank. Friday: Dentist appointment at 3 pm. Plus 1 note.
2026-09-13 21:14:03,325 INFO heard: cyrus what do i have this week
2026-09-13 21:14:03,325 INFO command: calendar query
2026-09-13 21:14:03,325 INFO say: This week you have 1 event and 3 to-dos, sir. Today: Buy milk and Call mom at 5 pm. Tomorrow: Call the bank. Friday: Dentist appointment at 3 pm. Plus 1 note.
2026-09-13 21:14:03,325 INFO heard: cyrus what's next
2026-09-13 21:14:03,325 INFO command: calendar next
2026-09-13 21:14:03,325 INFO say: Next up: Call mom at 5 pm, today.
2026-09-13 21:14:03,325 INFO heard: cyrus read my to do list
2026-09-13 21:14:03,325 INFO command: calendar todos
2026-09-13 21:14:03,325 INFO say: You have 3 to-dos, sir. Today: Buy milk and Call mom at 5 pm. Later: Call the bank tomorrow.
2026-09-13 21:14:03,325 INFO heard: cyrus mark buy milk as done
2026-09-13 21:14:03,325 INFO command: calendar done
2026-09-13 21:14:03,326 INFO say: Done: Buy milk. Nice work, sir.
2026-09-13 21:14:03,326 INFO heard: cyrus delete the dentist appointment
2026-09-13 21:14:03,326 INFO command: calendar delete
2026-09-13 21:14:03,327 INFO say: Deleted Dentist appointment, Friday.
2026-09-13 21:14:03,327 INFO heard: cyrus undo
2026-09-13 21:14:03,327 INFO command: calendar undo
2026-09-13 21:14:03,328 INFO say: Removed: The rent is due.
2026-09-13 21:14:03,328 INFO heard: cyrus next
2026-09-13 21:14:03,328 INFO command: next next
2026-09-13 21:14:03,330 INFO say: Sir, reminder: Call mom at 5 pm.
2026-09-13 21:14:03,331 INFO say: Good morning, sir. Today you have 1 to-do: Water the plants.
2026-09-13 21:14:03,814 INFO heard: cyrus add [unk] to my to do list
2026-09-13 21:14:03,814 INFO command: calendar add
2026-09-13 21:14:04,436 INFO heard (full vocabulary): cyrus ad buy eggs to my to do list
2026-09-13 21:14:04,441 INFO say: Added to your to-do list for today, sir: Buy eggs.
2026-09-13 21:14:04,721 INFO heard: cyrus remind meeting [unk] tomorrow add five
2026-09-13 21:14:04,721 INFO command: calendar add
2026-09-13 21:14:05,378 INFO heard (full vocabulary): cyrus remind me to call the doctor tomorrow at five
2026-09-13 21:14:05,384 INFO say: I'll remind you tomorrow at 5 pm: Call the doctor.
2026-09-13 21:14:05,647 INFO heard: cyrus what do i have this week
2026-09-13 21:14:05,647 INFO command: calendar query
2026-09-13 21:14:05,647 INFO say: This week you have 2 to-dos, sir. Today: Buy eggs. Tomorrow: Call the doctor at 5 pm.
2026-09-13 21:14:05,923 INFO heard: cyrus what do i have in the next three days
2026-09-13 21:14:05,923 INFO command: calendar query
2026-09-13 21:14:05,923 INFO say: In the next 3 days you have 2 to-dos, sir. Today: Buy eggs. Tomorrow: Call the doctor at 5 pm.
2026-09-13 21:14:06,185 INFO heard: cyrus mark [unk] as done
2026-09-13 21:14:06,185 INFO command: calendar done
2026-09-13 21:14:06,746 INFO heard (full vocabulary): cyrus marked by eggs is done
2026-09-13 21:14:06,751 INFO say: Done: Buy eggs. Nice work, sir.
2026-09-13 21:14:07,601 INFO heard: cyrus play alone
2026-09-13 21:14:07,601 INFO command: play song alone
2026-09-13 21:14:08,428 INFO say: Playing Alone by Alan Walker, sir.
2026-09-13 21:14:08,428 INFO heard: cyrus play
2026-09-13 21:14:08,428 INFO command: play play
2026-09-13 21:14:08,429 INFO heard: cyrus pause
2026-09-13 21:14:08,429 INFO command: play pause
2026-09-13 21:14:08,697 INFO heard: cyrus play eleven
2026-09-13 21:14:09,210 INFO heard (full vocabulary): cyrus play alone
2026-09-13 21:14:09,214 INFO command: play song alone
2026-09-13 21:14:10,130 INFO say: Playing Alone by Alan Walker, sir.
2026-09-13 21:14:10,386 INFO heard: cyrus play show of you
2026-09-13 21:14:10,934 INFO heard (full vocabulary): cyrus play shape of you
2026-09-13 21:14:10,938 INFO command: play song shape of you
2026-09-13 21:14:11,860 INFO say: Playing Shape of You by Ed Sheeran, sir.
2026-09-13 21:14:12,129 INFO heard: cyrus play [unk]
2026-09-13 21:14:12,746 INFO heard (full vocabulary): cyrus play believer by imagine dragons
2026-09-13 21:14:12,750 INFO command: play song believer by imagine dragons
2026-09-13 21:14:13,646 INFO say: Playing Believer by Imagine Dragons, sir.
2026-09-13 21:14:13,941 INFO heard: cyrus play [unk]
2026-09-13 21:14:14,533 INFO heard (full vocabulary): cyrus play faded by alan walker
2026-09-13 21:14:14,538 INFO command: play song faded by alan walker
2026-09-13 21:14:15,613 INFO say: Playing Faded by Alan Walker, sir.
2026-09-13 21:14:15,874 INFO heard: cyrus play [unk]
2026-09-13 21:14:16,374 INFO heard (full vocabulary): cyrus play some music
2026-09-13 21:14:16,377 INFO say: What should I play, sir?
2026-09-13 21:14:16,377 INFO heard: how
2026-09-13 21:14:16,621 INFO heard: [unk]
2026-09-13 21:14:17,129 INFO heard (full vocabulary): blinding lights
2026-09-13 21:14:17,133 INFO command: play song blinding lights
2026-09-13 21:14:18,126 INFO say: Playing Blinding Lights by The Weeknd, sir.
2026-09-13 21:14:18,126 INFO heard: cyrus play music
2026-09-13 21:14:18,126 INFO say: What should I play, sir?
2026-09-13 21:14:18,126 INFO heard: cancel
2026-09-13 21:14:18,126 INFO say: Okay, sir.
2026-09-13 21:14:18,126 INFO heard: cyrus play alone
2026-09-13 21:14:18,126 INFO command: play song alone
2026-09-13 21:14:18,126 WARNING youtube lookup failed: no network
2026-09-13 21:14:18,126 INFO say: I couldn't reach YouTube, sir. Opening the search instead.
2026-09-13 21:14:18,585 INFO listening
2026-09-13 21:14:18,642 INFO heard: cyrus play [unk]
2026-09-13 21:14:19,120 INFO heard (full vocabulary): cyrus play alone
2026-09-13 21:14:19,122 INFO command: play song alone
2026-09-13 21:14:20,199 INFO say: Playing Alone by Alan Walker, sir.
2026-09-13 21:33:16,984 INFO heard: cyrus add buy milk to my to do list
2026-09-13 21:33:16,984 INFO command: calendar add
2026-09-13 21:33:16,984 INFO say: Added to your to-do list for today, sir: Buy milk.
2026-09-13 21:33:16,984 INFO heard: cyrus add call the bank to my to do list tomorrow
2026-09-13 21:33:16,985 INFO command: calendar add
2026-09-13 21:33:16,985 INFO say: Added to your to-do list for tomorrow, sir: Call the bank.
2026-09-13 21:33:16,985 INFO heard: cyrus remind me to call mom at five
2026-09-13 21:33:16,985 INFO command: calendar add
2026-09-13 21:33:16,986 INFO say: I'll remind you today at 5 pm: Call mom.
2026-09-13 21:33:16,986 INFO heard: cyrus add dentist appointment on friday at three pm
2026-09-13 21:33:16,986 INFO command: calendar add
2026-09-13 21:33:16,987 INFO say: Added to your calendar: Dentist appointment, Friday at 3 pm. I'll remind you ten minutes before.
2026-09-13 21:33:16,987 INFO heard: cyrus schedule gym every monday at six pm
2026-09-13 21:33:16,987 INFO command: calendar add
2026-09-13 21:33:16,987 INFO say: Added to your calendar: Gym, Monday at 6 pm every Monday. I'll remind you ten minutes before.
2026-09-13 21:33:16,988 INFO heard: cyrus add a note for friday that the rent is due
2026-09-13 21:33:16,988 INFO command: calendar add
2026-09-13 21:33:16,988 INFO say: Noted for Friday: The rent is due.
2026-09-13 21:33:16,988 INFO heard: cyrus what do i have today
2026-09-13 21:33:16,988 INFO command: calendar query
2026-09-13 21:33:16,988 INFO say: Today you have 2 to-dos, sir: Buy milk and Call mom at 5 pm.
2026-09-13 21:33:16,988 INFO heard: cyrus what do i have in the next three days
2026-09-13 21:33:16,988 INFO command: calendar query
2026-09-13 21:33:16,988 INFO say: In the next 3 days you have 1 event and 3 to-dos, sir. Today: Buy milk and Call mom at 5 pm. Tomorrow: Call the bank. Friday: Dentist appointment at 3 pm. Plus 1 note.
2026-09-13 21:33:16,988 INFO heard: cyrus what do i have this week
2026-09-13 21:33:16,989 INFO command: calendar query
2026-09-13 21:33:16,989 INFO say: This week you have 1 event and 3 to-dos, sir. Today: Buy milk and Call mom at 5 pm. Tomorrow: Call the bank. Friday: Dentist appointment at 3 pm. Plus 1 note.
2026-09-13 21:33:16,989 INFO heard: cyrus what's next
2026-09-13 21:33:16,989 INFO command: calendar next
2026-09-13 21:33:16,989 INFO say: Next up: Call mom at 5 pm, today.
2026-09-13 21:33:16,989 INFO heard: cyrus read my to do list
2026-09-13 21:33:16,989 INFO command: calendar todos
2026-09-13 21:33:16,989 INFO say: You have 3 to-dos, sir. Today: Buy milk and Call mom at 5 pm. Later: Call the bank tomorrow.
2026-09-13 21:33:16,989 INFO heard: cyrus mark buy milk as done
2026-09-13 21:33:16,989 INFO command: calendar done
2026-09-13 21:33:16,989 INFO say: Done: Buy milk. Nice work, sir.
2026-09-13 21:33:16,989 INFO heard: cyrus delete the dentist appointment
2026-09-13 21:33:16,990 INFO command: calendar delete
2026-09-13 21:33:16,990 INFO say: Deleted Dentist appointment, Friday.
2026-09-13 21:33:16,990 INFO heard: cyrus undo
2026-09-13 21:33:16,990 INFO command: calendar undo
2026-09-13 21:33:16,991 INFO say: Removed: The rent is due.
2026-09-13 21:33:16,991 INFO heard: cyrus next
2026-09-13 21:33:16,991 INFO command: next next
2026-09-13 21:33:16,993 INFO say: Sir, reminder: Call mom at 5 pm.
2026-09-13 21:33:16,994 INFO say: Good morning, sir. Today you have 1 to-do: Water the plants.
2026-09-13 21:33:17,547 INFO heard: cyrus add [unk] to my to do list
2026-09-13 21:33:17,547 INFO command: calendar add
2026-09-13 21:33:18,197 INFO heard (full vocabulary): cyrus ad buy eggs to my to do list
2026-09-13 21:33:18,204 INFO say: Added to your to-do list for today, sir: Buy eggs.
2026-09-13 21:33:18,509 INFO heard: cyrus remind meeting [unk] tomorrow add five
2026-09-13 21:33:18,509 INFO command: calendar add
2026-09-13 21:33:19,269 INFO heard (full vocabulary): cyrus remind me to call the doctor tomorrow at five
2026-09-13 21:33:19,275 INFO say: I'll remind you tomorrow at 5 pm: Call the doctor.
2026-09-13 21:33:19,552 INFO heard: cyrus what do i have this week
2026-09-13 21:33:19,552 INFO command: calendar query
2026-09-13 21:33:19,553 INFO say: This week you have 2 to-dos, sir. Today: Buy eggs. Tomorrow: Call the doctor at 5 pm.
2026-09-13 21:33:19,848 INFO heard: cyrus what do i have in the next three days
2026-09-13 21:33:19,848 INFO command: calendar query
2026-09-13 21:33:19,848 INFO say: In the next 3 days you have 2 to-dos, sir. Today: Buy eggs. Tomorrow: Call the doctor at 5 pm.
2026-09-13 21:33:20,130 INFO heard: cyrus mark [unk] as done
2026-09-13 21:33:20,130 INFO command: calendar done
2026-09-13 21:33:20,711 INFO heard (full vocabulary): cyrus marked by eggs is done
2026-09-13 21:33:20,716 INFO say: Done: Buy eggs. Nice work, sir.
2026-09-13 21:33:21,571 INFO heard: cyrus play alone
2026-09-13 21:33:21,571 INFO command: play song alone
2026-09-13 21:33:22,202 INFO say: Playing Alone by Alan Walker, sir.
2026-09-13 21:33:22,203 INFO heard: cyrus play
2026-09-13 21:33:22,203 INFO command: play play
2026-09-13 21:33:22,203 INFO heard: cyrus pause
2026-09-13 21:33:22,203 INFO command: play pause
2026-09-13 21:33:22,481 INFO heard: cyrus play eleven
2026-09-13 21:33:22,983 INFO heard (full vocabulary): cyrus play alone
2026-09-13 21:33:22,988 INFO command: play song alone
2026-09-13 21:33:23,809 INFO say: Playing Alone by Alan Walker, sir.
2026-09-13 21:33:24,095 INFO heard: cyrus play show of you
2026-09-13 21:33:24,658 INFO heard (full vocabulary): cyrus play shape of you
2026-09-13 21:33:24,662 INFO command: play song shape of you
2026-09-13 21:33:25,502 INFO say: Playing Shape of You by Ed Sheeran, sir.
2026-09-13 21:33:25,779 INFO heard: cyrus play [unk]
2026-09-13 21:33:26,428 INFO heard (full vocabulary): cyrus play believer by imagine dragons
2026-09-13 21:33:26,432 INFO command: play song believer by imagine dragons
2026-09-13 21:33:27,340 INFO say: Playing Believer by Imagine Dragons, sir.
2026-09-13 21:33:27,620 INFO heard: cyrus play [unk]
2026-09-13 21:33:28,225 INFO heard (full vocabulary): cyrus play faded by alan walker
2026-09-13 21:33:28,230 INFO command: play song faded by alan walker
2026-09-13 21:33:29,116 INFO say: Playing Faded by Alan Walker, sir.
2026-09-13 21:33:29,377 INFO heard: cyrus play [unk]
2026-09-13 21:33:29,869 INFO heard (full vocabulary): cyrus play some music
2026-09-13 21:33:29,872 INFO say: What should I play, sir?
2026-09-13 21:33:29,872 INFO heard: how
2026-09-13 21:33:30,126 INFO heard: [unk]
2026-09-13 21:33:30,624 INFO heard (full vocabulary): blinding lights
2026-09-13 21:33:30,627 INFO command: play song blinding lights
2026-09-13 21:33:31,515 INFO say: Playing Blinding Lights by The Weeknd, sir.
2026-09-13 21:33:31,515 INFO heard: cyrus play music
2026-09-13 21:33:31,515 INFO say: What should I play, sir?
2026-09-13 21:33:31,515 INFO heard: cancel
2026-09-13 21:33:31,515 INFO say: Okay, sir.
2026-09-13 21:33:31,515 INFO heard: cyrus play alone
2026-09-13 21:33:31,515 INFO command: play song alone
2026-09-13 21:33:31,515 WARNING youtube lookup failed: no network
2026-09-13 21:33:31,515 INFO say: I couldn't reach YouTube, sir. Opening the search instead.
2026-09-13 21:33:31,983 INFO listening
2026-09-13 21:33:32,050 INFO heard: cyrus play [unk]
2026-09-13 21:33:32,532 INFO heard (full vocabulary): cyrus play alone
2026-09-13 21:33:32,535 INFO command: play song alone
2026-09-13 21:33:33,403 INFO say: Playing Alone by Alan Walker, sir.
2026-09-13 21:34:46,513 INFO say: Xyrus is online.
2026-09-13 21:34:46,903 INFO listening
2026-09-13 21:35:14,430 INFO heard: how
2026-09-13 21:35:34,681 INFO heard: how
2026-09-13 21:35:54,681 INFO heard: how
2026-09-13 21:36:14,933 INFO heard: how
2026-09-13 21:36:34,933 INFO heard: how
2026-09-13 21:36:55,181 INFO heard: how
2026-09-13 21:37:15,432 INFO heard: how
2026-09-13 21:37:35,432 INFO heard: how
2026-09-13 21:37:55,683 INFO heard: how
2026-09-13 21:38:15,935 INFO heard: how
2026-09-13 21:38:35,934 INFO heard: how
2026-09-13 21:39:01,184 INFO heard: how
2026-09-13 21:39:21,434 INFO heard: how
2026-09-13 21:39:41,434 INFO heard: how
2026-09-13 21:40:01,688 INFO heard: how
2026-09-13 21:40:21,937 INFO heard: how
2026-09-13 21:40:41,935 INFO heard: how
2026-09-13 21:41:02,185 INFO heard: how
2026-09-13 21:41:22,436 INFO heard: how
2026-09-13 21:41:42,436 INFO heard: how
2026-09-13 21:42:02,686 INFO heard: how
2026-09-13 21:42:22,943 INFO heard: how
2026-09-13 21:42:43,187 INFO heard: how
2026-09-13 21:43:03,438 INFO heard: how
2026-09-13 21:43:23,440 INFO heard: how
2026-09-13 21:43:43,688 INFO heard: how
2026-09-13 21:44:09,939 INFO heard: how
2026-09-13 21:44:29,938 INFO heard: how
2026-09-13 21:44:50,193 INFO heard: how
2026-09-13 21:45:15,692 INFO heard: how
2026-09-13 21:45:35,940 INFO heard: how
2026-09-13 21:45:55,940 INFO heard: how
2026-09-13 21:46:16,192 INFO heard: how
2026-09-13 21:46:36,194 INFO heard: how
2026-09-13 21:46:56,442 INFO heard: how
2026-09-13 21:47:16,192 INFO heard: what
2026-09-13 21:47:36,194 INFO heard: how
2026-09-13 21:47:56,441 INFO heard: how
2026-09-13 21:48:16,692 INFO heard: how
2026-09-13 21:48:36,692 INFO heard: how
2026-09-13 21:48:56,942 INFO heard: how
2026-09-13 21:49:14,192 INFO heard: how cyrus
2026-09-13 21:49:14,192 INFO say: I'm listening, sir.
2026-09-13 21:49:17,943 INFO heard: play
2026-09-13 21:49:17,943 INFO command: play play
2026-09-13 21:49:19,192 INFO heard: march
2026-09-13 21:49:29,193 INFO heard: how cyrus
2026-09-13 21:49:29,193 INFO say: At your service, sir.
2026-09-13 21:49:34,193 INFO heard: play hour my march
2026-09-13 21:49:34,797 INFO heard (full vocabulary): way by marshmallow
2026-09-13 21:49:34,801 INFO command: play song way by marshmallow
2026-09-13 21:49:35,654 INFO say: Playing Alone by Marshmello, sir.
2026-09-13 21:49:59,194 INFO heard: half
2026-09-13 21:50:19,444 INFO heard: how
2026-09-13 21:50:24,943 INFO heard: start play
2026-09-13 21:50:44,945 INFO heard: how
2026-09-13 21:51:05,195 INFO heard: how
2026-09-13 21:51:25,445 INFO heard: how
2026-09-13 21:51:45,445 INFO heard: how
2026-09-13 21:52:01,196 INFO heard: how cyrus
2026-09-13 21:52:01,196 INFO say: At your service, sir.
2026-09-13 21:52:04,948 INFO heard: the song
2026-09-13 21:52:10,694 INFO heard: cyrus
2026-09-13 21:52:10,694 INFO say: I'm listening, sir.
2026-09-13 21:53:02,696 INFO heard: how
2026-09-13 21:53:22,949 INFO heard: how
2026-09-13 21:53:43,200 INFO heard: how
2026-09-13 21:54:03,449 INFO heard: how
2026-09-13 21:54:23,698 INFO heard: how
2026-09-13 21:54:43,698 INFO heard: how
2026-09-13 21:55:00,699 INFO heard: half
2026-09-13 21:55:20,699 INFO heard: help
2026-09-13 21:55:47,619 INFO heard: cyrus play alone
2026-09-13 21:55:47,620 INFO command: play song alone
2026-09-13 21:55:48,447 INFO say: Playing Alone by Alan Walker, sir.
2026-09-13 21:55:48,447 INFO playback: autoplay
2026-09-13 21:55:48,447 INFO heard: cyrus play
2026-09-13 21:55:48,447 INFO command: play play
2026-09-13 21:55:48,447 INFO heard: cyrus pause
2026-09-13 21:55:48,448 INFO command: play pause
2026-09-13 21:55:48,743 INFO heard: cyrus play eleven
2026-09-13 21:55:49,294 INFO heard (full vocabulary): cyrus play alone
2026-09-13 21:55:49,299 INFO command: play song alone
2026-09-13 21:55:50,180 INFO say: Playing Alone by Alan Walker, sir.
2026-09-13 21:55:50,181 INFO playback: autoplay
2026-09-13 21:55:50,475 INFO heard: cyrus play show of you
2026-09-13 21:55:51,102 INFO heard (full vocabulary): cyrus play shape of you
2026-09-13 21:55:51,107 INFO command: play song shape of you
2026-09-13 21:55:52,046 INFO say: Playing Shape of You by Ed Sheeran, sir.
2026-09-13 21:55:52,046 INFO playback: autoplay
2026-09-13 21:55:52,327 INFO heard: cyrus play [unk]
2026-09-13 21:55:52,699 INFO heard: half
2026-09-13 21:55:52,964 INFO heard (full vocabulary): cyrus play believer by imagine dragons
2026-09-13 21:55:52,969 INFO command: play song believer by imagine dragons
2026-09-13 21:55:53,874 INFO say: Playing Believer by Imagine Dragons, sir.
2026-09-13 21:55:53,874 INFO playback: autoplay
2026-09-13 21:55:54,158 INFO heard: cyrus play [unk]
2026-09-13 21:55:54,700 INFO heard: song
2026-09-13 21:55:54,830 INFO heard (full vocabulary): cyrus play faded by alan walker
2026-09-13 21:55:54,836 INFO command: play song faded by alan walker
2026-09-13 21:55:55,668 INFO say: Playing Faded by Alan Walker, sir.
2026-09-13 21:55:55,668 INFO playback: autoplay
2026-09-13 21:55:55,932 INFO heard: cyrus play [unk]
2026-09-13 21:55:56,452 INFO heard (full vocabulary): cyrus play some music
2026-09-13 21:55:56,455 INFO say: What should I play, sir?
2026-09-13 21:55:56,455 INFO heard: how
2026-09-13 21:55:56,724 INFO heard: [unk]
2026-09-13 21:55:57,233 INFO heard (full vocabulary): blinding lights
2026-09-13 21:55:57,237 INFO command: play song blinding lights
2026-09-13 21:55:58,100 INFO say: Playing Blinding Lights by The Weeknd, sir.
2026-09-13 21:55:58,100 INFO playback: autoplay
2026-09-13 21:55:58,101 INFO heard: cyrus play music
2026-09-13 21:55:58,101 INFO say: What should I play, sir?
2026-09-13 21:55:58,101 INFO heard: cancel
2026-09-13 21:55:58,101 INFO say: Okay, sir.
2026-09-13 21:55:58,699 INFO heard: august
2026-09-13 21:56:00,450 INFO heard: tuesday
2026-09-13 21:56:03,949 INFO heard: september
2026-09-13 21:56:05,604 INFO heard: cyrus play alone
2026-09-13 21:56:05,604 INFO command: play song alone
2026-09-13 21:56:06,724 INFO say: Playing Alone, Pt. II by Alan Walker & Ava Max, sir.
2026-09-13 21:56:06,724 INFO playback: blocked
2026-09-13 21:56:06,724 INFO say: The browser blocked autoplay, sir. Press play on the video.
2026-09-13 21:56:06,724 INFO heard: cyrus play alone
2026-09-13 21:56:06,724 INFO command: play song alone
2026-09-13 21:56:08,446 INFO say: Playing Alone by Alan Walker, sir.
2026-09-13 21:56:08,446 INFO playback: autoplay
2026-09-13 21:56:08,446 INFO heard: cyrus play alone
2026-09-13 21:56:08,446 INFO command: play song alone
2026-09-13 21:56:08,446 WARNING youtube lookup failed: no network
2026-09-13 21:56:08,446 INFO say: I couldn't reach YouTube, sir. Opening the search instead.
2026-09-13 21:56:08,924 INFO listening
2026-09-13 21:56:08,983 INFO heard: cyrus play [unk]
2026-09-13 21:56:09,539 INFO heard (full vocabulary): cyrus play alone
2026-09-13 21:56:09,543 INFO command: play song alone
2026-09-13 21:56:10,448 INFO say: Playing Alone by Alan Walker, sir.
2026-09-13 21:56:10,448 INFO playback: autoplay
2026-09-13 21:56:21,702 INFO heard: show
2026-09-13 21:56:25,202 INFO heard: at
2026-09-13 21:56:30,201 INFO heard: a
2026-09-13 21:56:35,200 INFO heard: hour
2026-09-13 21:56:41,201 INFO heard: that
2026-09-13 21:56:44,700 INFO heard: show
2026-09-13 21:56:54,200 INFO heard: second
2026-09-13 21:56:56,449 INFO heard: what
2026-09-13 21:57:07,202 INFO heard: [unk] twenty
2026-09-13 21:57:12,201 INFO heard: song
2026-09-13 21:57:16,952 INFO heard: virus
2026-09-13 21:57:16,952 INFO say: Waiting for your command, sir.
2026-09-13 21:57:21,702 INFO heard: eighty
2026-09-13 21:57:26,702 INFO heard: what can you
2026-09-13 21:57:33,452 INFO heard: delete
2026-09-13 21:57:38,700 INFO heard: calendar
2026-09-13 21:57:39,950 INFO heard: take a
2026-09-13 21:57:44,952 INFO heard: [unk] [unk]
2026-09-13 21:57:52,453 INFO heard: eighty
2026-09-13 21:58:22,702 INFO heard: how
2026-09-13 21:58:36,953 INFO heard: what minute
2026-09-13 21:58:42,952 INFO heard: song
2026-09-13 21:58:53,454 INFO heard: reboot agenda tenth
2026-09-13 21:58:54,456 INFO heard: launch
2026-09-13 21:58:57,202 INFO heard: saturday
2026-09-13 21:58:58,202 INFO heard: eighty
2026-09-13 21:59:03,201 INFO heard: system
2026-09-13 21:59:04,953 INFO heard: december a
2026-09-13 21:59:08,704 INFO heard: saturday
2026-09-13 21:59:10,952 INFO heard: busy go is morning
2026-09-13 21:59:14,965 INFO paused - mic closed
2026-09-13 22:08:50,660 INFO heard: cyrus play alone
2026-09-13 22:08:50,660 INFO command: play song alone
2026-09-13 22:08:51,420 INFO say: Playing Alone by Alan Walker, sir.
2026-09-13 22:08:51,420 INFO playback: autoplay
2026-09-13 22:08:51,420 INFO heard: cyrus play
2026-09-13 22:08:51,420 INFO command: play play
2026-09-13 22:08:51,420 INFO heard: cyrus pause
2026-09-13 22:08:51,420 INFO command: play pause
2026-09-13 22:08:51,689 INFO heard: cyrus play eleven
2026-09-13 22:08:52,178 INFO heard (full vocabulary): cyrus play alone
2026-09-13 22:08:52,182 INFO command: play song alone
2026-09-13 22:08:53,062 INFO say: Playing Alone by Alan Walker, sir.
2026-09-13 22:08:53,062 INFO playback: autoplay
2026-09-13 22:08:53,343 INFO heard: cyrus play show of you
2026-09-13 22:08:53,922 INFO heard (full vocabulary): cyrus play shape of you
2026-09-13 22:08:53,926 INFO command: play song shape of you
2026-09-13 22:08:54,747 INFO say: Playing Shape of You by Ed Sheeran, sir.
2026-09-13 22:08:54,747 INFO playback: autoplay
2026-09-13 22:08:55,036 INFO heard: cyrus play [unk]
2026-09-13 22:08:55,708 INFO heard (full vocabulary): cyrus play believer by imagine dragons
2026-09-13 22:08:55,713 INFO command: play song believer by imagine dragons
2026-09-13 22:08:56,566 INFO say: Playing Believer by Imagine Dragons, sir.
2026-09-13 22:08:56,566 INFO playback: autoplay
2026-09-13 22:08:56,851 INFO heard: cyrus play [unk]
2026-09-13 22:08:57,489 INFO heard (full vocabulary): cyrus play faded by alan walker
2026-09-13 22:08:57,495 INFO command: play song faded by alan walker
2026-09-13 22:08:58,342 INFO say: Playing Faded by Alan Walker, sir.
2026-09-13 22:08:58,342 INFO playback: autoplay
2026-09-13 22:08:58,604 INFO heard: cyrus play [unk]
2026-09-13 22:08:59,107 INFO heard (full vocabulary): cyrus play some music
2026-09-13 22:08:59,110 INFO say: What should I play, sir?
2026-09-13 22:08:59,110 INFO heard: how
2026-09-13 22:08:59,360 INFO heard: [unk]
2026-09-13 22:08:59,853 INFO heard (full vocabulary): blinding lights
2026-09-13 22:08:59,857 INFO command: play song blinding lights
2026-09-13 22:09:00,686 INFO say: Playing Blinding Lights by The Weeknd, sir.
2026-09-13 22:09:00,686 INFO playback: autoplay
2026-09-13 22:09:00,686 INFO heard: cyrus play music
2026-09-13 22:09:00,686 INFO say: What should I play, sir?
2026-09-13 22:09:00,686 INFO heard: cancel
2026-09-13 22:09:00,686 INFO say: Okay, sir.
2026-09-13 22:09:10,611 INFO heard: cyrus play alone
2026-09-13 22:09:10,612 INFO command: play song alone
2026-09-13 22:09:12,006 INFO say: Playing Alone by Alan Walker, sir.
2026-09-13 22:09:12,007 INFO playback: blocked
2026-09-13 22:09:12,007 INFO say: The browser blocked autoplay, sir. Press play on the video.
2026-09-13 22:09:12,007 INFO heard: cyrus play alone
2026-09-13 22:09:12,007 INFO command: play song alone
2026-09-13 22:09:13,830 INFO say: Playing Alone by Alan Walker, sir.
2026-09-13 22:09:13,830 INFO playback: autoplay
2026-09-13 22:09:13,831 INFO heard: cyrus play alone
2026-09-13 22:09:13,831 INFO command: play song alone
2026-09-13 22:09:13,831 WARNING youtube lookup failed: no network
2026-09-13 22:09:13,831 INFO say: I couldn't reach YouTube, sir. Opening the search instead.
2026-09-13 22:09:14,301 INFO listening
2026-09-13 22:09:14,359 INFO heard: cyrus play [unk]
2026-09-13 22:09:14,843 INFO heard (full vocabulary): cyrus play alone
2026-09-13 22:09:14,845 INFO command: play song alone
2026-09-13 22:09:15,727 INFO say: Playing Alone by Alan Walker, sir.
2026-09-13 22:09:15,727 INFO playback: autoplay
2026-09-13 22:09:16,077 INFO heard: cyrus add buy milk to my to do list
2026-09-13 22:09:16,077 INFO command: calendar add
2026-09-13 22:09:16,078 INFO say: Added to your to-do list for today, sir: Buy milk.
2026-09-13 22:09:16,078 INFO heard: cyrus add call the bank to my to do list tomorrow
2026-09-13 22:09:16,078 INFO command: calendar add
2026-09-13 22:09:16,079 INFO say: Added to your to-do list for tomorrow, sir: Call the bank.
2026-09-13 22:09:16,079 INFO heard: cyrus remind me to call mom at five
2026-09-13 22:09:16,079 INFO command: calendar add
2026-09-13 22:09:16,079 INFO say: I'll remind you today at 5 pm: Call mom.
2026-09-13 22:09:16,080 INFO heard: cyrus add dentist appointment on friday at three pm
2026-09-13 22:09:16,080 INFO command: calendar add
2026-09-13 22:09:16,080 INFO say: Added to your calendar: Dentist appointment, Friday at 3 pm. I'll remind you ten minutes before.
2026-09-13 22:09:16,080 INFO heard: cyrus schedule gym every monday at six pm
2026-09-13 22:09:16,080 INFO command: calendar add
2026-09-13 22:09:16,081 INFO say: Added to your calendar: Gym, Monday at 6 pm every Monday. I'll remind you ten minutes before.
2026-09-13 22:09:16,081 INFO heard: cyrus add a note for friday that the rent is due
2026-09-13 22:09:16,081 INFO command: calendar add
2026-09-13 22:09:16,082 INFO say: Noted for Friday: The rent is due.
2026-09-13 22:09:16,082 INFO heard: cyrus what do i have today
2026-09-13 22:09:16,082 INFO command: calendar query
2026-09-13 22:09:16,082 INFO say: Today you have 2 to-dos, sir: Buy milk and Call mom at 5 pm.
2026-09-13 22:09:16,082 INFO heard: cyrus what do i have in the next three days
2026-09-13 22:09:16,082 INFO command: calendar query
2026-09-13 22:09:16,082 INFO say: In the next 3 days you have 1 event and 3 to-dos, sir. Today: Buy milk and Call mom at 5 pm. Tomorrow: Call the bank. Friday: Dentist appointment at 3 pm. Plus 1 note.
2026-09-13 22:09:16,082 INFO heard: cyrus what do i have this week
2026-09-13 22:09:16,082 INFO command: calendar query
2026-09-13 22:09:16,082 INFO say: This week you have 1 event and 3 to-dos, sir. Today: Buy milk and Call mom at 5 pm. Tomorrow: Call the bank. Friday: Dentist appointment at 3 pm. Plus 1 note.
2026-09-13 22:09:16,082 INFO heard: cyrus what's next
2026-09-13 22:09:16,082 INFO command: calendar next
2026-09-13 22:09:16,082 INFO say: Next up: Call mom at 5 pm, today.
2026-09-13 22:09:16,082 INFO heard: cyrus read my to do list
2026-09-13 22:09:16,082 INFO command: calendar todos
2026-09-13 22:09:16,082 INFO say: You have 3 to-dos, sir. Today: Buy milk and Call mom at 5 pm. Later: Call the bank tomorrow.
2026-09-13 22:09:16,083 INFO heard: cyrus mark buy milk as done
2026-09-13 22:09:16,083 INFO command: calendar done
2026-09-13 22:09:16,083 INFO say: Done: Buy milk. Nice work, sir.
2026-09-13 22:09:16,083 INFO heard: cyrus delete the dentist appointment
2026-09-13 22:09:16,083 INFO command: calendar delete
2026-09-13 22:09:16,084 INFO say: Deleted Dentist appointment, Friday.
2026-09-13 22:09:16,084 INFO heard: cyrus undo
2026-09-13 22:09:16,084 INFO command: calendar undo
2026-09-13 22:09:16,085 INFO say: Removed: The rent is due.
2026-09-13 22:09:16,085 INFO heard: cyrus next
2026-09-13 22:09:16,085 INFO command: next next
2026-09-13 22:09:16,087 INFO say: Sir, reminder: Call mom at 5 pm.
2026-09-13 22:09:16,089 INFO say: Good morning, sir. Today you have 1 to-do: Water the plants.
2026-09-13 22:09:16,701 INFO heard: cyrus add [unk] to my to do list
2026-09-13 22:09:16,701 INFO command: calendar add
2026-09-13 22:09:17,469 INFO heard (full vocabulary): cyrus ad buy eggs to my to do list
2026-09-13 22:09:17,477 INFO say: Added to your to-do list for today, sir: Buy eggs.
2026-09-13 22:09:17,827 INFO heard: cyrus remind meeting [unk] tomorrow add five
2026-09-13 22:09:17,827 INFO command: calendar add
2026-09-13 22:09:18,551 INFO heard (full vocabulary): cyrus remind me to call the doctor tomorrow at five
2026-09-13 22:09:18,565 INFO say: I'll remind you tomorrow at 5 pm: Call the doctor.
2026-09-13 22:09:18,880 INFO heard: cyrus what do i have this week
2026-09-13 22:09:18,880 INFO command: calendar query
2026-09-13 22:09:18,880 INFO say: This week you have 2 to-dos, sir. Today: Buy eggs. Tomorrow: Call the doctor at 5 pm.
2026-09-13 22:09:19,178 INFO heard: cyrus what do i have in the next three days
2026-09-13 22:09:19,178 INFO command: calendar query
2026-09-13 22:09:19,178 INFO say: In the next 3 days you have 2 to-dos, sir. Today: Buy eggs. Tomorrow: Call the doctor at 5 pm.
2026-09-13 22:09:19,448 INFO heard: cyrus mark [unk] as done
2026-09-13 22:09:19,448 INFO command: calendar done
2026-09-13 22:09:20,024 INFO heard (full vocabulary): cyrus marked by eggs is done
2026-09-13 22:09:20,030 INFO say: Done: Buy eggs. Nice work, sir.
2026-09-13 22:09:49,073 INFO heard: cyrus can you lower the volume a bit
2026-09-13 22:09:49,073 INFO command: vol_step -5
2026-09-13 22:09:49,073 INFO say: Volume at 45 percent, sir.
2026-09-13 22:09:49,073 INFO heard: cyrus decrease the sound
2026-09-13 22:09:49,073 INFO command: vol_step -10
2026-09-13 22:09:49,073 INFO say: Volume at 35 percent, sir.
2026-09-13 22:09:49,073 INFO heard: cyrus set the volume to thirty percent
2026-09-13 22:09:49,073 INFO command: vol_set 30
2026-09-13 22:09:49,073 INFO say: Volume at 30 percent, sir.
2026-09-13 22:09:49,073 INFO heard: cyrus turn off the sound
2026-09-13 22:09:49,073 INFO command: mute 
2026-09-13 22:09:49,073 INFO say: Muting, sir.
2026-09-13 22:09:49,073 INFO heard: cyrus turn the sound back on
2026-09-13 22:09:49,073 INFO command: unmute 
2026-09-13 22:09:49,073 INFO say: Sound's back on, sir. Volume at 30 percent.
2026-09-13 22:09:49,074 INFO heard: cyrus turn off the computer
2026-09-13 22:09:49,074 INFO command: shutdown 
2026-09-13 22:09:49,074 INFO say: Shut down? Say yes to confirm, or cancel.
2026-09-13 22:09:49,074 INFO heard: cancel
2026-09-13 22:09:49,074 INFO say: Cancelled.
2026-09-13 22:09:49,074 INFO heard: cyrus turn off the lights
2026-09-13 22:09:49,074 INFO command: shutdown turn off
2026-09-13 22:09:49,074 INFO say: Shut down? Say yes to confirm, or cancel.
2026-09-13 22:09:49,074 INFO heard: cyrus could you open google chrome for me
2026-09-13 22:09:49,074 INFO command: open chrome
2026-09-13 22:09:49,074 INFO say: Opening chrome.
2026-09-13 22:09:49,074 INFO heard: cyrus dim the screen
2026-09-13 22:09:49,074 INFO command: bright_step -10
2026-09-13 22:09:49,074 INFO say: Brightness at 60 percent, sir.
2026-09-13 22:09:49,074 INFO heard: cyrus what's the volume
2026-09-13 22:09:49,074 INFO command: vol_query 
2026-09-13 22:09:49,074 INFO say: The volume is at 30 percent, sir.
2026-09-13 22:09:49,633 INFO heard: cyrus can you decrease the sound
2026-09-13 22:09:49,633 INFO command: vol_step -10
2026-09-13 22:09:49,633 INFO say: Volume at 20 percent, sir.
2026-09-13 22:09:49,920 INFO heard: cyrus make it quieter
2026-09-13 22:09:49,920 INFO command: vol_step -10
2026-09-13 22:09:49,920 INFO say: Volume at 10 percent, sir.
2026-09-13 22:09:50,210 INFO heard: cyrus lower the volume a bit
2026-09-13 22:09:50,210 INFO command: vol_step -5
2026-09-13 22:09:50,210 INFO say: Volume at 5 percent, sir.
2026-09-13 22:09:50,504 INFO heard: cyrus turn the music down
2026-09-13 22:09:50,504 INFO command: vol_step -10
2026-09-13 22:09:50,504 INFO say: Volume at 0 percent, sir.
2026-09-13 22:09:50,806 INFO heard: cyrus can you turn the volume up
2026-09-13 22:09:50,807 INFO command: vol_step 10
2026-09-13 22:09:50,807 INFO say: Volume at 10 percent, sir.
2026-09-13 22:09:51,111 INFO heard: cyrus set the volume too thirty percent
2026-09-13 22:09:51,111 INFO command: vol_set 30
2026-09-13 22:09:51,111 INFO say: Volume at 30 percent, sir.
2026-09-13 22:09:51,386 INFO heard: cyrus turn off the sound
2026-09-13 22:09:51,386 INFO command: mute 
2026-09-13 22:09:51,386 INFO say: Muting, sir.
2026-09-13 22:09:51,672 INFO heard: cyrus could you take a screenshot
2026-09-13 22:09:51,672 INFO command: screenshot 
2026-09-13 22:09:51,672 INFO say: Screenshot saved.
2026-09-13 22:09:51,946 INFO heard: cyrus open go chrome
2026-09-13 22:09:51,947 INFO command: open chrome
2026-09-13 22:09:51,947 INFO say: Opening chrome.
2026-09-13 22:09:52,224 INFO heard: cyrus what time is it
2026-09-13 22:09:52,224 INFO command: time 
2026-09-13 22:09:52,224 INFO say: It's 10:09 PM
2026-09-13 22:09:53,047 INFO heard: cyrus play alone
2026-09-13 22:09:53,047 INFO command: play song alone
2026-09-13 22:09:53,852 INFO say: Playing Alone by Alan Walker, sir.
2026-09-13 22:09:53,853 INFO playback: autoplay
2026-09-13 22:09:53,853 INFO heard: cyrus play
2026-09-13 22:09:53,853 INFO command: play play
2026-09-13 22:09:53,853 INFO heard: cyrus pause
2026-09-13 22:09:53,853 INFO command: play 
2026-09-13 22:09:54,116 INFO heard: cyrus play a load
2026-09-13 22:09:54,671 INFO heard (full vocabulary): cyrus play alone
2026-09-13 22:09:54,677 INFO command: play song alone
2026-09-13 22:09:55,474 INFO say: Playing Alone by Alan Walker, sir.
2026-09-13 22:09:55,474 INFO playback: autoplay
2026-09-13 22:09:55,745 INFO heard: cyrus play show of you
2026-09-13 22:09:56,336 INFO heard (full vocabulary): cyrus play shape of you
2026-09-13 22:09:56,341 INFO command: play song shape of you
2026-09-13 22:09:57,171 INFO say: Playing Shape of You by Ed Sheeran, sir.
2026-09-13 22:09:57,171 INFO playback: autoplay
2026-09-13 22:09:57,451 INFO heard: cyrus play [unk]
2026-09-13 22:09:58,087 INFO heard (full vocabulary): cyrus play believer by imagine dragons
2026-09-13 22:09:58,091 INFO command: play song believer by imagine dragons
2026-09-13 22:09:58,827 INFO say: Playing Believer by Imagine Dragons, sir.
2026-09-13 22:09:58,827 INFO playback: autoplay
2026-09-13 22:09:59,103 INFO heard: cyrus play [unk]
2026-09-13 22:09:59,708 INFO heard (full vocabulary): cyrus play faded by alan walker
2026-09-13 22:09:59,712 INFO command: play song faded by alan walker
2026-09-13 22:10:00,617 INFO say: Playing Faded by Alan Walker, sir.
2026-09-13 22:10:00,617 INFO playback: autoplay
2026-09-13 22:10:00,884 INFO heard: cyrus play so music
2026-09-13 22:10:01,389 INFO heard (full vocabulary): cyrus play some music
2026-09-13 22:10:01,392 INFO say: What should I play, sir?
2026-09-13 22:10:01,392 INFO heard: how
2026-09-13 22:10:01,663 INFO heard: [unk]
2026-09-13 22:10:02,157 INFO heard (full vocabulary): blinding lights
2026-09-13 22:10:02,160 INFO command: play song blinding lights
2026-09-13 22:10:02,864 INFO say: Playing Blinding Lights by The Weeknd, sir.
2026-09-13 22:10:02,864 INFO playback: autoplay
2026-09-13 22:10:02,864 INFO heard: cyrus play music
2026-09-13 22:10:02,864 INFO say: What should I play, sir?
2026-09-13 22:10:02,864 INFO heard: cancel
2026-09-13 22:10:02,864 INFO say: Okay, sir.
2026-09-13 22:10:12,796 INFO heard: cyrus play alone
2026-09-13 22:10:12,796 INFO command: play song alone
2026-09-13 22:10:13,820 INFO say: Playing Alone by Alan Walker, sir.
2026-09-13 22:10:13,820 INFO playback: blocked
2026-09-13 22:10:13,820 INFO say: The browser blocked autoplay, sir. Press play on the video.
2026-09-13 22:10:13,821 INFO heard: cyrus play alone
2026-09-13 22:10:13,821 INFO command: play song alone
2026-09-13 22:10:15,502 INFO say: Playing Alone by Alan Walker, sir.
2026-09-13 22:10:15,502 INFO playback: autoplay
2026-09-13 22:10:15,503 INFO heard: cyrus play alone
2026-09-13 22:10:15,503 INFO command: play song alone
2026-09-13 22:10:15,503 WARNING youtube lookup failed: no network
2026-09-13 22:10:15,503 INFO say: I couldn't reach YouTube, sir. Opening the search instead.
2026-09-13 22:10:15,992 INFO listening
2026-09-13 22:10:16,063 INFO heard: cyrus play a load
2026-09-13 22:10:16,666 INFO heard (full vocabulary): cyrus play alone
2026-09-13 22:10:16,669 INFO command: play song alone
2026-09-13 22:10:17,565 INFO say: Playing Alone by Alan Walker, sir.
2026-09-13 22:10:17,565 INFO playback: autoplay
2026-09-13 22:10:17,875 INFO heard: cyrus add buy milk to my to do list
2026-09-13 22:10:17,875 INFO command: calendar add
2026-09-13 22:10:17,876 INFO say: Added to your to-do list for today, sir: Buy milk.
2026-09-13 22:10:17,876 INFO heard: cyrus add call the bank to my to do list tomorrow
2026-09-13 22:10:17,876 INFO command: calendar add
2026-09-13 22:10:17,877 INFO say: Added to your to-do list for tomorrow, sir: Call the bank.
2026-09-13 22:10:17,877 INFO heard: cyrus remind me to call mom at five
2026-09-13 22:10:17,877 INFO command: calendar add
2026-09-13 22:10:17,878 INFO say: I'll remind you today at 5 pm: Call mom.
2026-09-13 22:10:17,878 INFO heard: cyrus add dentist appointment on friday at three pm
2026-09-13 22:10:17,878 INFO command: calendar add
2026-09-13 22:10:17,879 INFO say: Added to your calendar: Dentist appointment, Friday at 3 pm. I'll remind you ten minutes before.
2026-09-13 22:10:17,879 INFO heard: cyrus schedule gym every monday at six pm
2026-09-13 22:10:17,879 INFO command: calendar add
2026-09-13 22:10:17,879 INFO say: Added to your calendar: Gym, Monday at 6 pm every Monday. I'll remind you ten minutes before.
2026-09-13 22:10:17,879 INFO heard: cyrus add a note for friday that the rent is due
2026-09-13 22:10:17,879 INFO command: calendar add
2026-09-13 22:10:17,880 INFO say: Noted for Friday: The rent is due.
2026-09-13 22:10:17,880 INFO heard: cyrus what do i have today
2026-09-13 22:10:17,880 INFO command: calendar query
2026-09-13 22:10:17,880 INFO say: Today you have 2 to-dos, sir: Buy milk and Call mom at 5 pm.
2026-09-13 22:10:17,881 INFO heard: cyrus what do i have in the next three days
2026-09-13 22:10:17,881 INFO command: calendar query
2026-09-13 22:10:17,881 INFO say: In the next 3 days you have 1 event and 3 to-dos, sir. Today: Buy milk and Call mom at 5 pm. Tomorrow: Call the bank. Friday: Dentist appointment at 3 pm. Plus 1 note.
2026-09-13 22:10:17,881 INFO heard: cyrus what do i have this week
2026-09-13 22:10:17,881 INFO command: calendar query
2026-09-13 22:10:17,881 INFO say: This week you have 1 event and 3 to-dos, sir. Today: Buy milk and Call mom at 5 pm. Tomorrow: Call the bank. Friday: Dentist appointment at 3 pm. Plus 1 note.
2026-09-13 22:10:17,881 INFO heard: cyrus what's next
2026-09-13 22:10:17,881 INFO command: calendar next
2026-09-13 22:10:17,881 INFO say: Next up: Call mom at 5 pm, today.
2026-09-13 22:10:17,881 INFO heard: cyrus read my to do list
2026-09-13 22:10:17,881 INFO command: calendar todos
2026-09-13 22:10:17,881 INFO say: You have 3 to-dos, sir. Today: Buy milk and Call mom at 5 pm. Later: Call the bank tomorrow.
2026-09-13 22:10:17,881 INFO heard: cyrus mark buy milk as done
2026-09-13 22:10:17,881 INFO command: calendar done
2026-09-13 22:10:17,882 INFO say: Done: Buy milk. Nice work, sir.
2026-09-13 22:10:17,882 INFO heard: cyrus delete the dentist appointment
2026-09-13 22:10:17,882 INFO command: calendar delete
2026-09-13 22:10:17,883 INFO say: Deleted Dentist appointment, Friday.
2026-09-13 22:10:17,883 INFO heard: cyrus undo
2026-09-13 22:10:17,883 INFO command: calendar undo
2026-09-13 22:10:17,883 INFO say: Removed: The rent is due.
2026-09-13 22:10:17,883 INFO heard: cyrus next
2026-09-13 22:10:17,883 INFO command: next 
2026-09-13 22:10:17,885 INFO say: Sir, reminder: Call mom at 5 pm.
2026-09-13 22:10:17,887 INFO say: Good morning, sir. Today you have 1 to-do: Water the plants.
2026-09-13 22:10:18,498 INFO heard: cyrus add by exit too my to do list
2026-09-13 22:10:18,498 INFO command: calendar add
2026-09-13 22:10:19,238 INFO heard (full vocabulary): cyrus ad buy eggs to my to do list
2026-09-13 22:10:19,246 INFO say: Added to your to-do list for today, sir: Buy eggs.
2026-09-13 22:10:19,583 INFO heard: cyrus remind me tick all the darker tomorrow add five
2026-09-13 22:10:19,583 INFO command: calendar add
2026-09-13 22:10:20,400 INFO heard (full vocabulary): cyrus remind me to call the doctor tomorrow at five
2026-09-13 22:10:20,416 INFO say: I'll remind you tomorrow at 5 pm: Call the doctor.
2026-09-13 22:10:20,747 INFO heard: cyrus what do i have this week
2026-09-13 22:10:20,747 INFO command: calendar query
2026-09-13 22:10:20,747 INFO say: This week you have 2 to-dos, sir. Today: Buy eggs. Tomorrow: Call the doctor at 5 pm.
2026-09-13 22:10:21,082 INFO heard: cyrus what do i have in the next three days
2026-09-13 22:10:21,082 INFO command: calendar query
2026-09-13 22:10:21,082 INFO say: In the next 3 days you have 2 to-dos, sir. Today: Buy eggs. Tomorrow: Call the doctor at 5 pm.
2026-09-13 22:10:21,365 INFO heard: cyrus mark by exit done
2026-09-13 22:10:21,365 INFO command: calendar done
2026-09-13 22:10:21,966 INFO heard (full vocabulary): cyrus marked by eggs is done
2026-09-13 22:10:21,972 INFO say: Done: Buy eggs. Nice work, sir.
2026-09-13 22:12:53,442 INFO heard: cyrus can you lower the volume a bit
2026-09-13 22:12:53,443 INFO command: vol_step -5
2026-09-13 22:12:53,443 INFO say: Volume at 45 percent, sir.
2026-09-13 22:12:53,443 INFO heard: cyrus decrease the sound
2026-09-13 22:12:53,443 INFO command: vol_step -10
2026-09-13 22:12:53,443 INFO say: Volume at 35 percent, sir.
2026-09-13 22:12:53,443 INFO heard: cyrus set the volume to thirty percent
2026-09-13 22:12:53,443 INFO command: vol_set 30
2026-09-13 22:12:53,443 INFO say: Volume at 30 percent, sir.
2026-09-13 22:12:53,443 INFO heard: cyrus turn off the sound
2026-09-13 22:12:53,443 INFO command: mute 
2026-09-13 22:12:53,443 INFO say: Muting, sir.
2026-09-13 22:12:53,443 INFO heard: cyrus turn the sound back on
2026-09-13 22:12:53,443 INFO command: unmute 
2026-09-13 22:12:53,443 INFO say: Sound's back on, sir. Volume at 30 percent.
2026-09-13 22:12:53,443 INFO heard: cyrus turn off the computer
2026-09-13 22:12:53,443 INFO command: shutdown 
2026-09-13 22:12:53,443 INFO say: Shut down? Say yes to confirm, or cancel.
2026-09-13 22:12:53,443 INFO heard: cancel
2026-09-13 22:12:53,443 INFO say: Cancelled.
2026-09-13 22:12:53,443 INFO heard: cyrus turn off the lights
2026-09-13 22:12:53,443 INFO command: cant 
2026-09-13 22:12:53,443 INFO say: Sorry, sir, I can't do that one.
2026-09-13 22:12:53,443 INFO heard: cyrus shut down [unk]
2026-09-13 22:12:53,443 INFO heard: cyrus could you open google chrome for me
2026-09-13 22:12:53,443 INFO command: open chrome
2026-09-13 22:12:53,443 INFO say: Opening chrome.
2026-09-13 22:12:53,443 INFO heard: cyrus dim the screen
2026-09-13 22:12:53,443 INFO command: bright_step -10
2026-09-13 22:12:53,443 INFO say: Brightness at 60 percent, sir.
2026-09-13 22:12:53,443 INFO heard: cyrus what's the volume
2026-09-13 22:12:53,443 INFO command: vol_query 
2026-09-13 22:12:53,443 INFO say: The volume is at 30 percent, sir.
2026-09-13 22:12:53,932 INFO heard: cyrus can you decrease the sound
2026-09-13 22:12:53,932 INFO command: vol_step -10
2026-09-13 22:12:53,932 INFO say: Volume at 20 percent, sir.
2026-09-13 22:12:54,196 INFO heard: cyrus make it quieter
2026-09-13 22:12:54,196 INFO command: vol_step -10
2026-09-13 22:12:54,196 INFO say: Volume at 10 percent, sir.
2026-09-13 22:12:54,470 INFO heard: cyrus lower the volume a bit
2026-09-13 22:12:54,470 INFO command: vol_step -5
2026-09-13 22:12:54,470 INFO say: Volume at 5 percent, sir.
2026-09-13 22:12:54,746 INFO heard: cyrus turn the music down
2026-09-13 22:12:54,746 INFO command: vol_step -10
2026-09-13 22:12:54,746 INFO say: Volume at 0 percent, sir.
2026-09-13 22:12:55,020 INFO heard: cyrus can you turn the volume up
2026-09-13 22:12:55,020 INFO command: vol_step 10
2026-09-13 22:12:55,020 INFO say: Volume at 10 percent, sir.
2026-09-13 22:12:55,307 INFO heard: cyrus set the volume too thirty percent
2026-09-13 22:12:55,307 INFO command: vol_set 30
2026-09-13 22:12:55,307 INFO say: Volume at 30 percent, sir.
2026-09-13 22:12:55,575 INFO heard: cyrus turn off the sound
2026-09-13 22:12:55,575 INFO command: mute 
2026-09-13 22:12:55,575 INFO say: Muting, sir.
2026-09-13 22:12:55,847 INFO heard: cyrus could you take a screenshot
2026-09-13 22:12:55,847 INFO command: screenshot 
2026-09-13 22:12:55,847 INFO say: Screenshot saved.
2026-09-13 22:12:56,120 INFO heard: cyrus open go chrome
2026-09-13 22:12:56,120 INFO command: open chrome
2026-09-13 22:12:56,120 INFO say: Opening chrome.
2026-09-13 22:12:56,392 INFO heard: cyrus what time is it
2026-09-13 22:12:56,392 INFO command: time 
2026-09-13 22:12:56,393 INFO say: It's 10:12 PM
2026-09-13 22:12:57,302 INFO heard: cyrus play alone
2026-09-13 22:12:57,302 INFO command: play song alone
2026-09-13 22:12:58,099 INFO say: Playing Alone by Alan Walker, sir.
2026-09-13 22:12:58,099 INFO playback: autoplay
2026-09-13 22:12:58,099 INFO heard: cyrus play
2026-09-13 22:12:58,099 INFO command: play play
2026-09-13 22:12:58,100 INFO heard: cyrus pause
2026-09-13 22:12:58,100 INFO command: play 
2026-09-13 22:12:58,363 INFO heard: cyrus play a load
2026-09-13 22:12:58,870 INFO heard (full vocabulary): cyrus play alone
2026-09-13 22:12:58,874 INFO command: play song alone
2026-09-13 22:12:59,718 INFO say: Playing Alone by Alan Walker, sir.
2026-09-13 22:12:59,718 INFO playback: autoplay
2026-09-13 22:12:59,983 INFO heard: cyrus play show of you
2026-09-13 22:13:00,531 INFO heard (full vocabulary): cyrus play shape of you
2026-09-13 22:13:00,535 INFO command: play song shape of you
2026-09-13 22:13:01,336 INFO say: Playing Shape of You by Ed Sheeran, sir.
2026-09-13 22:13:01,336 INFO playback: autoplay
2026-09-13 22:13:01,611 INFO heard: cyrus play [unk]
2026-09-13 22:13:02,240 INFO heard (full vocabulary): cyrus play believer by imagine dragons
2026-09-13 22:13:02,245 INFO command: play song believer by imagine dragons
2026-09-13 22:13:03,136 INFO say: Playing Believer by Imagine Dragons, sir.
2026-09-13 22:13:03,136 INFO playback: autoplay
2026-09-13 22:13:03,409 INFO heard: cyrus play [unk]
2026-09-13 22:13:03,999 INFO heard (full vocabulary): cyrus play faded by alan walker
2026-09-13 22:13:04,004 INFO command: play song faded by alan walker
2026-09-13 22:13:04,910 INFO say: Playing Faded by Alan Walker, sir.
2026-09-13 22:13:04,910 INFO playback: autoplay
2026-09-13 22:13:05,177 INFO heard: cyrus play so music
2026-09-13 22:13:05,674 INFO heard (full vocabulary): cyrus play some music
2026-09-13 22:13:05,677 INFO say: What should I play, sir?
2026-09-13 22:13:05,678 INFO heard: how
2026-09-13 22:13:05,938 INFO heard: [unk]
2026-09-13 22:13:06,441 INFO heard (full vocabulary): blinding lights
2026-09-13 22:13:06,444 INFO command: play song blinding lights
2026-09-13 22:13:07,446 INFO say: Playing Blinding Lights by The Weeknd, sir.
2026-09-13 22:13:07,446 INFO playback: autoplay
2026-09-13 22:13:07,446 INFO heard: cyrus play music
2026-09-13 22:13:07,446 INFO say: What should I play, sir?
2026-09-13 22:13:07,446 INFO heard: cancel
2026-09-13 22:13:07,446 INFO say: Okay, sir.
2026-09-13 22:13:17,371 INFO heard: cyrus play alone
2026-09-13 22:13:17,371 INFO command: play song alone
2026-09-13 22:13:18,129 INFO say: Playing Alone by Alan Walker, sir.
2026-09-13 22:13:18,129 INFO playback: blocked
2026-09-13 22:13:18,129 INFO say: The browser blocked autoplay, sir. Press play on the video.
2026-09-13 22:13:18,130 INFO heard: cyrus play alone
2026-09-13 22:13:18,130 INFO command: play song alone
2026-09-13 22:13:19,838 INFO say: Playing Alone by Alan Walker, sir.
2026-09-13 22:13:19,838 INFO playback: autoplay
2026-09-13 22:13:19,839 INFO heard: cyrus play alone
2026-09-13 22:13:19,839 INFO command: play song alone
2026-09-13 22:13:19,839 WARNING youtube lookup failed: no network
2026-09-13 22:13:19,839 INFO say: I couldn't reach YouTube, sir. Opening the search instead.
2026-09-13 22:13:20,304 INFO listening
2026-09-13 22:13:20,372 INFO heard: cyrus play a load
2026-09-13 22:13:20,902 INFO heard (full vocabulary): cyrus play alone
2026-09-13 22:13:20,906 INFO command: play song alone
2026-09-13 22:13:21,978 INFO say: Playing Alone by Alan Walker, sir.
2026-09-13 22:13:21,978 INFO playback: autoplay
2026-09-13 22:13:22,281 INFO heard: cyrus add buy milk to my to do list
2026-09-13 22:13:22,281 INFO command: calendar add
2026-09-13 22:13:22,285 INFO say: Added to your to-do list for today, sir: Buy milk.
2026-09-13 22:13:22,285 INFO heard: cyrus add call the bank to my to do list tomorrow
2026-09-13 22:13:22,285 INFO command: calendar add
2026-09-13 22:13:22,286 INFO say: Added to your to-do list for tomorrow, sir: Call the bank.
2026-09-13 22:13:22,286 INFO heard: cyrus remind me to call mom at five
2026-09-13 22:13:22,286 INFO command: calendar add
2026-09-13 22:13:22,287 INFO say: I'll remind you today at 5 pm: Call mom.
2026-09-13 22:13:22,287 INFO heard: cyrus add dentist appointment on friday at three pm
2026-09-13 22:13:22,287 INFO command: calendar add
2026-09-13 22:13:22,288 INFO say: Added to your calendar: Dentist appointment, Friday at 3 pm. I'll remind you ten minutes before.
2026-09-13 22:13:22,288 INFO heard: cyrus schedule gym every monday at six pm
2026-09-13 22:13:22,288 INFO command: calendar add
2026-09-13 22:13:22,289 INFO say: Added to your calendar: Gym, Monday at 6 pm every Monday. I'll remind you ten minutes before.
2026-09-13 22:13:22,289 INFO heard: cyrus add a note for friday that the rent is due
2026-09-13 22:13:22,289 INFO command: calendar add
2026-09-13 22:13:22,290 INFO say: Noted for Friday: The rent is due.
2026-09-13 22:13:22,290 INFO heard: cyrus what do i have today
2026-09-13 22:13:22,290 INFO command: calendar query
2026-09-13 22:13:22,291 INFO say: Today you have 2 to-dos, sir: Buy milk and Call mom at 5 pm.
2026-09-13 22:13:22,291 INFO heard: cyrus what do i have in the next three days
2026-09-13 22:13:22,291 INFO command: calendar query
2026-09-13 22:13:22,291 INFO say: In the next 3 days you have 1 event and 3 to-dos, sir. Today: Buy milk and Call mom at 5 pm. Tomorrow: Call the bank. Friday: Dentist appointment at 3 pm. Plus 1 note.
2026-09-13 22:13:22,291 INFO heard: cyrus what do i have this week
2026-09-13 22:13:22,291 INFO command: calendar query
2026-09-13 22:13:22,291 INFO say: This week you have 1 event and 3 to-dos, sir. Today: Buy milk and Call mom at 5 pm. Tomorrow: Call the bank. Friday: Dentist appointment at 3 pm. Plus 1 note.
2026-09-13 22:13:22,291 INFO heard: cyrus what's next
2026-09-13 22:13:22,291 INFO command: calendar next
2026-09-13 22:13:22,291 INFO say: Next up: Call mom at 5 pm, today.
2026-09-13 22:13:22,291 INFO heard: cyrus read my to do list
2026-09-13 22:13:22,291 INFO command: calendar todos
2026-09-13 22:13:22,291 INFO say: You have 3 to-dos, sir. Today: Buy milk and Call mom at 5 pm. Later: Call the bank tomorrow.
2026-09-13 22:13:22,291 INFO heard: cyrus mark buy milk as done
2026-09-13 22:13:22,291 INFO command: calendar done
2026-09-13 22:13:22,292 INFO say: Done: Buy milk. Nice work, sir.
2026-09-13 22:13:22,292 INFO heard: cyrus delete the dentist appointment
2026-09-13 22:13:22,292 INFO command: calendar delete
2026-09-13 22:13:22,293 INFO say: Deleted Dentist appointment, Friday.
2026-09-13 22:13:22,293 INFO heard: cyrus undo
2026-09-13 22:13:22,293 INFO command: calendar undo
2026-09-13 22:13:22,294 INFO say: Removed: The rent is due.
2026-09-13 22:13:22,294 INFO heard: cyrus next
2026-09-13 22:13:22,294 INFO command: next 
2026-09-13 22:13:22,296 INFO say: Sir, reminder: Call mom at 5 pm.
2026-09-13 22:13:22,298 INFO say: Good morning, sir. Today you have 1 to-do: Water the plants.
2026-09-13 22:13:23,000 INFO heard: cyrus add by exit too my to do list
2026-09-13 22:13:23,000 INFO command: calendar add
2026-09-13 22:13:23,733 INFO heard (full vocabulary): cyrus ad buy eggs to my to do list
2026-09-13 22:13:23,744 INFO say: Added to your to-do list for today, sir: Buy eggs.
2026-09-13 22:13:24,106 INFO heard: cyrus remind me tick all the darker tomorrow add five
2026-09-13 22:13:24,106 INFO command: calendar add
2026-09-13 22:13:24,896 INFO heard (full vocabulary): cyrus remind me to call the doctor tomorrow at five
2026-09-13 22:13:24,903 INFO say: I'll remind you tomorrow at 5 pm: Call the doctor.
2026-09-13 22:13:25,200 INFO heard: cyrus what do i have this week
2026-09-13 22:13:25,200 INFO command: calendar query
2026-09-13 22:13:25,200 INFO say: This week you have 2 to-dos, sir. Today: Buy eggs. Tomorrow: Call the doctor at 5 pm.
2026-09-13 22:13:25,503 INFO heard: cyrus what do i have in the next three days
2026-09-13 22:13:25,503 INFO command: calendar query
2026-09-13 22:13:25,503 INFO say: In the next 3 days you have 2 to-dos, sir. Today: Buy eggs. Tomorrow: Call the doctor at 5 pm.
2026-09-13 22:13:25,780 INFO heard: cyrus mark by exit done
2026-09-13 22:13:25,780 INFO command: calendar done
2026-09-13 22:13:26,358 INFO heard (full vocabulary): cyrus marked by eggs is done
2026-09-13 22:13:26,363 INFO say: Done: Buy eggs. Nice work, sir.
2026-09-13 22:13:49,770 INFO say: Xyrus is online.
2026-09-13 22:13:50,058 INFO listening
2026-09-13 22:14:12,326 INFO heard: how
2026-09-13 22:14:32,325 INFO heard: how
2026-09-13 22:14:52,577 INFO heard: how
2026-09-13 22:15:12,826 INFO heard: how
2026-09-13 22:15:32,826 INFO heard: how
2026-09-13 22:15:53,077 INFO heard: how
2026-09-13 22:16:13,328 INFO heard: how
2026-09-13 22:16:33,327 INFO heard: how
2026-09-13 22:16:53,580 INFO heard: how
2026-09-13 22:17:13,832 INFO heard: how
2026-09-13 22:17:34,081 INFO heard: how
2026-09-13 22:17:54,329 INFO heard: how
2026-09-13 22:18:14,331 INFO heard: how
2026-09-13 22:18:34,580 INFO heard: how
2026-09-13 22:18:54,830 INFO heard: how
2026-09-13 22:19:14,831 INFO heard: how
2026-09-13 22:19:35,081 INFO heard: how
2026-09-13 22:19:55,331 INFO heard: how
2026-09-13 22:20:08,084 INFO heard: hear
2026-09-13 22:20:28,334 INFO heard: how
2026-09-13 22:20:48,584 INFO heard: how
2026-09-13 22:21:08,582 INFO heard: how
2026-09-13 22:21:28,832 INFO heard: how
2026-09-13 22:21:49,082 INFO heard: how
2026-09-13 22:22:09,083 INFO heard: how
2026-09-13 22:22:29,333 INFO heard: how
2026-09-13 22:22:49,583 INFO heard: how
2026-09-13 22:23:09,586 INFO heard: how
2026-09-13 22:23:29,834 INFO heard: how
2026-09-13 22:23:49,842 INFO heard: how
2026-09-13 22:24:10,085 INFO heard: how
2026-09-13 22:24:30,585 INFO heard: how
2026-09-13 22:24:50,585 INFO heard: how
2026-09-13 22:25:10,835 INFO heard: how
2026-09-13 22:25:19,586 INFO heard: hear
2026-09-13 22:28:25,090 INFO heard: how
2026-09-13 22:28:45,090 INFO heard: how
2026-09-13 22:29:05,343 INFO heard: how
2026-09-13 22:29:25,594 INFO heard: how
2026-09-13 22:29:45,590 INFO heard: how
2026-09-13 22:30:05,841 INFO heard: how
2026-09-13 22:30:26,102 INFO heard: how
2026-09-13 22:30:46,340 INFO heard: how
2026-09-13 22:31:06,591 INFO heard: how
2026-09-13 22:31:26,592 INFO heard: how
2026-09-13 22:31:46,844 INFO heard: how
2026-09-13 22:32:07,093 INFO heard: how
2026-09-13 22:32:08,475 INFO heard: cyrus play alone
2026-09-13 22:32:08,475 INFO command: play song alone
2026-09-13 22:32:09,277 INFO say: Playing Alone by Alan Walker, sir.
2026-09-13 22:32:09,278 INFO playback: autoplay
2026-09-13 22:32:09,278 INFO heard: cyrus play
2026-09-13 22:32:09,278 INFO command: play play
2026-09-13 22:32:09,278 INFO heard: cyrus pause
2026-09-13 22:32:09,278 INFO command: play 
2026-09-13 22:32:09,596 INFO heard: cyrus play a load
2026-09-13 22:32:10,082 INFO heard (full vocabulary): cyrus play alone
2026-09-13 22:32:10,085 INFO command: play song alone
2026-09-13 22:32:10,859 INFO say: Playing Alone by Alan Walker, sir.
2026-09-13 22:32:10,859 INFO playback: autoplay
2026-09-13 22:32:11,124 INFO heard: cyrus play show of you
2026-09-13 22:32:11,680 INFO heard (full vocabulary): cyrus play shape of you
2026-09-13 22:32:11,684 INFO command: play song shape of you
2026-09-13 22:32:12,421 INFO say: Playing Shape of You by Ed Sheeran, sir.
2026-09-13 22:32:12,422 INFO playback: autoplay
2026-09-13 22:32:12,701 INFO heard: cyrus play [unk]
2026-09-13 22:32:13,326 INFO heard (full vocabulary): cyrus play believer by imagine dragons
2026-09-13 22:32:13,330 INFO command: play song believer by imagine dragons
2026-09-13 22:32:14,207 INFO say: Playing Believer by Imagine Dragons, sir.
2026-09-13 22:32:14,211 INFO playback: autoplay
2026-09-13 22:32:14,487 INFO heard: cyrus play [unk]
2026-09-13 22:32:15,073 INFO heard (full vocabulary): cyrus play faded by alan walker
2026-09-13 22:32:15,077 INFO command: play song faded by alan walker
2026-09-13 22:32:15,944 INFO say: Playing Faded by Alan Walker, sir.
2026-09-13 22:32:15,944 INFO playback: autoplay
2026-09-13 22:32:16,210 INFO heard: cyrus play so music
2026-09-13 22:32:16,704 INFO heard (full vocabulary): cyrus play some music
2026-09-13 22:32:16,707 INFO say: What should I play, sir?
2026-09-13 22:32:16,707 INFO heard: how
2026-09-13 22:32:16,964 INFO heard: [unk]
2026-09-13 22:32:17,463 INFO heard (full vocabulary): blinding lights
2026-09-13 22:32:17,467 INFO command: play song blinding lights
2026-09-13 22:32:18,250 INFO say: Playing Blinding Lights by The Weeknd, sir.
2026-09-13 22:32:18,250 INFO playback: autoplay
2026-09-13 22:32:18,251 INFO heard: cyrus play music
2026-09-13 22:32:18,251 INFO say: What should I play, sir?
2026-09-13 22:32:18,251 INFO heard: cancel
2026-09-13 22:32:18,251 INFO say: Okay, sir.
2026-09-13 22:32:27,093 INFO heard: how
2026-09-13 22:32:28,182 INFO heard: cyrus play alone
2026-09-13 22:32:28,182 INFO command: play song alone
2026-09-13 22:32:28,950 INFO say: Playing Alone, Pt. II by Alan Walker & Ava Max, sir.
2026-09-13 22:32:28,950 INFO playback: blocked
2026-09-13 22:32:28,950 INFO say: The browser blocked autoplay, sir. Press play on the video.
2026-09-13 22:32:28,950 INFO heard: cyrus play alone
2026-09-13 22:32:28,950 INFO command: play song alone
2026-09-13 22:32:30,739 INFO say: Playing Alone by Alan Walker, sir.
2026-09-13 22:32:30,739 INFO playback: autoplay
2026-09-13 22:32:30,740 INFO heard: cyrus play alone
2026-09-13 22:32:30,740 INFO command: play song alone
2026-09-13 22:32:30,740 WARNING youtube lookup failed: no network
2026-09-13 22:32:30,740 INFO say: I couldn't reach YouTube, sir. Opening the search instead.
2026-09-13 22:32:31,205 INFO listening
2026-09-13 22:32:31,274 INFO heard: cyrus play a load
2026-09-13 22:32:31,800 INFO heard (full vocabulary): cyrus play alone
2026-09-13 22:32:31,803 INFO command: play song alone
2026-09-13 22:32:32,721 INFO say: Playing Alone by Alan Walker, sir.
2026-09-13 22:32:32,721 INFO playback: autoplay
2026-09-13 22:32:44,844 INFO heard: how
2026-09-13 22:35:36,347 INFO heard: grab
2026-09-13 22:36:01,596 INFO heard: before noise
2026-09-13 22:36:36,349 INFO heard: loud
2026-09-13 22:36:42,097 INFO heard: quiet
2026-09-13 22:36:46,098 INFO heard: tiny time
2026-09-13 22:36:48,598 INFO heard: spotify
2026-09-13 22:36:50,599 INFO heard: code
2026-09-13 22:36:59,096 INFO heard: previous
2026-09-13 22:37:00,098 INFO heard: to
2026-09-13 22:37:01,096 INFO heard: shot
2026-09-13 22:37:14,848 INFO heard: so percent
2026-09-13 22:37:17,609 INFO heard: quieter
2026-09-13 22:37:21,850 INFO heard: you do
2026-09-13 22:37:23,601 INFO heard: yes
2026-09-13 22:37:33,098 INFO heard: what day show
2026-09-13 22:37:38,099 INFO heard: day
2026-09-13 22:37:42,351 INFO heard: thirty
2026-09-13 22:37:44,849 INFO heard: kill date event
2026-09-13 22:37:49,599 INFO heard: eighteen
2026-09-13 22:37:52,848 INFO heard: processor me weeks
2026-09-13 22:37:56,601 INFO heard: date
2026-09-13 22:37:58,598 INFO heard: possible
2026-09-13 22:38:00,349 INFO heard: kill
2026-09-13 22:38:02,351 INFO heard: launch
2026-09-13 22:38:03,599 INFO heard: launch
2026-09-13 22:38:09,608 INFO heard: highest kill the date too quiet am calendar take a little by
2026-09-13 22:38:11,099 INFO heard: fire
2026-09-13 22:38:14,598 INFO heard: do
2026-09-13 22:38:16,351 INFO heard: down
2026-09-13 22:38:19,099 INFO heard: to do december
2026-09-13 22:38:23,600 INFO heard: [unk] take a little bit
2026-09-13 22:38:25,348 INFO heard: july
2026-09-13 22:38:37,099 INFO heard: event
2026-09-13 22:38:38,347 INFO heard: drop
2026-09-13 22:38:41,100 INFO heard: day
2026-09-13 22:38:46,354 INFO heard: kill
2026-09-13 22:38:48,100 INFO heard: down
2026-09-13 22:38:51,101 INFO heard: hear
2026-09-13 22:38:54,098 INFO heard: hour
2026-09-13 22:38:56,851 INFO heard: complete
2026-09-13 22:39:03,101 INFO heard: picture
2026-09-13 22:39:06,599 INFO heard: show
2026-09-13 22:39:12,103 INFO heard: five
2026-09-13 22:39:17,350 INFO heard: evening what is it
2026-09-13 22:39:20,600 INFO heard: cannot
2026-09-13 22:39:24,101 INFO heard: time complete the date
2026-09-13 22:39:27,599 INFO heard: event
2026-09-13 22:39:28,598 INFO heard: do
2026-09-13 22:39:33,850 INFO heard: event
2026-09-13 22:39:36,099 INFO heard: eleven too low
2026-09-13 22:39:41,102 INFO heard: event
2026-09-13 22:39:45,099 INFO heard: so
2026-09-13 22:39:49,850 INFO heard: fire
2026-09-13 22:39:53,600 INFO heard: shot
2026-09-13 22:39:55,849 INFO heard: evening picture
2026-09-13 22:39:57,850 INFO heard: down run
2026-09-13 22:40:00,600 INFO heard: all the november
2026-09-13 22:40:07,850 INFO heard: go to
2026-09-13 22:40:10,100 INFO heard: song pc
2026-09-13 22:40:11,099 INFO heard: go to
2026-09-13 22:40:13,099 INFO heard: slightly
2026-09-13 22:40:15,102 INFO heard: day audio
2026-09-13 22:40:26,104 INFO heard: system hundred
2026-09-13 22:40:31,854 INFO heard: possible
2026-09-13 22:40:35,100 INFO heard: a bit kill
2026-09-13 22:40:38,102 INFO heard: how to do
2026-09-13 22:40:40,600 INFO heard: go hear pm
2026-09-13 22:40:51,134 INFO heard: manager
2026-09-13 22:40:54,104 INFO heard: off joke
2026-09-13 22:40:55,099 INFO heard: two
2026-09-13 22:40:56,601 INFO heard: can little bit
2026-09-13 22:41:01,603 INFO heard: machine
2026-09-13 22:41:03,100 INFO heard: grab
2026-09-13 22:41:05,851 INFO heard: first up
2026-09-13 22:41:07,100 INFO heard: april
2026-09-13 22:41:10,357 INFO heard: system status volume
2026-09-13 22:41:11,601 INFO heard: that
2026-09-13 22:41:17,355 INFO heard: is the what lowest way this tell july five
2026-09-13 22:41:20,601 INFO heard: noise
2026-09-13 22:41:27,353 INFO heard: april up agenda
2026-09-13 22:41:30,353 INFO heard: switch kill eighth
2026-09-13 22:41:35,352 INFO heard: computer
2026-09-13 22:41:47,351 INFO heard: previous four
2026-09-13 22:41:48,852 INFO heard: off low
2026-09-13 22:41:52,852 INFO heard: system processor a processor
2026-09-13 22:41:55,102 INFO heard: drop
2026-09-13 22:41:58,101 INFO heard: forty
2026-09-13 22:41:59,102 INFO heard: it song
2026-09-13 22:42:03,612 INFO heard: do
2026-09-13 22:42:07,102 INFO heard: [unk] evening august fifty
2026-09-13 22:42:09,105 INFO heard: a raise
2026-09-13 22:42:11,853 INFO heard: a
2026-09-13 22:42:13,602 INFO heard: sunday
2026-09-13 22:42:21,363 INFO heard: mute the
2026-09-13 22:42:23,352 INFO heard: pc july screen
2026-09-13 22:42:24,601 INFO heard: a lot
2026-09-13 22:42:28,357 INFO heard: minute
2026-09-13 22:42:31,104 INFO heard: good lots remind tuesday that
2026-09-13 22:42:33,870 INFO heard: display off the july
2026-09-13 22:42:34,852 INFO heard: video pc pm
2026-09-13 22:42:40,107 INFO heard: on
2026-09-13 22:42:41,101 INFO heard: processor
2026-09-13 22:42:47,858 INFO heard: my edge dimmer
2026-09-13 22:42:49,854 INFO heard: crank it fire
2026-09-13 22:42:50,853 INFO heard: chrome
2026-09-13 22:42:54,602 INFO heard: so evening agenda pc
2026-09-13 22:42:56,102 INFO heard: shut
2026-09-13 22:42:58,858 INFO heard: go it up me a lot
2026-09-13 22:43:04,115 INFO heard: are
2026-09-13 22:43:06,853 INFO heard: wake hundred picture
2026-09-13 22:43:10,102 INFO heard: lessen show kill
2026-09-13 22:43:11,853 INFO heard: event
2026-09-13 22:43:13,351 INFO heard: kill
2026-09-13 22:43:14,602 INFO heard: it up
2026-09-13 22:43:16,854 INFO heard: on
2026-09-13 22:43:22,106 INFO heard: april status reduce the date
2026-09-13 22:43:27,105 INFO heard: shutdown
2026-09-13 22:43:28,852 INFO heard: is it
2026-09-13 22:43:32,352 INFO heard: song
2026-09-13 22:43:33,353 INFO heard: shut
2026-09-13 22:43:38,355 INFO heard: one
2026-09-13 22:43:40,356 INFO heard: capture
2026-09-13 22:43:41,353 INFO heard: shot
2026-09-13 22:43:46,362 INFO heard: am
2026-09-13 22:43:47,354 INFO heard: funny kill
2026-09-13 22:43:52,356 INFO heard: little
2026-09-13 22:43:54,356 INFO heard: softer
2026-09-13 22:43:58,855 INFO heard: computer
2026-09-13 22:44:00,854 INFO heard: softer
2026-09-13 22:44:02,606 INFO heard: it up
2026-09-13 22:44:05,353 INFO heard: off more
2026-09-13 22:44:07,104 INFO heard: before
2026-09-13 22:44:08,603 INFO heard: settings
2026-09-13 22:44:10,357 INFO heard: so event
2026-09-13 22:44:12,605 INFO heard: higher
2026-09-13 22:44:15,856 INFO heard: switch eighty thirteenth
2026-09-13 22:44:36,355 INFO heard: six
2026-09-13 22:44:46,611 INFO heard: song
2026-09-13 22:45:11,356 INFO heard: how
2026-09-13 22:45:58,104 INFO heard: status
2026-09-13 22:46:08,606 INFO heard: so
2026-09-13 22:46:25,106 INFO heard: so every
2026-09-13 22:46:48,108 INFO heard: so event
2026-09-13 22:46:59,856 INFO heard: what is
2026-09-13 22:47:09,887 INFO heard: whats
2026-09-13 22:47:12,106 INFO heard: status
2026-09-13 22:47:22,358 INFO heard: today
2026-09-13 22:48:08,108 INFO heard: how
2026-09-13 22:48:28,357 INFO heard: how
2026-09-13 22:48:48,607 INFO heard: how
2026-09-13 22:49:08,607 INFO heard: how
2026-09-13 22:49:28,858 INFO heard: how
2026-09-13 22:49:49,108 INFO heard: how
2026-09-13 22:50:09,111 INFO heard: how
2026-09-13 22:50:29,359 INFO heard: how
2026-09-13 22:50:49,611 INFO heard: how
2026-09-13 22:51:09,612 INFO heard: how
2026-09-13 22:51:29,862 INFO heard: how
2026-09-13 22:51:46,361 INFO heard: how
2026-09-13 22:52:52,113 INFO heard: how
2026-09-13 22:53:12,363 INFO heard: how
2026-09-13 22:53:32,363 INFO heard: how
2026-09-13 22:53:40,362 INFO heard: whats
2026-09-13 22:54:15,613 INFO heard: how
2026-09-13 22:54:35,863 INFO heard: how
2026-09-13 22:54:56,363 INFO heard: how
2026-09-13 22:55:16,364 INFO heard: how
2026-09-13 22:55:36,613 INFO heard: how
2026-09-13 22:55:56,866 INFO heard: how
2026-09-13 22:56:16,868 INFO heard: how
2026-09-13 22:56:37,114 INFO heard: how
2026-09-13 22:56:57,365 INFO heard: how
2026-09-13 22:57:17,365 INFO heard: how
2026-09-13 22:57:37,616 INFO heard: how
2026-09-13 22:57:57,869 INFO heard: how
2026-09-13 22:58:18,116 INFO heard: how
2026-09-13 22:58:38,367 INFO heard: how
2026-09-13 22:58:58,367 INFO heard: how
2026-09-13 22:59:18,620 INFO heard: how
2026-09-13 22:59:38,867 INFO heard: how
2026-09-13 22:59:58,867 INFO heard: how
2026-09-13 23:00:19,118 INFO heard: how
2026-09-13 23:00:39,371 INFO heard: how
2026-09-13 23:00:59,369 INFO heard: how
2026-09-13 23:01:19,619 INFO heard: how
2026-09-13 23:01:39,874 INFO heard: how
2026-09-13 23:02:00,122 INFO heard: how
2026-09-13 23:02:20,372 INFO heard: how
2026-09-13 23:02:40,371 INFO heard: how
2026-09-13 23:03:13,371 INFO heard: how
2026-09-13 23:03:38,621 INFO heard: how
2026-09-13 23:03:58,622 INFO heard: how
2026-09-13 23:04:18,872 INFO heard: how
2026-09-13 23:04:39,122 INFO heard: how
2026-09-13 23:25:08,394 INFO heard: how
2026-09-13 23:25:28,392 INFO heard: how
2026-09-13 23:25:48,642 INFO heard: how
2026-09-13 23:26:08,892 INFO heard: how
2026-09-13 23:26:28,892 INFO heard: how
2026-09-13 23:26:49,143 INFO heard: how
2026-09-13 23:27:09,394 INFO heard: how
2026-09-13 23:27:29,396 INFO heard: how
2026-09-13 23:27:49,644 INFO heard: how
2026-09-13 23:28:09,898 INFO heard: how
2026-09-13 23:28:30,144 INFO heard: how
2026-09-13 23:28:50,394 INFO heard: how
2026-09-13 23:29:10,395 INFO heard: how
2026-09-13 23:29:30,645 INFO heard: how
2026-09-13 23:29:50,895 INFO heard: how
2026-09-13 23:30:10,896 INFO heard: how
2026-09-13 23:30:31,147 INFO heard: how
2026-09-13 23:30:51,397 INFO heard: how
2026-09-13 23:31:11,397 INFO heard: how
2026-09-13 23:31:31,647 INFO heard: how
2026-09-13 23:31:51,900 INFO heard: how
2026-09-13 23:32:12,148 INFO heard: how
2026-09-13 23:32:32,398 INFO heard: how
2026-09-13 23:32:52,399 INFO heard: how
2026-09-13 23:33:12,649 INFO heard: how
2026-09-13 23:33:32,899 INFO heard: how
2026-09-13 23:33:52,900 INFO heard: how
2026-09-13 23:35:47,903 INFO heard: happening
2026-09-13 23:49:05,585 INFO say: Xyrus is online.
2026-09-13 23:49:05,933 INFO listening
2026-09-13 23:49:18,200 INFO heard: half
2026-09-13 23:49:26,449 INFO heard: cyrus
2026-09-13 23:49:26,449 INFO say: Yes, sir?
2026-09-13 23:49:30,450 INFO heard: what you down hear me
2026-09-13 23:49:30,852 INFO heard (full vocabulary): you don't hear me
2026-09-13 23:49:37,952 INFO heard: hear
2026-09-13 23:49:43,450 INFO heard: cyrus can you
2026-09-13 23:49:44,042 INFO heard (full vocabulary): sas can you play
2026-09-13 23:49:45,451 INFO heard: play as song [unk]
2026-09-13 23:49:45,863 INFO heard (full vocabulary): sure my liking
2026-09-13 23:49:45,865 INFO command: play song sure my liking
2026-09-13 23:49:46,438 INFO say: Playing Liking It "2019 Soca" by Sure-D x Julius, sir.
2026-09-13 23:49:49,170 INFO playback: autoplay
2026-09-13 23:49:57,700 INFO heard: cyrus play [unk]
2026-09-13 23:49:58,309 INFO heard (full vocabulary): ios play issue war
2026-09-13 23:49:58,313 INFO command: play song issue war
2026-09-13 23:49:59,101 INFO say: Playing Jeffrey Sachs Issues Chilling Iran War Warning: �Iran Can Do, sir.
2026-09-13 23:50:01,829 INFO playback: autoplay
2026-09-13 23:50:09,701 INFO heard: you shot by my day
2026-09-13 23:50:56,202 INFO heard: cyrus
2026-09-13 23:50:56,202 INFO say: At your service, sir.
2026-09-13 23:50:59,951 INFO heard: shot
2026-09-13 23:51:25,206 INFO heard: how
2026-09-13 23:51:30,204 INFO heard: october
2026-09-13 23:51:33,203 INFO heard: up on lessen
2026-09-13 23:51:35,952 INFO heard: softer track lots
2026-09-13 23:51:38,703 INFO heard: so could
2026-09-13 23:51:42,952 INFO heard: [unk] a lot the way keep it up
2026-09-13 23:53:31,704 INFO heard: event
2026-09-13 23:53:46,705 INFO heard: seven
2026-09-13 23:56:08,956 INFO heard: seventh
2026-09-13 23:56:32,958 INFO heard: august
2026-09-13 23:59:06,460 INFO heard: amplify
2026-09-14 00:02:24,258 INFO heard: november
2026-09-14 00:02:34,213 INFO heard: snap
2026-09-14 00:03:04,463 INFO heard: how
2026-09-14 00:05:46,965 INFO heard: down
2026-09-14 00:11:10,221 INFO heard: joke few
2026-09-14 00:13:01,724 INFO heard: how
2026-09-14 00:15:12,724 INFO heard: the
2026-09-14 00:16:08,475 INFO heard: date
2026-09-14 00:19:11,977 INFO heard: date machine
2026-09-14 00:19:37,728 INFO heard: track turn on [unk]
2026-09-14 00:19:38,978 INFO heard: date machine [unk]
2026-09-14 00:19:40,978 INFO heard: off [unk]
2026-09-14 00:19:42,730 INFO heard: july my
2026-09-14 00:19:44,479 INFO heard: finished all the [unk]
2026-09-14 00:20:38,230 INFO heard: how
2026-09-14 00:21:37,729 INFO heard: manager [unk]
2026-09-14 00:21:57,980 INFO heard: these
2026-09-14 00:23:21,485 INFO heard: how
2026-09-14 00:23:38,484 INFO heard: hear
2026-09-14 00:23:47,732 INFO heard: resume
2026-09-14 00:25:28,236 INFO heard: how
2026-09-14 00:25:53,233 INFO heard: window
2026-09-14 00:27:08,986 INFO heard: how
2026-09-14 00:28:59,238 INFO heard: whats
2026-09-14 00:29:51,740 INFO heard: how
2026-09-14 00:30:13,239 INFO heard: is down
2026-09-14 00:32:56,493 INFO heard: do
2026-09-14 00:33:52,242 INFO heard: up the laugh
2026-09-14 00:35:41,493 INFO heard: loud
2026-09-14 00:36:21,993 INFO heard: hear anything wake
2026-09-14 00:46:42,756 INFO heard: lot
2026-09-14 00:48:54,505 INFO heard: august reduce
2026-09-14 00:52:46,759 INFO heard: good bit
2026-09-14 00:54:47,012 INFO heard: one
2026-09-14 00:55:20,012 INFO heard: on
2026-09-14 00:56:05,263 INFO heard: help
2026-09-14 00:56:06,012 INFO heard: lock
2026-09-14 00:56:26,263 INFO heard: how
2026-09-14 00:56:51,514 INFO heard: hear
2026-09-14 00:57:16,016 INFO heard: happening
2026-09-14 00:58:51,765 INFO heard: how
2026-09-14 00:59:03,765 INFO heard: what
2026-09-14 00:59:08,774 INFO heard: lot
2026-09-14 01:00:26,517 INFO heard: hear down a little
2026-09-14 01:02:01,767 INFO heard: on
2026-09-14 01:10:02,275 INFO heard: how
2026-09-14 01:10:22,276 INFO heard: how
2026-09-14 01:10:42,526 INFO heard: how
2026-09-14 01:11:03,779 INFO heard: hear
2026-09-14 01:11:29,030 INFO heard: how
2026-09-14 01:11:47,281 INFO heard: hear
2026-09-14 01:12:07,527 INFO heard: how
2026-09-14 01:12:27,781 INFO heard: how
2026-09-14 01:12:41,278 INFO heard: hear
2026-09-14 01:13:01,528 INFO heard: how
2026-09-14 01:13:21,029 INFO heard: what
2026-09-14 01:13:41,029 INFO heard: how
2026-09-14 01:14:01,284 INFO heard: how
2026-09-14 01:14:21,531 INFO heard: higher
2026-09-14 01:14:46,530 INFO heard: how
2026-09-14 01:15:06,784 INFO heard: how
2026-09-14 01:15:27,034 INFO heard: how
2026-09-14 01:15:47,032 INFO heard: how
2026-09-14 01:16:07,285 INFO heard: hear
2026-09-14 01:16:35,782 INFO heard: have
2026-09-14 01:17:21,788 INFO heard: hear
2026-09-14 01:17:42,035 INFO heard: how
2026-09-14 01:17:48,785 INFO heard: how january
2026-09-14 01:17:53,784 INFO heard: morning
2026-09-14 01:17:55,282 INFO heard: the way
2026-09-14 01:18:11,783 INFO heard: hear
2026-09-14 01:18:34,535 INFO heard: hundred
2026-09-14 01:18:42,534 INFO heard: audio
2026-09-14 01:19:05,783 INFO heard: hear
2026-09-14 01:19:15,786 INFO heard: volume
2026-09-14 01:19:16,783 INFO heard: how
2026-09-14 01:19:18,033 INFO heard: how
2026-09-14 01:19:48,284 INFO heard: how
2026-09-14 01:20:08,785 INFO heard: how
2026-09-14 01:20:34,036 INFO heard: how
2026-09-14 01:20:54,037 INFO heard: how
2026-09-14 01:21:14,290 INFO heard: how
2026-09-14 01:21:34,290 INFO heard: how
2026-09-14 01:21:44,287 INFO heard: hear
2026-09-14 01:22:52,538 INFO heard: higher off
2026-09-14 01:23:03,787 INFO heard: virus
2026-09-14 01:23:03,788 INFO say: Waiting for your command, sir.
2026-09-14 01:23:10,288 INFO heard: ninety
2026-09-14 01:23:18,537 INFO heard: hear
2026-09-14 01:23:20,537 INFO heard: by
2026-09-14 01:23:28,037 INFO heard: dial
2026-09-14 01:23:32,787 INFO heard: cyrus
2026-09-14 01:23:32,787 INFO say: Yes, sir?
2026-09-14 01:23:37,537 INFO heard: dial by
2026-09-14 01:23:44,287 INFO heard: zeros
2026-09-14 01:23:44,288 INFO say: I'm listening, sir.
2026-09-14 01:23:55,288 INFO heard: play higher [unk]
2026-09-14 01:23:56,027 INFO heard (full vocabulary): play tired by alan know occur
2026-09-14 01:23:56,032 INFO command: play song tired by alan know occur
2026-09-14 01:23:56,777 INFO say: Playing Tired by Alan Walker ft. Gavin James, sir.
2026-09-14 01:23:59,819 INFO playback: autoplay
2026-09-14 01:24:04,039 INFO heard: cyrus
2026-09-14 01:24:04,039 INFO say: I'm listening, sir.
2026-09-14 01:24:08,538 INFO heard: play not [unk]
2026-09-14 01:24:09,109 INFO heard (full vocabulary): play and not by linking
2026-09-14 01:24:09,113 INFO command: play song and not by linking
2026-09-14 01:24:09,538 INFO heard: power
2026-09-14 01:24:09,684 INFO say: Playing Fix Whatsapp Couldn't link device try again later problem, sir.
2026-09-14 01:24:12,113 INFO playback: autoplay
2026-09-14 01:24:17,538 INFO heard: in am by [unk]
2026-09-14 01:24:18,788 INFO heard: bring third
2026-09-14 01:24:28,038 INFO heard: by [unk] cyrus
2026-09-14 01:24:28,038 INFO say: I'm listening, sir.
2026-09-14 01:24:32,288 INFO heard: play november
2026-09-14 01:24:32,670 INFO heard (full vocabulary): they now by
2026-09-14 01:24:32,672 INFO command: play song they now by
2026-09-14 01:24:33,015 INFO heard: cyrus play [unk]
2026-09-14 01:24:33,015 INFO heard (whisper, 0.0 s): xyrus play ishwar by vikings
2026-09-14 01:24:33,015 INFO command: play song ishwar by vikings
2026-09-14 01:24:33,015 INFO say: Playing Ishwar by Vikings, sir.
2026-09-14 01:24:33,015 INFO playback: autoplay
2026-09-14 01:24:33,016 INFO heard: cyrus [unk]
2026-09-14 01:24:33,016 INFO heard (whisper, 0.0 s): xyrus play ishwar by vikings
2026-09-14 01:24:33,016 INFO command: play song ishwar by vikings
2026-09-14 01:24:33,016 INFO say: Playing Ishwar by Vikings, sir.
2026-09-14 01:24:33,016 INFO playback: autoplay
2026-09-14 01:24:33,017 INFO heard: cyrus remind [unk] tomorrow add five
2026-09-14 01:24:33,017 INFO command: calendar add
2026-09-14 01:24:33,017 INFO heard (whisper, 0.0 s): remind me to call the dentist tomorrow at five
2026-09-14 01:24:33,018 INFO say: I'll remind you tomorrow at 5 pm: Call the dentist.
2026-09-14 01:24:33,018 INFO heard: not that one
2026-09-14 01:24:33,018 INFO command: next song result for ishwar by vikings
2026-09-14 01:24:33,018 INFO say: Trying Ishwar by Meet The Fan, sir.
2026-09-14 01:24:33,018 INFO playback: autoplay
2026-09-14 01:24:33,018 INFO heard: cyrus wrong song
2026-09-14 01:24:33,018 INFO command: next song result for ishwar by vikings
2026-09-14 01:24:33,018 INFO say: Trying Ishwar by Music Castle, sir.
2026-09-14 01:24:33,018 INFO playback: autoplay
2026-09-14 01:24:33,018 INFO heard: cyrus another one
2026-09-14 01:24:33,018 INFO command: next song result for ishwar by vikings
2026-09-14 01:24:33,018 INFO say: That's all I found for ishwar by vikings, sir. Try saying the name again.
2026-09-14 01:24:33,019 INFO heard: not that one
2026-09-14 01:24:33,019 INFO heard: another one
2026-09-14 01:24:33,019 INFO heard: cyrus play [unk]
2026-09-14 01:24:33,019 INFO command: play song alone
2026-09-14 01:24:33,019 INFO say: Playing Alone, sir.
2026-09-14 01:24:33,019 INFO playback: autoplay
2026-09-14 01:24:33,192 INFO say: Playing EMILY JEFFRI by WHERE ARE THEY NOW ?, sir.
2026-09-14 01:24:33,854 INFO heard: cyrus play alone
2026-09-14 01:24:33,854 INFO command: play song alone
2026-09-14 01:24:34,473 INFO say: Playing Alone by Alan Walker, sir.
2026-09-14 01:24:34,473 INFO playback: autoplay
2026-09-14 01:24:34,473 INFO heard: cyrus play
2026-09-14 01:24:34,473 INFO command: play play
2026-09-14 01:24:34,473 INFO heard: cyrus pause
2026-09-14 01:24:34,473 INFO command: play 
2026-09-14 01:24:34,903 INFO heard: cyrus play a load
2026-09-14 01:24:35,437 INFO heard (full vocabulary): cyrus play alone
2026-09-14 01:24:35,441 INFO command: play song alone
2026-09-14 01:24:35,620 INFO playback: autoplay
2026-09-14 01:24:36,129 INFO say: Playing Alone by Alan Walker, sir.
2026-09-14 01:24:36,129 INFO playback: autoplay
2026-09-14 01:24:36,439 INFO heard: cyrus play show of you
2026-09-14 01:24:37,019 INFO heard (full vocabulary): cyrus play shape of you
2026-09-14 01:24:37,023 INFO command: play song shape of you
2026-09-14 01:24:37,874 INFO say: Playing Shape of You by Ed Sheeran, sir.
2026-09-14 01:24:37,874 INFO playback: autoplay
2026-09-14 01:24:38,174 INFO heard: cyrus play [unk]
2026-09-14 01:24:38,289 INFO heard: put [unk]
2026-09-14 01:24:38,829 INFO heard (full vocabulary): cyrus play believer by imagine dragons
2026-09-14 01:24:38,833 INFO command: play song believer by imagine dragons
2026-09-14 01:24:39,560 INFO say: Playing Believer by Imagine Dragons, sir.
2026-09-14 01:24:39,560 INFO playback: autoplay
2026-09-14 01:24:39,868 INFO heard: cyrus play [unk]
2026-09-14 01:24:40,459 INFO heard (full vocabulary): cyrus play faded by alan walker
2026-09-14 01:24:40,463 INFO command: play song faded by alan walker
2026-09-14 01:24:41,090 INFO say: Playing Faded by Alan Walker, sir.
2026-09-14 01:24:41,090 INFO playback: autoplay
2026-09-14 01:24:41,377 INFO heard: cyrus play so music
2026-09-14 01:24:41,538 INFO heard: [unk] it on hear
2026-09-14 01:24:41,887 INFO heard (full vocabulary): cyrus play some music
2026-09-14 01:24:41,890 INFO say: What should I play, sir?
2026-09-14 01:24:41,890 INFO heard: how
2026-09-14 01:24:42,165 INFO heard: [unk]
2026-09-14 01:24:42,673 INFO heard (full vocabulary): blinding lights
2026-09-14 01:24:42,676 INFO command: play song blinding lights
2026-09-14 01:24:43,316 INFO say: Playing Blinding Lights by The Weeknd, sir.
2026-09-14 01:24:43,317 INFO playback: autoplay
2026-09-14 01:24:43,317 INFO heard: cyrus play music
2026-09-14 01:24:43,317 INFO say: What should I play, sir?
2026-09-14 01:24:43,317 INFO heard: cancel
2026-09-14 01:24:43,317 INFO say: Okay, sir.
2026-09-14 01:24:53,259 INFO heard: cyrus play alone
2026-09-14 01:24:53,259 INFO command: play song alone
2026-09-14 01:24:53,895 INFO say: Playing Alone by Alan Walker, sir.
2026-09-14 01:24:53,895 INFO playback: blocked
2026-09-14 01:24:53,895 INFO say: The browser blocked autoplay, sir. Press play on the video.
2026-09-14 01:24:53,895 INFO heard: cyrus play alone
2026-09-14 01:24:53,895 INFO command: play song alone
2026-09-14 01:24:55,356 INFO say: Playing Alone by Alan Walker, sir.
2026-09-14 01:24:55,356 INFO playback: autoplay
2026-09-14 01:24:55,356 INFO heard: cyrus play alone
2026-09-14 01:24:55,356 INFO command: play song alone
2026-09-14 01:24:55,356 WARNING youtube lookup failed: no network
2026-09-14 01:24:55,356 INFO say: I couldn't reach YouTube, sir. Opening the search instead.
2026-09-14 01:24:55,921 INFO listening
2026-09-14 01:24:55,991 INFO heard: cyrus play a load
2026-09-14 01:24:56,674 INFO heard (full vocabulary): cyrus play alone
2026-09-14 01:24:56,677 INFO command: play song alone
2026-09-14 01:24:57,279 INFO say: Playing Alone by Alan Walker, sir.
2026-09-14 01:24:57,279 INFO playback: autoplay
2026-09-14 01:24:57,666 INFO heard: cyrus can you lower the volume a bit
2026-09-14 01:24:57,666 INFO command: vol_step -5
2026-09-14 01:24:57,666 INFO say: Volume at 45 percent, sir.
2026-09-14 01:24:57,666 INFO heard: cyrus decrease the sound
2026-09-14 01:24:57,666 INFO command: vol_step -10
2026-09-14 01:24:57,666 INFO say: Volume at 35 percent, sir.
2026-09-14 01:24:57,666 INFO heard: cyrus set the volume to thirty percent
2026-09-14 01:24:57,666 INFO command: vol_set 30
2026-09-14 01:24:57,666 INFO say: Volume at 30 percent, sir.
2026-09-14 01:24:57,666 INFO heard: cyrus turn off the sound
2026-09-14 01:24:57,666 INFO command: mute 
2026-09-14 01:24:57,666 INFO say: Muting, sir.
2026-09-14 01:24:57,666 INFO heard: cyrus turn the sound back on
2026-09-14 01:24:57,666 INFO command: unmute 
2026-09-14 01:24:57,666 INFO say: Sound's back on, sir. Volume at 30 percent.
2026-09-14 01:24:57,666 INFO heard: cyrus turn off the computer
2026-09-14 01:24:57,666 INFO command: shutdown 
2026-09-14 01:24:57,666 INFO say: Shut down? Say yes to confirm, or cancel.
2026-09-14 01:24:57,666 INFO heard: cancel
2026-09-14 01:24:57,666 INFO say: Cancelled.
2026-09-14 01:24:57,666 INFO heard: cyrus turn off the lights
2026-09-14 01:24:57,666 INFO command: cant 
2026-09-14 01:24:57,666 INFO say: Sorry, sir, I can't do that one.
2026-09-14 01:24:57,666 INFO heard: cyrus shut down [unk]
2026-09-14 01:24:57,667 INFO heard: cyrus could you open google chrome for me
2026-09-14 01:24:57,667 INFO command: open chrome
2026-09-14 01:24:57,667 INFO say: Opening chrome.
2026-09-14 01:24:57,667 INFO heard: cyrus dim the screen
2026-09-14 01:24:57,667 INFO command: bright_step -10
2026-09-14 01:24:57,667 INFO say: Brightness at 60 percent, sir.
2026-09-14 01:24:57,667 INFO heard: cyrus what's the volume
2026-09-14 01:24:57,667 INFO command: vol_query 
2026-09-14 01:24:57,667 INFO say: The volume is at 30 percent, sir.
2026-09-14 01:24:58,177 INFO heard: cyrus can you decrease the sound
2026-09-14 01:24:58,178 INFO command: vol_step -10
2026-09-14 01:24:58,178 INFO say: Volume at 20 percent, sir.
2026-09-14 01:24:58,463 INFO heard: cyrus make it quieter
2026-09-14 01:24:58,463 INFO command: vol_step -10
2026-09-14 01:24:58,463 INFO say: Volume at 10 percent, sir.
2026-09-14 01:24:58,765 INFO heard: cyrus lower the volume a bit
2026-09-14 01:24:58,765 INFO command: vol_step -5
2026-09-14 01:24:58,765 INFO say: Volume at 5 percent, sir.
2026-09-14 01:24:59,058 INFO heard: cyrus turn the music down
2026-09-14 01:24:59,058 INFO command: vol_step -10
2026-09-14 01:24:59,058 INFO say: Volume at 0 percent, sir.
2026-09-14 01:24:59,364 INFO heard: cyrus can you turn the volume up
2026-09-14 01:24:59,364 INFO command: vol_step 10
2026-09-14 01:24:59,364 INFO say: Volume at 10 percent, sir.
2026-09-14 01:24:59,675 INFO heard: cyrus set the volume too thirty percent
2026-09-14 01:24:59,675 INFO command: vol_set 30
2026-09-14 01:24:59,675 INFO say: Volume at 30 percent, sir.
2026-09-14 01:24:59,988 INFO heard: cyrus turn off the sound
2026-09-14 01:24:59,988 INFO command: mute 
2026-09-14 01:24:59,988 INFO say: Muting, sir.
2026-09-14 01:25:00,308 INFO heard: cyrus could you take a screenshot
2026-09-14 01:25:00,308 INFO command: screenshot 
2026-09-14 01:25:00,308 INFO say: Screenshot saved.
2026-09-14 01:25:00,609 INFO heard: cyrus open go chrome
2026-09-14 01:25:00,609 INFO command: open chrome
2026-09-14 01:25:00,609 INFO say: Opening chrome.
2026-09-14 01:25:00,899 INFO heard: cyrus what time is it
2026-09-14 01:25:00,899 INFO command: time 
2026-09-14 01:25:00,900 INFO say: It's 1:25 AM
2026-09-14 01:25:01,214 INFO heard: cyrus add buy milk to my to do list
2026-09-14 01:25:01,214 INFO command: calendar add
2026-09-14 01:25:01,215 INFO say: Added to your to-do list for today, sir: Buy milk.
2026-09-14 01:25:01,215 INFO heard: cyrus add call the bank to my to do list tomorrow
2026-09-14 01:25:01,215 INFO command: calendar add
2026-09-14 01:25:01,216 INFO say: Added to your to-do list for tomorrow, sir: Call the bank.
2026-09-14 01:25:01,216 INFO heard: cyrus remind me to call mom at five
2026-09-14 01:25:01,216 INFO command: calendar add
2026-09-14 01:25:01,217 INFO say: I'll remind you today at 5 pm: Call mom.
2026-09-14 01:25:01,217 INFO heard: cyrus add dentist appointment on friday at three pm
2026-09-14 01:25:01,217 INFO command: calendar add
2026-09-14 01:25:01,218 INFO say: Added to your calendar: Dentist appointment, Friday at 3 pm. I'll remind you ten minutes before.
2026-09-14 01:25:01,218 INFO heard: cyrus schedule gym every monday at six pm
2026-09-14 01:25:01,218 INFO command: calendar add
2026-09-14 01:25:01,218 INFO say: Added to your calendar: Gym, Monday at 6 pm every Monday. I'll remind you ten minutes before.
2026-09-14 01:25:01,218 INFO heard: cyrus add a note for friday that the rent is due
2026-09-14 01:25:01,218 INFO command: calendar add
2026-09-14 01:25:01,219 INFO say: Noted for Friday: The rent is due.
2026-09-14 01:25:01,219 INFO heard: cyrus what do i have today
2026-09-14 01:25:01,219 INFO command: calendar query
2026-09-14 01:25:01,219 INFO say: Today you have 2 to-dos, sir: Buy milk and Call mom at 5 pm.
2026-09-14 01:25:01,219 INFO heard: cyrus what do i have in the next three days
2026-09-14 01:25:01,219 INFO command: calendar query
2026-09-14 01:25:01,219 INFO say: In the next 3 days you have 1 event and 3 to-dos, sir. Today: Buy milk and Call mom at 5 pm. Tomorrow: Call the bank. Friday: Dentist appointment at 3 pm. Plus 1 note.
2026-09-14 01:25:01,219 INFO heard: cyrus what do i have this week
2026-09-14 01:25:01,219 INFO command: calendar query
2026-09-14 01:25:01,219 INFO say: This week you have 1 event and 3 to-dos, sir. Today: Buy milk and Call mom at 5 pm. Tomorrow: Call the bank. Friday: Dentist appointment at 3 pm. Plus 1 note.
2026-09-14 01:25:01,219 INFO heard: cyrus what's next
2026-09-14 01:25:01,219 INFO command: calendar next
2026-09-14 01:25:01,219 INFO say: Next up: Call mom at 5 pm, today.
2026-09-14 01:25:01,219 INFO heard: cyrus read my to do list
2026-09-14 01:25:01,219 INFO command: calendar todos
2026-09-14 01:25:01,219 INFO say: You have 3 to-dos, sir. Today: Buy milk and Call mom at 5 pm. Later: Call the bank tomorrow.
2026-09-14 01:25:01,219 INFO heard: cyrus mark buy milk as done
2026-09-14 01:25:01,219 INFO command: calendar done
2026-09-14 01:25:01,220 INFO say: Done: Buy milk. Nice work, sir.
2026-09-14 01:25:01,220 INFO heard: cyrus delete the dentist appointment
2026-09-14 01:25:01,220 INFO command: calendar delete
2026-09-14 01:25:01,221 INFO say: Deleted Dentist appointment, Friday.
2026-09-14 01:25:01,221 INFO heard: cyrus undo
2026-09-14 01:25:01,221 INFO command: calendar undo
2026-09-14 01:25:01,221 INFO say: Removed: The rent is due.
2026-09-14 01:25:01,221 INFO heard: cyrus next
2026-09-14 01:25:01,221 INFO command: next 
2026-09-14 01:25:01,223 INFO say: Sir, reminder: Call mom at 5 pm.
2026-09-14 01:25:01,225 INFO say: Good morning, sir. Today you have 1 to-do: Water the plants.
2026-09-14 01:25:01,748 INFO heard: cyrus add by exit too my to do list
2026-09-14 01:25:01,748 INFO command: calendar add
2026-09-14 01:25:02,394 INFO heard (full vocabulary): cyrus ad buy eggs to my to do list
2026-09-14 01:25:02,401 INFO say: Added to your to-do list for today, sir: Buy eggs.
2026-09-14 01:25:02,719 INFO heard: cyrus remind me tick all the darker tomorrow add five
2026-09-14 01:25:02,719 INFO command: calendar add
2026-09-14 01:25:03,397 INFO heard (full vocabulary): cyrus remind me to call the doctor tomorrow at five
2026-09-14 01:25:03,403 INFO say: I'll remind you tomorrow at 5 pm: Call the doctor.
2026-09-14 01:25:03,697 INFO heard: cyrus what do i have this week
2026-09-14 01:25:03,697 INFO command: calendar query
2026-09-14 01:25:03,697 INFO say: This week you have 2 to-dos, sir. Today: Buy eggs. Tomorrow: Call the doctor at 5 pm.
2026-09-14 01:25:04,007 INFO heard: cyrus what do i have in the next three days
2026-09-14 01:25:04,007 INFO command: calendar query
2026-09-14 01:25:04,007 INFO say: In the next 3 days you have 2 to-dos, sir. Today: Buy eggs. Tomorrow: Call the doctor at 5 pm.
2026-09-14 01:25:04,303 INFO heard: cyrus mark by exit done
2026-09-14 01:25:04,303 INFO command: calendar done
2026-09-14 01:25:04,886 INFO heard (full vocabulary): cyrus marked by eggs is done
2026-09-14 01:25:04,892 INFO say: Done: Buy eggs. Nice work, sir.
2026-09-14 01:25:11,789 INFO heard: how
2026-09-14 01:26:18,043 INFO heard: how
2026-09-14 01:26:38,291 INFO heard: how
2026-09-14 01:26:58,545 INFO heard: how
2026-09-14 01:27:18,543 INFO heard: how
2026-09-14 01:27:38,794 INFO heard: how
2026-09-14 01:27:59,043 INFO heard: how
2026-09-14 01:28:19,048 INFO heard: how
2026-09-14 01:28:47,793 INFO heard: how
2026-09-14 01:29:07,797 INFO heard: how
2026-09-14 01:29:28,044 INFO heard: how
2026-09-14 01:29:47,913 INFO say: Xyrus is online.
2026-09-14 01:29:48,235 INFO listening
2026-09-14 01:29:48,989 INFO Processing audio with duration 00:01.000
2026-09-14 01:29:50,035 INFO whisper ready in 1.8 s
2026-09-14 01:30:02,504 INFO heard: which manager switch this is screen it bring [unk]
2026-09-14 01:30:13,002 INFO heard: bring for confirm
2026-09-14 01:30:19,002 INFO heard: as whats turn loudest quiet different the time tomorrow bright
2026-09-14 01:30:25,255 INFO heard: [unk] on another noon seven bit
2026-09-14 01:30:26,502 INFO heard: three
2026-09-14 01:30:27,502 INFO heard: for
2026-09-14 01:30:35,003 INFO heard: is it up reduce august
2026-09-14 01:30:36,752 INFO heard: noise february
2026-09-14 01:30:41,253 INFO heard: bring for [unk]
2026-09-14 01:30:44,503 INFO heard: august quiet [unk]
2026-09-14 01:31:09,758 INFO heard: how
2026-09-14 01:31:18,008 INFO heard: evening evening
2026-09-14 01:31:20,504 INFO heard: month
2026-09-14 01:31:25,505 INFO heard: [unk] to do lot code
2026-09-14 01:31:29,002 INFO heard: different one are you meeting the brightness month
2026-09-14 01:31:30,505 INFO heard: yes on [unk]
2026-09-14 01:31:32,254 INFO heard: thats the [unk]
2026-09-14 01:31:47,503 INFO heard: lot code [unk]
2026-09-14 01:31:55,254 INFO heard: discord another
2026-09-14 01:31:57,005 INFO heard: cannot [unk]
2026-09-14 01:31:59,253 INFO heard: are pump little up is it up
2026-09-14 01:32:29,509 INFO heard: how
2026-09-14 01:32:49,507 INFO heard: how
2026-09-14 01:33:09,758 INFO heard: how
2026-09-14 01:33:20,256 INFO heard: hear
2026-09-14 01:33:40,506 INFO heard: how
2026-09-14 01:34:00,506 INFO heard: how
2026-09-14 01:34:20,767 INFO heard: how
2026-09-14 01:34:41,017 INFO heard: how
2026-09-14 01:35:01,017 INFO heard: how
2026-09-14 01:35:21,268 INFO heard: how
2026-09-14 01:35:41,517 INFO heard: how
2026-09-14 01:36:01,517 INFO heard: how
2026-09-14 01:36:21,771 INFO heard: how
2026-09-14 01:36:42,023 INFO heard: how
2026-09-14 01:37:02,269 INFO heard: how
2026-09-14 01:37:22,522 INFO heard: how
2026-09-14 01:37:42,524 INFO heard: how
2026-09-14 01:40:19,522 INFO heard: how
2026-09-14 01:40:39,772 INFO heard: how
2026-09-14 01:40:59,775 INFO heard: how
2026-09-14 01:41:20,023 INFO heard: how
2026-09-14 01:41:40,029 INFO heard: how
2026-09-14 01:42:00,273 INFO heard: how
2026-09-14 01:42:20,527 INFO heard: how
2026-09-14 01:42:40,524 INFO heard: how
2026-09-14 01:43:00,774 INFO heard: how
2026-09-14 01:43:21,024 INFO heard: how
2026-09-14 01:43:41,025 INFO heard: how
2026-09-14 01:44:01,278 INFO heard: how
2026-09-14 01:44:21,527 INFO heard: how
2026-09-14 01:44:41,526 INFO heard: how
2026-09-14 01:45:01,776 INFO heard: how
2026-09-14 01:45:22,029 INFO heard: how
2026-09-14 01:45:42,277 INFO heard: how
2026-09-14 01:46:02,527 INFO heard: how
2026-09-14 01:46:22,527 INFO heard: how
2026-09-14 01:46:42,778 INFO heard: how
2026-09-14 01:47:03,030 INFO heard: how
2026-09-14 01:47:13,777 INFO heard: hear
2026-09-14 01:47:39,031 INFO heard: how
2026-09-14 01:47:59,029 INFO heard: how
2026-09-14 01:48:19,279 INFO heard: how
2026-09-14 01:48:39,530 INFO heard: how
2026-09-14 01:48:59,529 INFO heard: how
2026-09-14 01:49:19,780 INFO heard: how
2026-09-14 01:49:40,034 INFO heard: how
2026-09-14 01:49:52,781 INFO heard: hear
2026-09-14 01:50:13,034 INFO heard: how
2026-09-14 01:50:33,531 INFO heard: how
2026-09-14 01:50:53,532 INFO heard: how
2026-09-14 01:51:13,786 INFO heard: how
2026-09-14 01:51:34,032 INFO heard: how
2026-09-14 01:51:59,035 INFO heard: how
2026-09-14 01:52:19,283 INFO heard: how
2026-09-14 01:52:41,785 INFO heard: happening
2026-09-14 01:52:56,784 INFO heard: hear
2026-09-14 01:54:12,060 INFO heard: down
2026-09-14 01:54:42,287 INFO heard: sound
2026-09-14 01:54:43,286 INFO heard: the one
2026-09-14 01:54:48,287 INFO heard: sound
2026-09-14 01:54:51,285 INFO heard: loud
2026-09-14 01:54:57,036 INFO heard: by
2026-09-14 01:54:58,285 INFO heard: it down
2026-09-14 01:55:00,536 INFO heard: this one
2026-09-14 01:55:01,535 INFO heard: by
2026-09-14 01:55:02,537 INFO heard: dimmer
2026-09-14 01:55:07,548 INFO heard: the [unk] manager
2026-09-14 01:55:10,286 INFO heard: is it down my
2026-09-14 01:55:13,789 INFO heard: level
2026-09-14 01:55:15,536 INFO heard: hour these
2026-09-14 01:55:19,536 INFO heard: wake that is seventy seven display
2026-09-14 01:55:23,538 INFO heard: happening that
2026-09-14 01:55:25,290 INFO heard: a little it up
2026-09-14 01:55:52,288 INFO heard: have
2026-09-14 01:56:00,036 INFO heard: virus
2026-09-14 01:56:00,036 INFO say: Waiting for your command, sir.
2026-09-14 01:56:04,285 INFO heard: virus
2026-09-14 01:56:04,286 INFO say: Yes, sir?
2026-09-14 01:56:10,287 INFO heard: hide
2026-09-14 01:56:41,040 INFO heard: hear
2026-09-14 01:57:01,288 INFO heard: how
2026-09-14 01:57:21,537 INFO heard: how
2026-09-14 01:57:41,540 INFO heard: how
2026-09-14 01:58:01,788 INFO heard: how
2026-09-14 01:58:21,791 INFO heard: how
2026-09-14 01:58:42,039 INFO heard: how
2026-09-14 01:59:02,289 INFO heard: how
2026-09-14 01:59:22,289 INFO heard: how
2026-09-14 01:59:42,540 INFO heard: how
2026-09-14 01:59:59,290 INFO heard: hide
2026-09-14 02:00:19,540 INFO heard: how
2026-09-14 02:00:36,041 INFO heard: how
2026-09-14 02:00:56,291 INFO heard: how
2026-09-14 02:01:16,541 INFO heard: hear
2026-09-14 02:01:41,550 INFO heard: how
2026-09-14 02:02:06,793 INFO heard: how
2026-09-14 02:02:27,043 INFO heard: how
2026-09-14 02:02:57,293 INFO heard: how
2026-09-14 02:03:22,548 INFO heard: how
2026-09-14 02:04:05,554 INFO heard: how
2026-09-14 02:04:25,794 INFO heard: how
2026-09-14 02:04:46,046 INFO heard: how
2026-09-14 02:05:06,045 INFO heard: how
2026-09-14 02:05:26,296 INFO heard: how
2026-09-14 02:05:51,546 INFO heard: how
2026-09-14 02:06:11,548 INFO heard: how
2026-09-14 02:06:41,797 INFO heard: how
2026-09-14 02:07:02,046 INFO heard: how
2026-09-14 02:07:22,297 INFO heard: how
2026-09-14 02:07:42,297 INFO heard: how
2026-09-14 02:08:02,547 INFO heard: how
2026-09-14 02:08:22,799 INFO heard: how
2026-09-14 02:08:47,798 INFO heard: how
2026-09-14 02:09:08,048 INFO heard: how
2026-09-14 02:09:28,299 INFO heard: how
2026-09-14 02:10:04,549 INFO heard: how
2026-09-14 02:10:24,550 INFO heard: how
2026-09-14 02:10:45,050 INFO heard: how
2026-09-14 02:11:05,051 INFO heard: how
2026-09-14 02:11:25,301 INFO heard: how
2026-09-14 02:11:45,552 INFO heard: how
2026-09-14 02:12:05,555 INFO heard: how
2026-09-14 02:12:25,802 INFO heard: how
2026-09-14 02:12:46,053 INFO heard: how
2026-09-14 02:13:06,052 INFO heard: how
2026-09-14 02:13:26,303 INFO heard: how
2026-09-14 02:13:46,555 INFO heard: how
2026-09-14 02:14:06,803 INFO heard: how
2026-09-14 02:14:27,053 INFO heard: how
2026-09-14 02:14:47,054 INFO heard: how
2026-09-14 02:15:07,305 INFO heard: how
2026-09-14 02:16:11,805 INFO heard: how
2026-09-14 02:16:32,056 INFO heard: how
2026-09-14 02:43:44,157 INFO say: Xyrus is online.
2026-09-14 02:43:44,499 INFO listening
2026-09-14 02:43:45,118 INFO Processing audio with duration 00:01.000
2026-09-14 02:43:46,099 INFO whisper ready in 1.7 s
2026-09-14 02:43:54,766 INFO heard: have
2026-09-14 02:44:01,016 INFO heard: higher as
2026-09-14 02:44:08,267 INFO heard: cyrus
2026-09-14 02:44:08,267 INFO say: Waiting for your command, sir.
2026-09-14 02:44:16,018 INFO heard: way [unk]
2026-09-14 02:44:16,680 INFO heard (full vocabulary): the only issue or by vikings
2026-09-14 02:44:36,018 INFO heard: how
2026-09-14 02:44:56,268 INFO heard: how
2026-09-14 02:45:26,519 INFO heard: how
2026-09-14 02:46:38,810 INFO say: Xyrus is online.
2026-09-14 02:46:39,741 INFO listening
2026-09-14 02:46:41,749 INFO Processing audio with duration 00:01.000
2026-09-14 02:46:42,792 INFO whisper ready in 1.7 s
2026-09-14 02:47:02,019 INFO heard: how
2026-09-14 02:47:22,010 INFO heard: how
2026-09-14 02:51:19,119 INFO say: Xyrus is online.
2026-09-14 02:51:19,960 INFO listening
2026-09-14 02:51:21,787 INFO Processing audio with duration 00:01.000
2026-09-14 02:51:22,836 INFO whisper ready in 1.7 s
2026-09-14 02:51:42,239 INFO heard: how
2026-09-14 02:56:23,573 INFO say: Xyrus is online.
2026-09-14 02:56:23,874 INFO listening
2026-09-14 02:56:24,703 INFO Processing audio with duration 00:01.000
2026-09-14 02:56:25,770 INFO whisper ready in 1.8 s
2026-09-14 02:56:51,902 INFO heard: how
2026-09-14 02:57:05,565 INFO autostart disabled
2026-09-14 02:57:11,892 INFO heard: how
2026-09-14 03:29:22,569 INFO T-index xyrus.actions.apps: start menu index: 0 entries
2026-09-14 03:29:22,569 INFO T-mic xyrus.app: microphone: listening (no audio device)
2026-09-14 03:29:22,569 INFO MainThread xyrus.app: Xyrus 2.0.0 started (sandbox)
2026-09-14 03:29:22,832 INFO T-rec xyrus.recognizer: speech model loaded in 0.2 s
2026-09-14 03:29:22,834 INFO T-engine xyrus.engine: say: Good evening, sir. Xyrus online. Nothing on the calendar today.
2026-09-14 03:29:22,948 INFO T-engine xyrus.engine: heard: what time is it
2026-09-14 03:29:22,948 INFO T-engine xyrus.engine: cmd: time
2026-09-14 03:29:22,948 INFO T-engine xyrus.engine: say: It's 3:29 AM, sir.
2026-09-14 03:29:22,968 INFO T-engine xyrus.engine: heard: set a timer for five minutes
2026-09-14 03:29:22,968 INFO T-engine xyrus.engine: cmd: set_timer duration=300
2026-09-14 03:29:22,968 INFO T-engine xyrus.engine: say: Timer set for five minutes, sir.
2026-09-14 03:29:22,968 INFO T-engine xyrus.engine: info: timer 300 s
2026-09-14 03:29:22,988 INFO T-engine xyrus.engine: heard: play alone
2026-09-14 03:29:22,988 INFO T-engine xyrus.engine: cmd: play_song song='alone'
2026-09-14 03:29:22,988 INFO T-engine xyrus.engine: say: Playing alone, sir.
2026-09-14 03:29:22,988 INFO T-engine xyrus.engine: info: https://www.youtube.com/watch?v=xxxxxxxxxxx (https://www.youtube.com/watch?v=xxxxxxxxxxx)
2026-09-14 03:29:23,009 INFO T-engine xyrus.engine: heard: add a to do buy milk tomorrow
2026-09-14 03:29:23,009 INFO T-engine xyrus.engine: cmd: add_todo
2026-09-14 03:29:23,010 INFO T-engine xyrus.engine: say: Added to your to-do list for tomorrow, sir: Buy milk.
2026-09-14 03:29:23,010 INFO T-engine xyrus.engine: info: added task: Buy milk (2026-09-15)
2026-09-14 03:29:23,029 INFO T-engine xyrus.engine: heard: what can you do
2026-09-14 03:29:23,029 INFO T-engine xyrus.engine: cmd: help
2026-09-14 03:29:23,029 INFO T-engine xyrus.engine: say: Here's everything I can do, sir.
2026-09-14 03:29:25,597 INFO MainThread xyrus.app: microphone: paused (no audio device)
2026-09-14 03:29:25,598 INFO MainThread xyrus.app: Xyrus stopped
2026-09-14 03:29:25,598 INFO MainThread xyrus.app: self-test passed
2026-09-14 03:34:11,219 INFO T-hotkey xyrus.hotkeys: hotkey push_to_talk (ctrl+alt+space) not registered: error 1409 (in use by another program)
2026-09-14 03:34:11,226 INFO MainThread xyrus.app: free text: Whisper when loaded (hearing.py), Vosk until then
2026-09-14 03:34:11,227 INFO MainThread xyrus.app: Xyrus 2.0.0 started (live)
2026-09-14 03:34:11,273 INFO T-index xyrus.actions.apps: start menu index: 122 entries
2026-09-14 03:34:11,275 INFO T-mic xyrus.audio: microphone open: device 1 (default, MME)
2026-09-14 03:34:11,275 INFO T-mic xyrus.audio: microphone: listening
2026-09-14 03:34:11,631 INFO T-rec xyrus.recognizer: speech model loaded in 0.3 s
2026-09-14 03:34:11,889 INFO T-engine xyrus.engine: say: Good evening, sir. Xyrus online. Nothing on the calendar today.
2026-09-14 03:34:12,065 INFO whisper-load faster_whisper: Processing audio with duration 00:01.000
2026-09-14 03:34:13,133 INFO whisper-load xyrus.hearing: whisper ready in 1.7 s
2026-09-14 03:34:40,543 INFO T-rec xyrus.recognizer: heard "what's" [wake]
2026-09-14 03:40:16,096 INFO T-rec xyrus.recognizer: heard 'cyrus' [wake]
2026-09-14 03:40:16,096 INFO T-engine xyrus.engine: heard: cyrus
2026-09-14 03:40:16,096 INFO T-engine xyrus.engine: say: At your service, sir.
2026-09-14 03:41:31,116 INFO T-rec xyrus.recognizer: heard 'cyrus' [wake]
2026-09-14 03:41:31,116 INFO T-engine xyrus.engine: heard: cyrus
2026-09-14 03:41:31,116 INFO T-engine xyrus.engine: say: Yes, sir?
2026-09-14 03:43:11,294 INFO T-index xyrus.actions.apps: start menu index: 122 entries
2026-09-14 03:44:24,839 INFO T-rec xyrus.recognizer: heard 'virus' [wake]
2026-09-14 03:44:24,839 INFO T-engine xyrus.engine: heard: virus
2026-09-14 03:44:24,839 INFO T-engine xyrus.engine: say: Waiting for your command, sir.
2026-09-14 03:49:06,384 INFO T-rec xyrus.recognizer: heard 'virus' [wake]
2026-09-14 03:49:06,384 INFO T-engine xyrus.engine: heard: virus
2026-09-14 03:49:06,385 INFO T-engine xyrus.engine: say: I'm listening, sir.
2026-09-14 03:49:16,310 INFO T-rec xyrus.recognizer: heard 'how' [command]
2026-09-14 03:49:16,360 INFO T-engine xyrus.engine: heard: how
2026-09-14 03:49:16,360 INFO T-engine xyrus.engine: cmd: how_are_you
2026-09-14 03:49:16,868 INFO T-engine xyrus.engine: say: Running smoothly, sir. CPU at 3 percent.
2026-09-14 03:49:59,602 INFO T-rec xyrus.recognizer: heard 'cyrus' [wake]
2026-09-14 03:49:59,602 INFO T-engine xyrus.engine: heard: cyrus
2026-09-14 03:49:59,602 INFO T-engine xyrus.engine: say: At your service, sir.
2026-09-14 03:50:02,819 INFO T-rec xyrus.recognizer: heard 'need' [command]
2026-09-14 03:52:11,310 INFO T-index xyrus.actions.apps: start menu index: 122 entries
2026-09-14 03:59:19,928 INFO T-hotkey xyrus.hotkeys: hotkey push_to_talk (ctrl+alt+space) not registered: error 1409 (in use by another program)
2026-09-14 03:59:19,931 INFO MainThread xyrus.app: free text: Whisper when loaded (hearing.py), Vosk until then
2026-09-14 03:59:19,931 INFO MainThread xyrus.app: Xyrus 2.0.0 started (live)
2026-09-14 03:59:19,969 INFO T-index xyrus.actions.apps: start menu index: 122 entries
2026-09-14 03:59:19,977 INFO T-mic xyrus.audio: microphone open: device 1 (default, MME)
2026-09-14 03:59:19,978 INFO T-mic xyrus.audio: microphone: listening
2026-09-14 03:59:20,298 INFO T-rec xyrus.recognizer: speech model loaded in 0.2 s
2026-09-14 03:59:20,576 INFO T-engine xyrus.engine: say: Good evening, sir. Xyrus online. Nothing on the calendar today.
2026-09-14 03:59:20,712 INFO whisper-load faster_whisper: Processing audio with duration 00:01.000
2026-09-14 03:59:21,707 INFO whisper-load xyrus.hearing: whisper ready in 1.6 s
2026-09-14 03:59:35,994 INFO T-rec xyrus.recognizer: heard 'my' [wake]
2026-09-14 04:07:51,625 INFO T-hotkey xyrus.hotkeys: hotkey push_to_talk (ctrl+alt+space) not registered: error 1409 (in use by another program)
2026-09-14 04:07:51,628 INFO MainThread xyrus.app: free text: Whisper when loaded (hearing.py), Vosk until then
2026-09-14 04:07:51,628 INFO MainThread xyrus.app: Xyrus 2.0.0 started (live)
2026-09-14 04:07:51,674 INFO T-index xyrus.actions.apps: start menu index: 122 entries
2026-09-14 04:07:51,675 INFO T-mic xyrus.audio: microphone open: device 1 (default, MME)
2026-09-14 04:07:51,675 INFO T-mic xyrus.audio: microphone: listening
2026-09-14 04:07:51,999 INFO T-rec xyrus.recognizer: speech model loaded in 0.2 s
2026-09-14 04:07:52,294 INFO T-engine xyrus.engine: say: Hello, sir. Xyrus online. Nothing on the calendar today.
2026-09-14 04:07:52,443 INFO whisper-load faster_whisper: Processing audio with duration 00:01.000
2026-09-14 04:07:53,446 INFO whisper-load xyrus.hearing: whisper ready in 1.6 s
2026-09-14 04:13:12,693 INFO T-rec xyrus.recognizer: clap pattern heard - switching the display
2026-09-14 04:13:12,797 INFO T-clap xyrus.app: clap: display off
2026-09-14 04:13:12,797 INFO T-engine xyrus.engine: info: clap: display off
2026-09-14 04:13:19,193 INFO T-rec xyrus.recognizer: clap pattern heard - switching the display
2026-09-14 04:13:19,337 INFO T-clap xyrus.app: clap: display on
2026-09-14 04:13:19,337 INFO T-engine xyrus.engine: info: clap: display on
2026-09-14 04:13:22,193 INFO T-rec xyrus.recognizer: clap pattern heard - switching the display
2026-09-14 04:13:22,281 INFO T-clap xyrus.app: clap: display off
2026-09-14 04:13:22,281 INFO T-engine xyrus.engine: info: clap: display off
2026-09-14 04:13:38,693 INFO T-rec xyrus.recognizer: clap pattern heard - switching the display
2026-09-14 04:13:38,818 INFO T-clap xyrus.app: clap: display off
2026-09-14 04:13:38,818 INFO T-engine xyrus.engine: info: clap: display off
2026-09-14 04:13:51,724 INFO T-rec xyrus.recognizer: heard 'virus' [wake]
2026-09-14 04:13:51,724 INFO T-engine xyrus.engine: heard: virus
2026-09-14 04:13:51,724 INFO T-engine xyrus.engine: say: Yes, sir?
2026-09-14 04:13:58,705 INFO T-rec xyrus.recognizer: heard 'these' [command]
2026-09-14 04:13:59,948 INFO T-rec xyrus.recognizer: heard 'monday' [command]
2026-09-14 04:14:02,699 INFO T-rec xyrus.recognizer: heard 'video read' [command]
2026-09-14 04:14:02,699 INFO T-engine xyrus.engine: heard: video read
2026-09-14 04:14:02,699 INFO T-engine xyrus.engine: cmd: hear_notes
2026-09-14 04:14:02,700 INFO T-engine xyrus.engine: say: No notes for today, sir.
2026-09-14 04:14:25,740 INFO T-rec xyrus.recognizer: heard 'virus' [wake]
2026-09-14 04:14:25,740 INFO T-engine xyrus.engine: heard: virus
2026-09-14 04:14:25,740 INFO T-engine xyrus.engine: say: Waiting for your command, sir.
2026-09-14 04:14:33,450 INFO T-rec xyrus.recognizer: heard 'volume' [command]
2026-09-14 04:14:34,952 INFO T-rec xyrus.recognizer: heard 'oven can' [command]
2026-09-14 04:14:34,953 INFO T-engine xyrus.engine: heard: oven can
2026-09-14 04:14:34,953 INFO T-engine xyrus.engine: info: listening again with the full vocabulary
2026-09-14 04:14:35,474 INFO T-engine xyrus.engine: heard: oven can
2026-09-14 04:14:35,479 INFO T-engine xyrus.engine: say: Sorry, I didn't catch that, sir.
2026-09-14 04:14:41,200 INFO T-rec xyrus.recognizer: heard 'april' [command]
2026-09-14 04:14:44,205 INFO T-rec xyrus.recognizer: heard 'resume' [command]
2026-09-14 04:14:44,205 INFO T-engine xyrus.engine: heard: resume
2026-09-14 04:14:44,205 INFO T-engine xyrus.engine: cmd: play_pause
2026-09-14 04:16:51,676 INFO T-index xyrus.actions.apps: start menu index: 122 entries
2026-09-14 04:18:32,922 INFO T-hotkey xyrus.hotkeys: hotkey push_to_talk (ctrl+alt+space) not registered: error 1409 (in use by another program)
2026-09-14 04:18:32,926 INFO MainThread xyrus.app: free text: Whisper when loaded (hearing.py), Vosk until then
2026-09-14 04:18:32,926 INFO MainThread xyrus.app: Xyrus 2.0.0 started (live)
2026-09-14 04:18:32,978 INFO T-mic xyrus.audio: microphone open: device 1 (default, MME)
2026-09-14 04:18:32,979 INFO T-mic xyrus.audio: microphone: listening
2026-09-14 04:18:32,979 INFO T-index xyrus.actions.apps: start menu index: 122 entries
2026-09-14 04:18:33,307 INFO T-rec xyrus.recognizer: speech model loaded in 0.2 s
2026-09-14 04:18:33,596 INFO T-engine xyrus.engine: say: Hello, sir. Xyrus online. Nothing on the calendar today.
2026-09-14 04:18:33,766 INFO whisper-load faster_whisper: Processing audio with duration 00:01.000
2026-09-14 04:18:34,776 INFO whisper-load xyrus.hearing: whisper ready in 1.7 s
2026-09-14 04:18:53,998 INFO T-rec xyrus.recognizer: heard "what's" [wake]
2026-09-14 04:19:37,992 INFO T-rec xyrus.recognizer: clap pattern heard - switching the display
2026-09-14 04:20:23,515 INFO T-clap xyrus.app: clap: display off
2026-09-14 04:20:23,515 INFO T-engine xyrus.engine: info: clap: display off
2026-09-14 04:20:37,242 INFO T-rec xyrus.recognizer: clap pattern heard - switching the display
2026-09-14 04:20:37,244 INFO T-clap xyrus.app: clap: display on
2026-09-14 04:20:37,244 INFO T-engine xyrus.engine: info: clap: display on
2026-09-14 04:27:32,993 INFO T-index xyrus.actions.apps: start menu index: 122 entries
2026-09-14 04:36:33,008 INFO T-index xyrus.actions.apps: start menu index: 122 entries
2026-09-14 04:37:08,777 INFO settings-worker xyrus.audio: microphone: paused
2026-09-14 04:37:08,819 INFO settings-worker xyrus.audio: microphone open: device 1 (default, MME)
2026-09-14 04:37:08,819 INFO settings-worker xyrus.audio: microphone: listening
2026-09-14 04:37:11,346 INFO settings-worker xyrus.audio: microphone: paused
2026-09-14 04:37:11,387 INFO settings-worker xyrus.audio: microphone open: device 1 (default, MME)
2026-09-14 04:37:11,388 INFO settings-worker xyrus.audio: microphone: listening
2026-09-14 04:37:18,450 INFO T-rec xyrus.recognizer: heard 'cyrus' [command, wake re-decode]
2026-09-14 04:37:18,450 INFO T-engine xyrus.engine: heard: cyrus
2026-09-14 04:37:18,450 INFO T-engine xyrus.engine: say: At your service, sir.
2026-09-14 04:37:25,404 INFO T-rec xyrus.recognizer: heard 'zeros' [command]
2026-09-14 04:37:25,404 INFO T-engine xyrus.engine: heard: zeros
2026-09-14 04:37:25,404 INFO T-engine xyrus.engine: say: Waiting for your command, sir.
2026-09-14 04:37:33,399 INFO T-rec xyrus.recognizer: clap pattern heard - switching the display
2026-09-14 04:37:38,755 INFO T-clap xyrus.app: clap: display off
2026-09-14 04:37:38,755 INFO T-engine xyrus.engine: info: clap: display off
2026-09-14 04:45:33,022 INFO T-index xyrus.actions.apps: start menu index: 122 entries
2026-09-14 04:45:53,717 INFO T-hotkey xyrus.hotkeys: hotkey push_to_talk (ctrl+alt+space) not registered: error 1409 (in use by another program)
2026-09-14 04:45:53,720 INFO MainThread xyrus.app: free text: Whisper when loaded (hearing.py), Vosk until then
2026-09-14 04:45:53,721 INFO MainThread xyrus.app: Xyrus 2.0.0 started (live)
2026-09-14 04:45:53,768 INFO T-index xyrus.actions.apps: start menu index: 122 entries
2026-09-14 04:45:53,771 INFO T-mic xyrus.audio: microphone open: device 1 (default, MME)
2026-09-14 04:45:53,771 INFO T-mic xyrus.audio: microphone: listening
2026-09-14 04:45:54,104 INFO T-rec xyrus.recognizer: speech model loaded in 0.2 s
2026-09-14 04:45:54,357 INFO T-engine xyrus.engine: say: Hello, sir. Xyrus online. Nothing on the calendar today.
2026-09-14 04:45:54,556 INFO whisper-load faster_whisper: Processing audio with duration 00:01.000
2026-09-14 04:45:55,605 INFO whisper-load xyrus.hearing: whisper ready in 1.7 s
2026-09-14 04:46:13,832 INFO T-rec xyrus.recognizer: heard 'cyrus' [command, wake re-decode] (19.0 s of audio)
2026-09-14 04:46:13,832 INFO T-engine xyrus.engine: heard: cyrus
2026-09-14 04:46:13,833 INFO T-engine xyrus.engine: say: At your service, sir.
2026-09-14 04:46:27,288 INFO T-rec xyrus.recognizer: heard 'cyrus' [command] (13.3 s of audio)
2026-09-14 04:46:27,288 INFO T-engine xyrus.engine: heard: cyrus
2026-09-14 04:46:27,288 INFO T-engine xyrus.engine: say: Waiting for your command, sir.
2026-09-14 04:46:41,039 INFO T-rec xyrus.recognizer: heard 'who cyrus' [command] (13.5 s of audio)
2026-09-14 04:46:41,039 INFO T-engine xyrus.engine: heard: who cyrus
2026-09-14 04:46:41,039 INFO T-engine xyrus.engine: say: I'm listening, sir.
2026-09-14 04:46:52,005 INFO T-engine xyrus.engine: heard: add an event
2026-09-14 04:46:52,005 INFO T-engine xyrus.engine: cmd: add_event
2026-09-14 04:46:52,006 INFO T-engine xyrus.engine: ask: What's the event?
2026-09-14 04:47:02,387 INFO T-engine xyrus.engine: heard: turn on the volume
2026-09-14 04:47:02,387 INFO T-engine xyrus.engine: cmd: unmute
2026-09-14 04:47:05,222 INFO T-engine xyrus.engine: info: Paused · mic off
2026-09-14 04:47:05,291 INFO T-mic xyrus.audio: microphone: paused
2026-09-14 04:47:06,211 INFO T-engine xyrus.engine: info: Listening
2026-09-14 04:47:06,252 INFO T-mic xyrus.audio: microphone open: device 1 (default, MME)
2026-09-14 04:47:06,252 INFO T-mic xyrus.audio: microphone: listening
2026-09-14 04:47:06,737 INFO T-engine xyrus.engine: info: Paused · mic off
2026-09-14 04:47:06,778 INFO T-mic xyrus.audio: microphone: paused
2026-09-14 04:47:07,317 INFO T-engine xyrus.engine: info: Listening
2026-09-14 04:47:07,357 INFO T-mic xyrus.audio: microphone open: device 1 (default, MME)
2026-09-14 04:47:07,357 INFO T-mic xyrus.audio: microphone: listening
2026-09-14 04:47:08,236 INFO T-engine xyrus.engine: info: Paused · mic off
2026-09-14 04:47:08,383 INFO T-mic xyrus.audio: microphone: paused
2026-09-14 04:54:53,784 INFO T-index xyrus.actions.apps: start menu index: 122 entries
2026-09-14 04:55:56,808 INFO T-hotkey xyrus.hotkeys: hotkey push_to_talk (ctrl+alt+space) not registered: error 1409 (in use by another program)
2026-09-14 04:55:56,811 INFO MainThread xyrus.app: free text: Whisper when loaded (hearing.py), Vosk until then
2026-09-14 04:55:56,813 INFO MainThread xyrus.app: Xyrus 2.0.0 started (live)
2026-09-14 04:55:56,862 INFO T-index xyrus.actions.apps: start menu index: 122 entries
2026-09-14 04:55:56,894 INFO T-mic xyrus.audio: microphone open: device 1 (default, MME)
2026-09-14 04:55:56,894 INFO T-mic xyrus.audio: microphone: listening
2026-09-14 04:55:57,196 INFO T-rec xyrus.recognizer: speech model loaded in 0.2 s
2026-09-14 04:55:57,452 INFO T-engine xyrus.engine: say: Hello, sir. Xyrus online. Nothing on the calendar today.
2026-09-14 04:55:57,669 INFO whisper-load faster_whisper: Processing audio with duration 00:01.000
2026-09-14 04:55:58,657 INFO whisper-load xyrus.hearing: whisper ready in 1.7 s
2026-09-14 04:56:17,912 INFO T-rec xyrus.recognizer: heard "what's" [wake] (20.2 s of audio)
2026-09-14 05:04:56,875 INFO T-index xyrus.actions.apps: start menu index: 122 entries
2026-09-14 05:13:56,892 INFO T-index xyrus.actions.apps: start menu index: 122 entries
2026-09-14 05:14:56,363 INFO T-engine xyrus.engine: info: Paused · mic off
2026-09-14 05:14:56,444 INFO T-mic xyrus.audio: microphone: paused
2026-09-14 05:14:58,136 INFO T-engine xyrus.engine: info: Listening
2026-09-14 05:14:58,179 INFO T-mic xyrus.audio: microphone open: device 1 (default, MME)
2026-09-14 05:14:58,179 INFO T-mic xyrus.audio: microphone: listening
2026-09-14 05:15:02,787 INFO T-rec xyrus.recognizer: heard 'cyrus' [command, wake re-decode] (7.8 s of audio)
2026-09-14 05:15:02,787 INFO T-engine xyrus.engine: heard: cyrus
2026-09-14 05:15:02,787 INFO T-engine xyrus.engine: say: Waiting for your command, sir.
2026-09-14 05:15:11,697 INFO T-rec xyrus.recognizer: heard 'can you play or bluetooth on' [command] (3.5 s of audio)
2026-09-14 05:15:11,698 INFO T-engine xyrus.engine: heard: can you play or bluetooth on
2026-09-14 05:15:11,698 INFO T-engine xyrus.engine: cmd: play_song song='or bluetooth on'
2026-09-14 05:15:12,454 INFO T-engine xyrus.engine: say: Playing Get Missing BT by Fix Bluetooth Not Showing In Device, sir.
2026-09-14 05:15:12,454 INFO T-engine xyrus.engine: info: https://www.youtube.com/watch?v=qrHmXuX2_uk (https://www.youtube.com/watch?v=qrHmXuX2_uk)
2026-09-14 05:15:15,226 INFO T-engine xyrus.engine: info: playback: autoplay
2026-09-14 05:15:40,263 INFO T-rec xyrus.recognizer: heard 'play sure leave eighteenth zeros' [command, wake re-decode] (3.8 s of audio)
2026-09-14 05:15:40,263 INFO T-engine xyrus.engine: heard: play sure leave eighteenth zeros
2026-09-14 05:15:40,263 INFO T-engine xyrus.engine: say: Yes, sir?
2026-09-14 05:15:41,697 INFO T-rec xyrus.recognizer: heard 'by cyrus' [command] (1.3 s of audio)
2026-09-14 05:15:41,697 INFO T-engine xyrus.engine: heard: by cyrus
2026-09-14 05:15:41,697 INFO T-engine xyrus.engine: say: At your service, sir.
2026-09-14 05:15:44,457 INFO T-rec faster_whisper: Processing audio with duration 00:03.000
2026-09-14 05:15:45,922 INFO T-rec xyrus.recognizer: heard 'play [unk]' [command] (2.5 s of audio) free='play he sure lived'
2026-09-14 05:15:45,923 INFO T-engine xyrus.engine: heard: play [unk]
2026-09-14 05:15:45,923 INFO T-engine xyrus.engine: cmd: play_song song='he sure lived'
2026-09-14 05:15:46,501 INFO T-engine xyrus.engine: say: Playing He Sure Blessed You, sir.
2026-09-14 05:15:46,501 INFO T-engine xyrus.engine: info: https://www.youtube.com/watch?v=jP6Xa0xJKdE (https://www.youtube.com/watch?v=jP6Xa0xJKdE)
2026-09-14 05:15:49,242 INFO T-engine xyrus.engine: info: playback: autoplay
2026-09-14 05:15:55,280 INFO T-rec xyrus.recognizer: heard 'virus' [command, wake re-decode] (5.5 s of audio)
2026-09-14 05:15:55,280 INFO T-engine xyrus.engine: heard: virus
2026-09-14 05:15:55,280 INFO T-engine xyrus.engine: say: Yes, sir?
2026-09-14 05:15:59,698 INFO T-rec xyrus.recognizer: heard 'all am' [command] (4.3 s of audio)
2026-09-14 05:15:59,746 INFO T-engine xyrus.engine: heard: all am
2026-09-14 05:15:59,746 INFO T-engine xyrus.engine: info: listening again with the full vocabulary
2026-09-14 05:15:59,967 INFO T-engine xyrus.engine: heard: all am
2026-09-14 05:15:59,971 INFO T-engine xyrus.engine: say: Sorry, I didn't catch that, sir.
2026-09-14 05:16:02,447 INFO T-rec faster_whisper: Processing audio with duration 00:03.000
2026-09-14 05:16:03,368 INFO T-rec xyrus.recognizer: heard (free-text decoder, 0.9 s): titanic song
2026-09-14 05:16:03,368 INFO T-rec xyrus.recognizer: heard 'type [unk]' [command] (2.5 s of audio) free='type titanic song'
2026-09-14 05:16:03,369 INFO T-engine xyrus.engine: heard: type [unk]
2026-09-14 05:16:03,369 INFO T-engine xyrus.engine: cmd: type_text text='titanic song'
2026-09-14 05:16:03,376 INFO T-engine xyrus.engine: say: I won't type into my own window, sir.
2026-09-14 05:16:04,731 INFO T-rec xyrus.recognizer: heard 'cyrus [unk]' [command, wake re-decode] (1.7 s of audio)
2026-09-14 05:16:04,731 INFO T-engine xyrus.engine: heard: cyrus [unk]
2026-09-14 05:16:04,731 INFO T-engine xyrus.engine: say: Waiting for your command, sir.
2026-09-14 05:16:08,447 INFO T-rec xyrus.recognizer: heard '[unk] song' [command] (3.5 s of audio)
2026-09-14 05:16:13,447 INFO T-rec xyrus.recognizer: heard 'cyrus' [command] (4.8 s of audio)
2026-09-14 05:16:13,447 INFO T-engine xyrus.engine: heard: cyrus
2026-09-14 05:16:13,447 INFO T-engine xyrus.engine: say: At your service, sir.
2026-09-14 05:16:17,697 INFO T-rec faster_whisper: Processing audio with duration 00:04.500
2026-09-14 05:16:18,626 INFO T-rec xyrus.recognizer: heard (free-text decoder, 0.9 s): play titanic song
2026-09-14 05:16:18,626 INFO T-rec xyrus.recognizer: heard 'please type tiny song' [command] (4.0 s of audio) free='please type play titanic song'
2026-09-14 05:16:18,627 INFO T-engine xyrus.engine: heard: please type tiny song
2026-09-14 05:16:18,627 INFO T-engine xyrus.engine: cmd: type_text text='play titanic song'
2026-09-14 05:16:18,628 INFO T-engine xyrus.engine: say: I won't type into my own window, sir.
2026-09-14 05:16:18,947 INFO T-rec xyrus.recognizer: heard 'song' [wake] (0.8 s of audio)
2026-09-14 05:16:31,693 INFO T-rec xyrus.recognizer: clap pattern heard - switching the display
2026-09-14 05:16:32,053 INFO T-clap xyrus.app: clap: display off
2026-09-14 05:16:32,054 INFO T-engine xyrus.engine: info: clap: display off
2026-09-14 05:17:27,731 INFO T-rec xyrus.recognizer: heard 'cyrus' [command, wake re-decode] (1.8 s of audio)
2026-09-14 05:17:27,732 INFO T-engine xyrus.engine: heard: cyrus
2026-09-14 05:17:27,732 INFO T-engine xyrus.engine: say: Waiting for your command, sir.
2026-09-14 05:17:30,949 INFO T-rec faster_whisper: Processing audio with duration 00:03.500
2026-09-14 05:17:31,874 INFO T-rec xyrus.recognizer: heard (free-text decoder, 0.9 s): play titanic song
2026-09-14 05:17:31,875 INFO T-rec xyrus.recognizer: heard 'play tad song' [command] (3.0 s of audio) free='play titanic song'
2026-09-14 05:17:31,876 INFO T-engine xyrus.engine: heard: play tad song
2026-09-14 05:17:31,877 INFO T-engine xyrus.engine: cmd: play_song song='titanic song'
2026-09-14 05:17:33,662 INFO T-engine xyrus.engine: say: Playing Titanic • My Heart Will Go On • Celine Dion, sir.
2026-09-14 05:17:33,662 INFO T-engine xyrus.engine: info: https://www.youtube.com/watch?v=F2RnxZnubCM (https://www.youtube.com/watch?v=F2RnxZnubCM)
2026-09-14 05:17:37,006 INFO T-engine xyrus.engine: info: playback: autoplay
2026-09-14 05:17:39,974 INFO T-rec xyrus.recognizer: heard 'cyrus' [command, wake re-decode] (1.2 s of audio)
2026-09-14 05:17:39,975 INFO T-engine xyrus.engine: heard: cyrus
2026-09-14 05:17:39,975 INFO T-engine xyrus.engine: say: I'm listening, sir.
2026-09-14 05:17:43,199 INFO T-rec xyrus.recognizer: heard 'play' [command] (3.0 s of audio)
2026-09-14 05:17:43,200 INFO T-engine xyrus.engine: heard: play
2026-09-14 05:17:43,200 INFO T-engine xyrus.engine: cmd: play_pause
2026-09-14 05:17:54,694 INFO T-rec xyrus.recognizer: clap pattern heard - switching the display
2026-09-14 05:18:10,936 INFO T-clap xyrus.app: clap: display off
2026-09-14 05:18:10,936 INFO T-engine xyrus.engine: info: clap: display off
2026-09-14 15:15:13,901 INFO T-hotkey xyrus.hotkeys: hotkey push_to_talk (ctrl+alt+space) not registered: error 1409 (in use by another program)
2026-09-14 15:15:13,904 INFO MainThread xyrus.app: free text: Whisper when loaded (hearing.py), Vosk until then
2026-09-14 15:15:13,905 INFO MainThread xyrus.app: Xyrus 2.0.0 started (live)
2026-09-14 15:15:13,935 INFO T-index xyrus.actions.apps: start menu index: 122 entries
2026-09-14 15:15:13,974 INFO T-mic xyrus.audio: microphone open: device 1 (default, MME)
2026-09-14 15:15:13,974 INFO T-mic xyrus.audio: microphone: listening
2026-09-14 15:15:14,681 INFO T-rec xyrus.recognizer: speech model loaded in 0.3 s
2026-09-14 15:15:14,936 INFO T-engine xyrus.engine: say: Good afternoon, sir. Xyrus online. Nothing on the calendar today.
2026-09-14 15:15:15,121 INFO whisper-load faster_whisper: Processing audio with duration 00:01.000
2026-09-14 15:15:16,150 INFO whisper-load xyrus.hearing: whisper ready in 1.7 s
2026-09-14 15:24:13,958 INFO T-index xyrus.actions.apps: start menu index: 122 entries
2026-09-14 15:32:14,597 INFO T-rec xyrus.recognizer: heard 'cyrus' [command, wake re-decode] (3.8 s of audio)
2026-09-14 15:32:14,597 INFO T-engine xyrus.engine: heard: cyrus
2026-09-14 15:32:14,597 INFO T-engine xyrus.engine: say: I'm listening, sir.
2026-09-14 15:32:19,271 INFO T-rec xyrus.recognizer: heard 'white undo top match' [command] (4.5 s of audio)
2026-09-14 15:32:19,321 INFO T-engine xyrus.engine: heard: white undo top match
2026-09-14 15:32:19,321 INFO T-engine xyrus.engine: cmd: undo
2026-09-14 15:32:31,905 INFO T-engine xyrus.engine: info: Paused · mic off
2026-09-14 15:32:32,021 INFO T-mic xyrus.audio: microphone: paused
2026-09-14 15:32:59,130 INFO T-engine xyrus.engine: info: Listening
2026-09-14 15:32:59,174 INFO T-mic xyrus.audio: microphone open: device 1 (default, MME)
2026-09-14 15:32:59,174 INFO T-mic xyrus.audio: microphone: listening
2026-09-14 15:33:01,436 INFO T-rec xyrus.recognizer: clap pattern heard - switching the display
2026-09-14 15:33:01,521 INFO T-clap xyrus.app: clap: display off
2026-09-14 15:33:01,521 INFO T-engine xyrus.engine: info: clap: display off
2026-09-14 15:33:09,937 INFO T-rec xyrus.recognizer: clap pattern heard - switching the display
2026-09-14 15:33:10,075 INFO T-clap xyrus.app: clap: display on
2026-09-14 15:33:10,075 INFO T-engine xyrus.engine: info: clap: display on
2026-09-14 15:33:13,976 INFO T-index xyrus.actions.apps: start menu index: 122 entries
2026-09-14 15:33:15,937 INFO T-rec xyrus.recognizer: clap pattern heard - switching the display
2026-09-14 15:33:16,023 INFO T-clap xyrus.app: clap: display off
2026-09-14 15:33:16,023 INFO T-engine xyrus.engine: info: clap: display off
2026-09-14 15:42:13,982 INFO T-index xyrus.actions.apps: start menu index: 122 entries
2026-09-14 15:51:13,995 INFO T-index xyrus.actions.apps: start menu index: 122 entries
2026-09-14 16:00:14,015 INFO T-index xyrus.actions.apps: start menu index: 122 entries
2026-09-14 16:06:57,987 INFO T-hotkey xyrus.hotkeys: hotkey push_to_talk (ctrl+alt+space) not registered: error 1409 (in use by another program)
2026-09-14 16:06:57,990 INFO MainThread xyrus.app: commands after the wake reply and free text: Whisper when loaded (hearing.py), Vosk until then
2026-09-14 16:06:57,991 INFO MainThread xyrus.app: Xyrus 2.0.0 started (live)
2026-09-14 16:06:58,040 INFO T-mic xyrus.audio: microphone open: device 1 (default, MME)
2026-09-14 16:06:58,040 INFO T-mic xyrus.audio: microphone: listening
2026-09-14 16:06:58,042 INFO T-index xyrus.actions.apps: start menu index: 122 entries
2026-09-14 16:06:58,375 INFO T-rec xyrus.recognizer: speech model loaded in 0.2 s
2026-09-14 16:06:58,640 INFO T-engine xyrus.engine: say: Good afternoon, sir. Xyrus online. Nothing on the calendar today.
2026-09-14 16:06:58,815 INFO whisper-load faster_whisper: Processing audio with duration 00:01.000
2026-09-14 16:06:59,856 INFO whisper-load xyrus.hearing: whisper ready in 1.7 s
2026-09-14 16:07:19,058 INFO T-rec xyrus.recognizer: heard "what's" [wake] (20.2 s of audio)
2026-09-14 16:09:03,370 INFO T-rec xyrus.recognizer: heard 'cyrus' [wake] (3.0 s of audio)
2026-09-14 16:09:03,370 INFO T-engine xyrus.engine: heard: cyrus
2026-09-14 16:09:03,370 INFO T-engine xyrus.engine: say: Waiting for your command, sir.
2026-09-14 16:09:40,218 INFO T-engine xyrus.engine: info: Paused · mic off
2026-09-14 16:09:40,322 INFO T-mic xyrus.audio: microphone: paused
2026-09-14 16:15:58,054 INFO T-index xyrus.actions.apps: start menu index: 122 entries
2026-09-14 16:24:58,067 INFO T-index xyrus.actions.apps: start menu index: 122 entries
2026-09-14 16:28:12,738 INFO T-hotkey xyrus.hotkeys: hotkey push_to_talk (ctrl+alt+space) not registered: error 1409 (in use by another program)
2026-09-14 16:28:12,741 INFO MainThread xyrus.app: commands after the wake reply and free text: Whisper when loaded (hearing.py), Vosk until then
2026-09-14 16:28:12,741 INFO MainThread xyrus.app: Xyrus 2.0.0 started (live)
2026-09-14 16:28:12,793 INFO T-index xyrus.actions.apps: start menu index: 122 entries
2026-09-14 16:28:12,794 INFO T-mic xyrus.audio: microphone open: device 1 (default, MME)
2026-09-14 16:28:12,794 INFO T-mic xyrus.audio: microphone: listening
2026-09-14 16:28:13,118 INFO T-rec xyrus.recognizer: speech model loaded in 0.2 s
2026-09-14 16:28:13,384 INFO T-engine xyrus.engine: say: Good afternoon, sir. Xyrus online. Nothing on the calendar today.
2026-09-14 16:28:13,539 INFO whisper-load faster_whisper: Processing audio with duration 00:01.000
2026-09-14 16:28:14,549 INFO whisper-load xyrus.hearing: whisper ready in 1.6 s
2026-09-14 16:28:28,826 INFO T-rec xyrus.recognizer: heard 'cyrus' [command, wake re-decode] (15.0 s of audio)
2026-09-14 16:28:28,827 INFO T-engine xyrus.engine: heard: cyrus
2026-09-14 16:28:28,828 INFO T-engine xyrus.engine: say: I'm listening, sir.
2026-09-14 16:28:51,255 INFO T-rec xyrus.recognizer: heard (command capture, en, 0.5 s of speech, ended by silence): 'What time is it?'
2026-09-14 16:28:51,255 INFO T-rec xyrus.recognizer: heard 'what time is it' [command] (1.0 s of audio) free='what time is it'
2026-09-14 16:28:51,258 INFO T-engine xyrus.engine: heard: what time is it
2026-09-14 16:28:51,258 INFO T-engine xyrus.engine: cmd: time
2026-09-14 16:28:51,258 INFO T-engine xyrus.engine: say: It's 4:28 PM, sir.
2026-09-14 16:32:49,586 INFO T-rec xyrus.recognizer: heard 'virus' [wake] (0.7 s of audio)
2026-09-14 16:32:49,586 INFO T-engine xyrus.engine: heard: virus
2026-09-14 16:32:49,586 INFO T-engine xyrus.engine: say: Waiting for your command, sir.
2026-09-14 16:32:59,246 INFO T-rec xyrus.recognizer: heard (command capture, en, 0.7 s of speech, ended by silence): 'I like green apples.'
2026-09-14 16:32:59,246 INFO T-rec xyrus.recognizer: heard 'i like green apples' [command] (1.6 s of audio) free='i like green apples'
2026-09-14 16:32:59,249 INFO T-engine xyrus.engine: heard: i like green apples
2026-09-14 16:32:59,299 INFO T-engine xyrus.engine: info: listening again for Bangla
2026-09-14 16:32:59,404 INFO T-engine xyrus.engine: say: Sorry, I didn't catch that, sir.
2026-09-14 16:37:12,803 INFO T-index xyrus.actions.apps: start menu index: 122 entries
2026-09-14 16:41:07,988 INFO T-hotkey xyrus.hotkeys: hotkey push_to_talk (ctrl+alt+space) not registered: error 1409 (in use by another program)
2026-09-14 16:41:07,991 INFO MainThread xyrus.app: commands after the wake reply and free text: Whisper when loaded (hearing.py), Vosk until then
2026-09-14 16:41:07,992 INFO MainThread xyrus.app: Xyrus 2.0.0 started (live)
2026-09-14 16:41:08,032 INFO T-index xyrus.actions.apps: start menu index: 122 entries
2026-09-14 16:41:08,038 INFO T-mic xyrus.audio: microphone open: device 1 (default, MME)
2026-09-14 16:41:08,038 INFO T-mic xyrus.audio: microphone: listening
2026-09-14 16:41:08,382 INFO T-rec xyrus.recognizer: speech model loaded in 0.3 s
2026-09-14 16:41:08,644 INFO T-engine xyrus.engine: say: Good afternoon, sir. Xyrus online. Nothing on the calendar today.
2026-09-14 16:41:08,798 INFO whisper-load faster_whisper: Processing audio with duration 00:01.000
2026-09-14 16:41:09,816 INFO whisper-load xyrus.hearing: whisper ready in 1.6 s
2026-09-14 16:41:25,861 INFO T-rec xyrus.recognizer: heard 'cyrus' [wake] (2.7 s of audio)
2026-09-14 16:41:25,861 INFO T-engine xyrus.engine: heard: cyrus
2026-09-14 16:41:25,862 INFO T-engine xyrus.engine: say: At your service, sir.
2026-09-14 16:41:41,503 INFO T-rec xyrus.recognizer: command capture: dropped '' (0.3 s of speech) - silence or a Whisper filler
2026-09-14 16:41:48,982 INFO T-rec xyrus.recognizer: heard (command capture, en, 0.4 s of speech, ended by silence): "What's wrong with you?"
2026-09-14 16:41:48,982 INFO T-rec xyrus.recognizer: heard "what's wrong with you" [command] (1.0 s of audio) free="what's wrong with you"
2026-09-14 16:41:48,985 INFO T-engine xyrus.engine: heard: what's wrong with you
2026-09-14 16:41:49,038 INFO T-engine xyrus.engine: info: listening again for Bangla
2026-09-14 16:41:49,141 INFO T-engine xyrus.engine: say: Sorry, I didn't catch that, sir.
2026-09-14 16:42:03,211 INFO T-rec xyrus.recognizer: heard the name (Whisper second opinion, 0.5 s of speech, 0.91 s): 'Xyrus.'
2026-09-14 16:42:03,211 INFO T-rec xyrus.recognizer: heard 'cyrus' [command, wake re-decode] (1.3 s of audio)
2026-09-14 16:42:03,213 INFO T-engine xyrus.engine: heard: cyrus
2026-09-14 16:42:03,213 INFO T-engine xyrus.engine: say: Waiting for your command, sir.
2026-09-14 16:42:17,746 INFO T-rec xyrus.recognizer: heard (command capture, en, 0.9 s of speech, ended by silence): 'Xyrus.'
2026-09-14 16:42:17,747 INFO T-rec xyrus.recognizer: heard 'xyrus' [command] (2.2 s of audio) free='xyrus'
2026-09-14 16:42:17,750 INFO T-engine xyrus.engine: heard: xyrus
2026-09-14 16:42:17,750 INFO T-engine xyrus.engine: say: I'm listening, sir.
2026-09-14 16:42:30,206 INFO T-rec xyrus.recognizer: heard (command capture, en, 0.5 s of speech, ended by silence): 'Xyrus.'
2026-09-14 16:42:30,206 INFO T-rec xyrus.recognizer: heard 'xyrus' [command] (1.1 s of audio) free='xyrus'
2026-09-14 16:42:30,209 INFO T-engine xyrus.engine: heard: xyrus
2026-09-14 16:42:30,209 INFO T-engine xyrus.engine: say: Yes, sir?
2026-09-14 16:43:44,489 INFO T-rec xyrus.recognizer: heard (command capture, en, 0.4 s of speech, ended by silence): 'What time is it?'
2026-09-14 16:43:44,489 INFO T-rec xyrus.recognizer: heard 'what time is it' [command] (1.0 s of audio) free='what time is it'
2026-09-14 16:43:44,492 INFO T-engine xyrus.engine: heard: what time is it
2026-09-14 16:43:44,492 INFO T-engine xyrus.engine: cmd: time
2026-09-14 16:43:44,492 INFO T-engine xyrus.engine: say: It's 4:43 PM, sir.
2026-09-14 16:45:59,969 INFO T-rec xyrus.recognizer: heard the name (Whisper second opinion, 0.3 s of speech, 0.91 s): 'Xyrus.'
2026-09-14 16:45:59,969 INFO T-rec xyrus.recognizer: heard 'cyrus' [command, wake re-decode] (1.0 s of audio)
2026-09-14 16:45:59,970 INFO T-engine xyrus.engine: heard: cyrus
2026-09-14 16:45:59,970 INFO T-engine xyrus.engine: say: At your service, sir.
2026-09-14 16:45:59,996 INFO T-engine xyrus.engine: info: Paused · mic off
2026-09-14 16:46:00,073 INFO T-mic xyrus.audio: microphone: paused
2026-09-14 16:46:00,669 INFO T-engine xyrus.engine: info: Listening
2026-09-14 16:46:00,711 INFO T-mic xyrus.audio: microphone open: device 1 (default, MME)
2026-09-14 16:46:00,711 INFO T-mic xyrus.audio: microphone: listening
2026-09-14 16:46:03,397 INFO T-rec xyrus.recognizer: heard the name (Whisper second opinion, 0.3 s of speech, 0.92 s): 'Xyrus.'
2026-09-14 16:46:03,398 INFO T-rec xyrus.recognizer: heard 'cyrus' [command, wake re-decode] (0.9 s of audio)
2026-09-14 16:46:03,399 INFO T-engine xyrus.engine: heard: cyrus
2026-09-14 16:46:03,399 INFO T-engine xyrus.engine: say: Yes, sir?
2026-09-14 16:46:14,895 INFO T-rec xyrus.recognizer: heard (command capture, en, 0.7 s of speech, ended by silence): 'Can you please?'
2026-09-14 16:46:14,896 INFO T-rec xyrus.recognizer: heard 'can you please' [command] (1.7 s of audio) free='can you please'
2026-09-14 16:46:14,898 INFO T-engine xyrus.engine: heard: can you please
2026-09-14 16:46:14,899 INFO T-engine xyrus.engine: info: listening again for Bangla
2026-09-14 16:46:15,059 INFO T-engine xyrus.engine: say: Sorry, I didn't catch that, sir.
2026-09-14 16:46:31,127 INFO T-rec xyrus.recognizer: heard the name (Whisper second opinion, 0.3 s of speech, 0.90 s): 'Xyrus.'
2026-09-14 16:46:31,127 INFO T-rec xyrus.recognizer: heard 'cyrus' [command, wake re-decode] (0.9 s of audio)
2026-09-14 16:46:31,129 INFO T-engine xyrus.engine: heard: cyrus
2026-09-14 16:46:31,129 INFO T-engine xyrus.engine: say: Waiting for your command, sir.
2026-09-14 16:46:36,264 INFO T-rec xyrus.recognizer: heard (command capture, en, 1.4 s of speech, ended by silence): 'Play if shown you by icons.'
2026-09-14 16:46:36,265 INFO T-rec xyrus.recognizer: heard 'play if shown you by icons' [command] (2.1 s of audio) free='play if shown you by icons'
2026-09-14 16:46:36,268 INFO T-engine xyrus.engine: heard: play if shown you by icons
2026-09-14 16:46:36,269 INFO T-engine xyrus.engine: cmd: play_song song='if shown you by icons'
2026-09-14 16:46:37,221 INFO T-engine xyrus.engine: say: Playing Avatar's NEW Elements Explained!, sir.
2026-09-14 16:46:37,221 INFO T-engine xyrus.engine: info: https://www.youtube.com/watch?v=nzyiDLvnysU (https://www.youtube.com/watch?v=nzyiDLvnysU)
2026-09-14 16:46:39,986 INFO T-engine xyrus.engine: info: playback: autoplay
2026-09-14 16:46:51,230 INFO T-rec xyrus.recognizer: heard 'one' [wake] (14.0 s of audio)
2026-09-14 16:46:53,979 INFO T-rec xyrus.recognizer: heard 'is' [wake] (2.5 s of audio)
2026-09-14 16:47:03,549 INFO T-rec xyrus.recognizer: heard 'virus' [wake] (4.3 s of audio)
2026-09-14 16:47:03,549 INFO T-engine xyrus.engine: heard: virus
2026-09-14 16:47:03,549 INFO T-engine xyrus.engine: say: I'm listening, sir.
2026-09-14 16:47:06,134 INFO T-rec xyrus.recognizer: command capture: dropped '' (0.5 s of speech) - silence or a Whisper filler
2026-09-14 16:47:13,996 INFO T-rec xyrus.recognizer: heard (command capture, en, 1.0 s of speech, ended by silence): 'Play Tired by Ellen Hook.'
2026-09-14 16:47:13,996 INFO T-rec xyrus.recognizer: heard 'play tired by ellen hook' [command] (2.5 s of audio) free='play tired by ellen hook'
2026-09-14 16:47:13,999 INFO T-engine xyrus.engine: heard: play tired by ellen hook
2026-09-14 16:47:14,000 INFO T-engine xyrus.engine: cmd: play_song song='tired by ellen hook'
2026-09-14 16:47:14,784 INFO T-engine xyrus.engine: say: Playing Tired, sir.
2026-09-14 16:47:14,784 INFO T-engine xyrus.engine: info: https://www.youtube.com/watch?v=zze2NAijouI (https://www.youtube.com/watch?v=zze2NAijouI)
2026-09-14 16:47:14,979 INFO T-rec xyrus.recognizer: heard 'a' [wake] (0.7 s of audio)
2026-09-14 16:47:17,521 INFO T-engine xyrus.engine: info: playback: autoplay
2026-09-14 16:47:51,482 INFO T-rec xyrus.recognizer: heard 'another' [wake] (1.0 s of audio)
2026-09-14 16:50:08,043 INFO T-index xyrus.actions.apps: start menu index: 122 entries
2026-09-14 16:59:08,058 INFO T-index xyrus.actions.apps: start menu index: 122 entries
2026-09-14 17:08:08,069 INFO T-index xyrus.actions.apps: start menu index: 122 entries
2026-09-14 17:16:58,880 INFO T-hotkey xyrus.hotkeys: hotkey push_to_talk (ctrl+alt+space) not registered: error 1409 (in use by another program)
2026-09-14 17:16:58,885 INFO MainThread xyrus.app: commands after the wake reply and free text: Whisper when loaded (hearing.py), Vosk until then
2026-09-14 17:16:58,886 INFO MainThread xyrus.app: Xyrus 2.0.0 started (live)
2026-09-14 17:16:58,932 INFO T-mic xyrus.audio: microphone open: device 1 (default, MME)
2026-09-14 17:16:58,932 INFO T-mic xyrus.audio: microphone: listening
2026-09-14 17:16:58,935 INFO T-index xyrus.actions.apps: start menu index: 122 entries
2026-09-14 17:16:59,274 INFO T-rec xyrus.recognizer: speech model loaded in 0.2 s
2026-09-14 17:16:59,561 INFO T-engine xyrus.engine: say: Good evening, sir. Xyrus online. Nothing on the calendar today.
2026-09-14 17:17:00,431 INFO whisper-load faster_whisper: Processing audio with duration 00:01.000
2026-09-14 17:17:00,914 INFO whisper-load xyrus.hearing: whisper ready in 1.9 s: whisper-large-v3-turbo on cuda (float16)
2026-09-14 17:17:28,185 INFO T-rec xyrus.recognizer: heard "what's cyrus" [wake] (16.0 s of audio)
2026-09-14 17:17:28,185 INFO T-engine xyrus.engine: heard: what's cyrus
2026-09-14 17:17:28,185 INFO T-engine xyrus.engine: say: Yes, sir?
2026-09-14 17:17:35,490 INFO T-rec xyrus.recognizer: heard (command capture, en, 0.7 s of speech, peak 0.04, ended by silence): 'What time is it?'
2026-09-14 17:17:35,490 INFO T-rec xyrus.recognizer: heard 'what time is it' [command] (1.3 s of audio) free='what time is it'
2026-09-14 17:17:35,491 INFO T-engine xyrus.engine: heard: what time is it
2026-09-14 17:17:35,492 INFO T-engine xyrus.engine: cmd: time
2026-09-14 17:17:35,492 INFO T-engine xyrus.engine: say: It's 5:17 PM, sir.
2026-09-14 17:18:12,496 INFO T-rec xyrus.recognizer: heard 'cyrus' [command, wake re-decode] (2.8 s of audio)
2026-09-14 17:18:12,496 INFO T-engine xyrus.engine: heard: cyrus
2026-09-14 17:18:12,496 INFO T-engine xyrus.engine: say: Waiting for your command, sir.
2026-09-14 17:25:58,960 INFO T-index xyrus.actions.apps: start menu index: 122 entries
2026-09-14 17:29:08,559 INFO T-rec xyrus.recognizer: heard (command capture, en, 0.6 s of speech, peak 0.03, ended by silence): "I'm going to call the doctor tomorrow at five."
2026-09-14 17:29:08,559 INFO T-rec xyrus.recognizer: heard "i'm going to call the doctor tomorrow at five" [command] (1.2 s of audio) free="i'm going to call the doctor tomorrow at five"
2026-09-14 17:29:08,560 INFO T-engine xyrus.engine: heard: i'm going to call the doctor tomorrow at five
2026-09-14 17:29:08,610 INFO T-engine xyrus.engine: info: listening again for Bangla
2026-09-14 17:29:08,675 INFO T-engine xyrus.engine: say: Sorry, I didn't catch that, sir.
2026-09-14 17:34:58,973 INFO T-index xyrus.actions.apps: start menu index: 122 entries
2026-09-14 17:43:58,986 INFO T-index xyrus.actions.apps: start menu index: 122 entries
2026-09-14 17:46:53,562 INFO T-rec xyrus.recognizer: heard the name (Whisper second opinion, 0.4 s of speech, 0.33 s): 'Xyrus.'
2026-09-14 17:46:53,562 INFO T-rec xyrus.recognizer: heard 'cyrus' [command, wake re-decode] (2.0 s of audio)
2026-09-14 17:46:53,564 INFO T-engine xyrus.engine: heard: cyrus
2026-09-14 17:46:53,564 INFO T-engine xyrus.engine: say: Yes, sir?
2026-09-14 17:47:00,426 INFO T-rec xyrus.recognizer: heard (command capture, en, 1.7 s of speech, peak 0.05, ended by silence): 'Can you play Ed Sheeran by items?'
2026-09-14 17:47:00,426 INFO T-rec xyrus.recognizer: heard 'can you play ed sheeran by items' [command] (3.2 s of audio) free='can you play ed sheeran by items'
2026-09-14 17:47:00,426 INFO T-engine xyrus.engine: heard: can you play ed sheeran by items
2026-09-14 17:47:00,427 INFO T-engine xyrus.engine: cmd: play_song song='ed sheeran by items'
2026-09-14 17:47:01,391 INFO T-engine xyrus.engine: say: Playing The A Team by Ed Sheeran, sir.
2026-09-14 17:47:01,391 INFO T-engine xyrus.engine: info: https://www.youtube.com/watch?v=UAWcs5H-qgQ (https://www.youtube.com/watch?v=UAWcs5H-qgQ)
2026-09-14 17:47:04,458 INFO T-engine xyrus.engine: info: playback: autoplay
2026-09-14 17:47:08,352 INFO T-rec xyrus.recognizer: heard the name (Whisper second opinion, 0.3 s of speech, 0.37 s): 'Xyrus.'
2026-09-14 17:47:08,353 INFO T-rec xyrus.recognizer: heard 'cyrus' [command, wake re-decode] (1.0 s of audio)
2026-09-14 17:47:08,354 INFO T-engine xyrus.engine: heard: cyrus
2026-09-14 17:47:08,354 INFO T-engine xyrus.engine: say: Waiting for your command, sir.
2026-09-14 17:47:18,003 INFO T-rec xyrus.recognizer: heard (command capture, en, 0.9 s of speech, peak 0.04, ended by silence): 'Can I tell me a joke?'
2026-09-14 17:47:18,003 INFO T-rec xyrus.recognizer: heard 'can i tell me a joke' [command] (1.5 s of audio) free='can i tell me a joke'
2026-09-14 17:47:18,005 INFO T-engine xyrus.engine: heard: can i tell me a joke
2026-09-14 17:47:18,005 INFO T-engine xyrus.engine: cmd: joke
2026-09-14 17:47:18,005 INFO T-engine xyrus.engine: say: Why was the robot tired when it got home? It had a hard drive.
2026-09-14 17:47:37,927 INFO T-rec xyrus.recognizer: heard 'one cyrus' [wake] (14.0 s of audio)
2026-09-14 17:47:37,927 INFO T-engine xyrus.engine: heard: one cyrus
2026-09-14 17:47:37,927 INFO T-engine xyrus.engine: say: Yes, sir?
2026-09-14 17:47:43,769 INFO T-rec xyrus.recognizer: heard (command capture, en, 1.4 s of speech, peak 0.04, ended by silence): 'Shape of You by Ed Sheeran.'
2026-09-14 17:47:43,769 INFO T-rec xyrus.recognizer: heard 'shape of you by ed sheeran' [command] (2.3 s of audio) free='shape of you by ed sheeran'
2026-09-14 17:47:43,770 INFO T-engine xyrus.engine: heard: shape of you by ed sheeran
2026-09-14 17:47:43,772 INFO T-engine xyrus.engine: info: listening again for Bangla
2026-09-14 17:47:43,879 INFO T-engine xyrus.engine: say: Sorry, I didn't catch that, sir.
2026-09-14 17:48:00,781 INFO T-rec xyrus.recognizer: heard 'zeros' [command, wake re-decode] (2.5 s of audio)
2026-09-14 17:48:00,781 INFO T-engine xyrus.engine: heard: zeros
2026-09-14 17:48:00,781 INFO T-engine xyrus.engine: say: At your service, sir.
2026-09-14 17:48:10,025 INFO T-rec xyrus.recognizer: heard (command capture, en, 3.6 s of speech, peak 0.57, ended by silence): 'Can you play Shape of You by Ed Sheeran?'
2026-09-14 17:48:10,025 INFO T-rec xyrus.recognizer: heard 'can you play shape of you by ed sheeran' [command] (6.1 s of audio) free='can you play shape of you by ed sheeran'
2026-09-14 17:48:10,026 INFO T-engine xyrus.engine: heard: can you play shape of you by ed sheeran
2026-09-14 17:48:10,027 INFO T-engine xyrus.engine: cmd: play_song song='shape of you by ed sheeran'
2026-09-14 17:48:10,954 INFO T-engine xyrus.engine: say: Playing Shape of You by Ed Sheeran, sir.
2026-09-14 17:48:10,954 INFO T-engine xyrus.engine: info: https://www.youtube.com/watch?v=liTfD88dbCo (https://www.youtube.com/watch?v=liTfD88dbCo)
2026-09-14 17:48:13,694 INFO T-engine xyrus.engine: info: playback: autoplay
2026-09-14 17:48:19,740 INFO T-rec xyrus.recognizer: heard 'is [unk] [unk] [unk]' [wake] (4.8 s of audio)
2026-09-14 17:48:25,319 INFO T-rec xyrus.recognizer: heard '[unk] take any screenshot zeros' [command, wake re-decode] (5.3 s of audio)
2026-09-14 17:48:25,319 INFO T-engine xyrus.engine: heard: [unk] take any screenshot zeros
2026-09-14 17:48:25,319 INFO T-engine xyrus.engine: say: Waiting for your command, sir.
2026-09-14 17:48:31,756 INFO T-rec xyrus.recognizer: heard (command capture, en, 1.6 s of speech, peak 0.85, ended by silence): 'Take a screenshot.'
2026-09-14 17:48:31,756 INFO T-rec xyrus.recognizer: heard 'take a screenshot' [command] (2.1 s of audio) free='take a screenshot'
2026-09-14 17:48:31,757 INFO T-engine xyrus.engine: heard: take a screenshot
2026-09-14 17:48:31,757 INFO T-engine xyrus.engine: cmd: screenshot
2026-09-14 17:48:31,832 INFO T-engine xyrus.engine: info: C:\Users\msi\Pictures\Xyrus\Screenshot_2026-09-14_17-48-31.png (C:\Users\msi\Pictures\Xyrus\Screenshot_2026-09-14_17-48-31.png)
2026-09-14 17:48:31,832 INFO T-engine xyrus.engine: say: Screenshot saved, sir.
2026-09-14 17:49:25,736 INFO T-rec xyrus.recognizer: clap pattern heard - switching the display
2026-09-14 17:49:25,946 INFO T-clap xyrus.app: clap: display off
2026-09-14 17:49:25,946 INFO T-engine xyrus.engine: info: clap: display off
2026-09-14 17:52:58,998 INFO T-index xyrus.actions.apps: start menu index: 122 entries
2026-09-14 18:01:59,019 INFO T-index xyrus.actions.apps: start menu index: 122 entries
2026-09-14 18:10:59,034 INFO T-index xyrus.actions.apps: start menu index: 122 entries
2026-09-14 20:02:37,597 INFO MainThread xyrus.app: commands after the wake reply and free text: Whisper when loaded (hearing.py), Vosk until then
2026-09-14 20:02:37,598 INFO MainThread xyrus.app: Xyrus 2.0.0 started (live)
2026-09-14 20:02:37,604 INFO T-index xyrus.actions.apps: start menu index: 122 entries
2026-09-14 20:02:37,644 INFO T-mic xyrus.audio: microphone open: device 1 (default, MME)
2026-09-14 20:02:37,644 INFO T-mic xyrus.audio: microphone: listening
2026-09-14 20:02:39,150 INFO T-rec xyrus.recognizer: speech model loaded in 0.7 s
2026-09-14 20:02:39,347 INFO T-engine xyrus.engine: say: Good evening, sir. Xyrus online. Nothing on the calendar today.
2026-09-14 20:02:41,373 INFO whisper-load faster_whisper: Processing audio with duration 00:01.000
2026-09-14 20:02:42,738 INFO whisper-load xyrus.hearing: whisper ready in 2.9 s: whisper-large-v3-turbo on cuda (float16)
2026-09-14 20:02:53,384 INFO T-rec xyrus.recognizer: heard the name (Whisper second opinion, 0.4 s of speech, 0.41 s): 'Xyrus.'
2026-09-14 20:02:53,384 INFO T-rec xyrus.recognizer: heard 'cyrus' [command, wake re-decode] (1.0 s of audio)
2026-09-14 20:02:53,385 INFO T-engine xyrus.engine: heard: cyrus
2026-09-14 20:02:53,385 INFO T-engine xyrus.engine: say: Yes, sir?
2026-09-14 20:03:00,982 INFO T-rec xyrus.recognizer: heard (command capture, en, 2.2 s of speech, peak 0.05, ended by silence): 'Can you play any Justin Bieber song?'
2026-09-14 20:03:00,982 INFO T-rec xyrus.recognizer: heard 'can you play any justin bieber song' [command] (3.6 s of audio) free='can you play any justin bieber song'
2026-09-14 20:03:00,983 INFO T-engine xyrus.engine: heard: can you play any justin bieber song
2026-09-14 20:03:00,984 INFO T-engine xyrus.engine: cmd: play_song song='any justin bieber song'
2026-09-14 20:03:02,334 INFO T-engine xyrus.engine: say: Playing Baby ft. Ludacris by Justin Bieber, sir.
2026-09-14 20:03:02,335 INFO T-engine xyrus.engine: info: https://www.youtube.com/watch?v=kffacxfA7G4 (https://www.youtube.com/watch?v=kffacxfA7G4)
2026-09-14 20:03:06,309 INFO T-engine xyrus.engine: info: playback: autoplay
2026-09-14 20:03:24,216 INFO T-rec xyrus.recognizer: clap pattern heard - switching the display
2026-09-14 20:03:24,340 INFO T-clap xyrus.app: clap: display off
2026-09-14 20:03:24,340 INFO T-engine xyrus.engine: info: clap: display off
2026-09-14 20:03:37,222 INFO T-rec xyrus.recognizer: heard 'song' [wake] (4.8 s of audio)
2026-09-14 20:03:40,471 INFO T-rec xyrus.recognizer: heard 'a the result' [wake] (3.0 s of audio)
2026-09-14 20:04:04,467 INFO T-rec xyrus.recognizer: clap pattern heard - switching the display
2026-09-14 20:04:04,539 INFO T-clap xyrus.app: clap: display off
2026-09-14 20:04:04,539 INFO T-engine xyrus.engine: info: clap: display off
2026-09-14 20:04:10,717 INFO T-rec xyrus.recognizer: clap pattern heard - switching the display
2026-09-14 20:04:10,857 INFO T-clap xyrus.app: clap: display on
2026-09-14 20:04:10,858 INFO T-engine xyrus.engine: info: clap: display on
2026-09-14 20:04:25,468 INFO T-rec xyrus.recognizer: clap pattern heard - switching the display
2026-09-14 20:04:25,562 INFO T-clap xyrus.app: clap: display off
2026-09-14 20:04:25,562 INFO T-engine xyrus.engine: info: clap: display off
2026-09-14 20:04:52,253 INFO T-rec xyrus.recognizer: heard 'zeros' [wake] (1.0 s of audio)
2026-09-14 20:04:52,253 INFO T-engine xyrus.engine: heard: zeros
2026-09-14 20:04:52,253 INFO T-engine xyrus.engine: say: Waiting for your command, sir.
2026-09-14 20:05:01,007 INFO T-rec xyrus.recognizer: heard (command capture, en, 0.5 s of speech, peak 0.03, ended by silence): 'Go to sleep.'
2026-09-14 20:05:01,008 INFO T-rec xyrus.recognizer: heard 'go to sleep' [command] (3.4 s of audio) free='go to sleep'
2026-09-14 20:05:01,009 INFO T-engine xyrus.engine: heard: go to sleep
2026-09-14 20:05:01,009 INFO T-engine xyrus.engine: cmd: sleep
2026-09-14 20:05:01,009 INFO T-engine xyrus.engine: say: Going to sleep, sir.
2026-09-14 20:05:07,275 WARNING T-watch xyrus.audio: microphone stalled (no audio for 3.8 s) - reopening
2026-09-14 20:05:07,730 INFO T-watch xyrus.audio: microphone: mic error, retrying
2026-09-14 20:05:07,800 INFO T-watch xyrus.audio: microphone open: device 1 (default, MME)
2026-09-14 20:05:07,800 INFO T-watch xyrus.audio: microphone: listening
2026-09-14 20:05:33,501 WARNING exec-watch xyrus.executor: job sleep timed out after 15.0 s; abandoning worker exec-1 (1 abandoned)
2026-09-14 20:05:33,533 WARNING T-watch xyrus.audio: microphone stalled (no audio for 25.2 s) - reopening
2026-09-14 20:05:34,061 ERROR T-engine xyrus.engine: action sleep failed: TimeoutError('sleep')
2026-09-14 20:05:34,062 INFO T-engine xyrus.engine: error: sleep failed: sleep
2026-09-14 20:05:34,062 INFO T-engine xyrus.engine: say: That's taking too long, sir. I've stopped waiting.
2026-09-14 20:05:34,106 INFO T-watch xyrus.audio: microphone: mic error, retrying
2026-09-14 20:05:34,187 INFO T-watch xyrus.audio: microphone open: device 1 (default, MME)
2026-09-14 20:05:34,187 INFO T-watch xyrus.audio: microphone: listening
2026-09-14 20:06:34,086 INFO T-rec xyrus.recognizer: heard '[unk] zeros' [wake] (4.0 s of audio)
2026-09-14 20:06:34,086 INFO T-engine xyrus.engine: heard: [unk] zeros
2026-09-14 20:06:34,086 INFO T-engine xyrus.engine: say: I'm listening, sir.
2026-09-14 20:06:39,603 INFO T-rec xyrus.recognizer: heard (command capture, en, 0.3 s of speech, peak 0.03, ended by silence): 'Bye. Bye. Bye. Bye.'
2026-09-14 20:06:39,603 INFO T-rec xyrus.recognizer: heard 'bye bye bye bye' [command] (0.8 s of audio) free='bye bye bye bye'
2026-09-14 20:06:39,605 INFO T-engine xyrus.engine: heard: bye bye bye bye
2026-09-14 20:06:39,654 INFO T-engine xyrus.engine: info: listening again for Bangla
2026-09-14 20:06:39,737 INFO T-engine xyrus.engine: say: Sorry, I didn't catch that, sir.
2026-09-14 20:06:53,591 INFO T-rec xyrus.recognizer: heard 'zeros' [command, wake re-decode] (4.3 s of audio)
2026-09-14 20:06:53,592 INFO T-engine xyrus.engine: heard: zeros
2026-09-14 20:06:53,592 INFO T-engine xyrus.engine: say: At your service, sir.
2026-09-14 20:07:00,048 INFO T-rec xyrus.recognizer: heard (command capture, en, 2.3 s of speech, peak 0.99, ended by silence): 'It is shown here by icons.'
2026-09-14 20:07:00,048 INFO T-rec xyrus.recognizer: heard 'it is shown here by icons' [command] (2.4 s of audio) free='it is shown here by icons'
2026-09-14 20:07:00,049 INFO T-engine xyrus.engine: heard: it is shown here by icons
2026-09-14 20:07:00,050 INFO T-engine xyrus.engine: info: listening again for Bangla
2026-09-14 20:07:00,161 INFO T-engine xyrus.engine: say: Sorry, I didn't catch that, sir.
2026-09-14 20:11:59,328 INFO T-index xyrus.actions.apps: start menu index: 122 entries
2026-09-14 20:20:59,351 INFO T-index xyrus.actions.apps: start menu index: 122 entries
2026-09-14 20:27:48,165 INFO T-rec xyrus.recognizer: heard '[unk] zeros [unk]' [wake] (5.8 s of audio)
2026-09-14 20:29:59,361 INFO T-index xyrus.actions.apps: start menu index: 122 entries
2026-09-14 20:38:59,370 INFO T-index xyrus.actions.apps: start menu index: 122 entries
2026-09-14 20:47:01,587 INFO MainThread xyrus.audio: microphone: paused
2026-09-14 20:47:01,594 INFO MainThread xyrus.app: Xyrus stopped
2026-09-14 23:54:07,429 INFO MainThread xyrus.app: commands after the wake reply and free text: Whisper when loaded (hearing.py), Vosk until then
2026-09-14 23:54:07,429 INFO MainThread xyrus.app: Xyrus 2.0.0 started (live)
2026-09-14 23:54:07,434 INFO T-index xyrus.actions.apps: start menu index: 122 entries
2026-09-14 23:54:07,488 INFO T-mic xyrus.audio: microphone open: device 1 (default, MME)
2026-09-14 23:54:07,488 INFO T-mic xyrus.audio: microphone: listening
2026-09-14 23:54:09,000 INFO T-rec xyrus.recognizer: speech model loaded in 0.7 s
2026-09-14 23:54:09,199 INFO T-engine xyrus.engine: say: Good evening, sir. Xyrus online. Nothing on the calendar today.
2026-09-14 23:54:10,457 INFO MainThread xyrus.app: already running - asked it to show its window
2026-09-14 23:54:11,256 INFO whisper-load faster_whisper: Processing audio with duration 00:01.000
2026-09-14 23:54:12,520 INFO whisper-load xyrus.hearing: whisper ready in 2.8 s: whisper-large-v3-turbo on cuda (float16)
2026-09-14 23:54:18,758 INFO T-rec xyrus.recognizer: heard the name (Whisper second opinion, 0.5 s of speech, 0.20 s): 'Xyrus.'
2026-09-14 23:54:18,758 INFO T-rec xyrus.recognizer: heard 'cyrus' [command, wake re-decode] (1.1 s of audio)
2026-09-14 23:54:18,758 INFO T-engine xyrus.engine: heard: cyrus
2026-09-14 23:54:18,758 INFO T-engine xyrus.engine: say: Yes, sir?
2026-09-14 23:54:29,858 INFO T-rec xyrus.recognizer: heard (command capture, en, 2.6 s of speech, peak 0.09, ended by silence): 'Can you play Alone by Alan Walker?'
2026-09-14 23:54:29,858 INFO T-rec xyrus.recognizer: heard 'can you play alone by alan walker' [command] (3.6 s of audio) free='can you play alone by alan walker'
2026-09-14 23:54:29,859 INFO T-engine xyrus.engine: heard: can you play alone by alan walker
2026-09-14 23:54:29,860 INFO T-engine xyrus.engine: cmd: play_song song='alone by alan walker'
2026-09-14 23:54:30,758 INFO T-engine xyrus.engine: say: Playing Alone by Alan Walker, sir.
2026-09-14 23:54:30,758 INFO T-engine xyrus.engine: info: https://www.youtube.com/watch?v=1-xGerv5FOk (https://www.youtube.com/watch?v=1-xGerv5FOk)
2026-09-14 23:54:33,814 INFO T-engine xyrus.engine: info: playback: autoplay
2026-09-14 23:54:51,077 INFO T-rec xyrus.recognizer: heard 'one cyrus' [wake] (16.3 s of audio)
2026-09-14 23:54:51,078 INFO T-engine xyrus.engine: heard: one cyrus
2026-09-14 23:54:51,078 INFO T-engine xyrus.engine: say: Waiting for your command, sir.
2026-09-14 23:55:03,438 INFO T-rec xyrus.recognizer: heard (command capture, en, 1.8 s of speech, peak 0.10, ended by silence): 'Play Alone by Marshmallow.'
2026-09-14 23:55:03,438 INFO T-rec xyrus.recognizer: heard 'play alone by marshmallow' [command] (2.5 s of audio) free='play alone by marshmallow'
2026-09-14 23:55:03,439 INFO T-engine xyrus.engine: heard: play alone by marshmallow
2026-09-14 23:55:03,439 INFO T-engine xyrus.engine: cmd: play_song song='alone by marshmallow'
2026-09-14 23:55:04,998 INFO T-engine xyrus.engine: say: Playing Alone by Marshmello, sir.
2026-09-14 23:55:04,998 INFO T-engine xyrus.engine: info: https://www.youtube.com/watch?v=ALZHF5UqnU4 (https://www.youtube.com/watch?v=ALZHF5UqnU4)
2026-09-14 23:55:07,732 INFO T-engine xyrus.engine: info: playback: autoplay
2026-09-14 23:55:23,402 INFO T-rec xyrus.recognizer: heard the name (Whisper second opinion, 0.5 s of speech, 0.34 s): 'Xyrus!'
2026-09-14 23:55:23,402 INFO T-rec xyrus.recognizer: heard 'cyrus' [command, wake re-decode] (1.1 s of audio)
2026-09-14 23:55:23,403 INFO T-engine xyrus.engine: heard: cyrus
2026-09-14 23:55:23,403 INFO T-engine xyrus.engine: say: Yes, sir?
2026-09-14 23:55:33,180 INFO T-rec xyrus.recognizer: heard (command capture, en, 0.8 s of speech, peak 0.10, ended by silence): 'Pause the music.'
2026-09-14 23:55:33,180 INFO T-rec xyrus.recognizer: heard 'pause the music' [command] (1.5 s of audio) free='pause the music'
2026-09-14 23:55:33,181 INFO T-engine xyrus.engine: heard: pause the music
2026-09-14 23:55:33,181 INFO T-engine xyrus.engine: cmd: play_pause
2026-09-14 23:55:39,809 INFO T-rec xyrus.recognizer: heard 'not another' [wake] (1.2 s of audio)
2026-09-14 23:55:47,813 INFO T-rec xyrus.recognizer: heard the name (Whisper second opinion, 0.4 s of speech, 0.25 s): 'Xyrus.'
2026-09-14 23:55:47,813 INFO T-rec xyrus.recognizer: heard 'cyrus' [command, wake re-decode] (1.0 s of audio)
2026-09-14 23:55:47,815 INFO T-engine xyrus.engine: heard: cyrus
2026-09-14 23:55:47,815 INFO T-engine xyrus.engine: say: Waiting for your command, sir.
2026-09-14 23:55:57,845 INFO T-rec xyrus.recognizer: heard (command capture, en, 1.3 s of speech, peak 0.09, ended by silence): 'Get out from the browser.'
2026-09-14 23:55:57,846 INFO T-rec xyrus.recognizer: heard 'get out from the browser' [command] (2.2 s of audio) free='get out from the browser'
2026-09-14 23:55:57,847 INFO T-engine xyrus.engine: heard: get out from the browser
2026-09-14 23:55:57,897 INFO T-engine xyrus.engine: info: listening again for Bangla
2026-09-14 23:55:57,962 INFO T-engine xyrus.engine: say: Sorry, I didn't catch that, sir.
2026-09-14 23:56:12,241 INFO T-rec xyrus.recognizer: heard the name (Whisper second opinion, 0.4 s of speech, 0.18 s): 'Xyrus!'
2026-09-14 23:56:12,241 INFO T-rec xyrus.recognizer: heard 'cyrus' [command, wake re-decode] (1.0 s of audio)
2026-09-14 23:56:12,241 INFO T-engine xyrus.engine: heard: cyrus
2026-09-14 23:56:12,241 INFO T-engine xyrus.engine: say: I'm listening, sir.
2026-09-14 23:56:16,991 INFO T-rec xyrus.recognizer: heard (command capture, en, 0.7 s of speech, peak 0.08, ended by silence): 'Give me the time.'
2026-09-14 23:56:16,991 INFO T-rec xyrus.recognizer: heard 'give me the time' [command] (1.0 s of audio) free='give me the time'
2026-09-14 23:56:16,991 INFO T-engine xyrus.engine: heard: give me the time
2026-09-14 23:56:16,992 INFO T-engine xyrus.engine: cmd: time
2026-09-14 23:56:16,992 INFO T-engine xyrus.engine: say: It's 11:56 PM, sir.
2026-09-14 23:56:29,481 INFO T-rec xyrus.recognizer: heard the name (Whisper second opinion, 0.5 s of speech, 0.17 s): 'Xyrus.'
2026-09-14 23:56:29,481 INFO T-rec xyrus.recognizer: heard 'cyrus' [command, wake re-decode] (1.1 s of audio)
2026-09-14 23:56:29,481 INFO T-engine xyrus.engine: heard: cyrus
2026-09-14 23:56:29,481 INFO T-engine xyrus.engine: say: Yes, sir?
2026-09-14 23:56:36,591 INFO T-rec xyrus.recognizer: heard (command capture, en, 1.9 s of speech, peak 0.10, ended by silence): 'Do I have any casual within this week?'
2026-09-14 23:56:36,591 INFO T-rec xyrus.recognizer: heard 'do i have any casual within this week' [command] (3.4 s of audio) free='do i have any casual within this week'
2026-09-14 23:56:36,592 INFO T-engine xyrus.engine: heard: do i have any casual within this week
2026-09-14 23:56:36,603 INFO T-engine xyrus.engine: info: listening again for Bangla
2026-09-14 23:56:36,710 INFO T-engine xyrus.engine: say: Sorry, I didn't catch that, sir.
2026-09-14 23:56:42,591 INFO T-rec xyrus.recognizer: heard 'cyrus' [command, wake re-decode] (1.8 s of audio)
2026-09-14 23:56:42,592 INFO T-engine xyrus.engine: heard: cyrus
2026-09-14 23:56:42,592 INFO T-engine xyrus.engine: say: Waiting for your command, sir.
2026-09-14 23:56:48,167 INFO T-rec xyrus.recognizer: heard (command capture, en, 1.2 s of speech, peak 1.00, ended by silence): 'This week.'
2026-09-14 23:56:48,168 INFO T-rec xyrus.recognizer: heard 'this week' [command] (1.1 s of audio) free='this week'
2026-09-14 23:56:48,169 INFO T-engine xyrus.engine: heard: this week
2026-09-14 23:56:48,169 INFO T-engine xyrus.engine: info: listening again for Bangla
2026-09-14 23:56:48,274 INFO T-engine xyrus.engine: say: Sorry, I didn't catch that, sir.
2026-09-15 00:03:07,447 INFO T-index xyrus.actions.apps: start menu index: 122 entries
2026-09-15 00:12:07,459 INFO T-index xyrus.actions.apps: start menu index: 122 entries
2026-09-15 00:21:07,469 INFO T-index xyrus.actions.apps: start menu index: 122 entries
2026-09-15 00:30:07,484 INFO T-index xyrus.actions.apps: start menu index: 122 entries
2026-09-15 00:39:07,484 INFO T-index xyrus.actions.apps: start menu index: 122 entries
2026-09-15 00:48:07,483 INFO T-index xyrus.actions.apps: start menu index: 122 entries
2026-09-15 00:52:41,750 INFO T-rec xyrus.recognizer: heard the name (Whisper second opinion, 0.4 s of speech, 0.37 s): 'Xyrus.'
2026-09-15 00:52:41,750 INFO T-rec xyrus.recognizer: heard 'cyrus' [command, wake re-decode] (1.0 s of audio)
2026-09-15 00:52:41,751 INFO T-engine xyrus.engine: heard: cyrus
2026-09-15 00:52:41,752 INFO T-engine xyrus.engine: say: Yes, sir?
2026-09-15 00:52:47,313 INFO T-rec xyrus.recognizer: heard (command capture, en, 0.9 s of speech, peak 0.04, ended by silence): 'How are you doing?'
2026-09-15 00:52:47,313 INFO T-rec xyrus.recognizer: heard 'how are you doing' [command] (1.7 s of audio) free='how are you doing'
2026-09-15 00:52:47,313 INFO T-engine xyrus.engine: heard: how are you doing
2026-09-15 00:52:47,314 INFO T-engine xyrus.engine: cmd: how_are_you
2026-09-15 00:52:47,815 INFO T-engine xyrus.engine: say: Running smoothly, sir. CPU at 3 percent.
2026-09-15 00:52:57,171 INFO T-rec xyrus.recognizer: heard the name (Whisper second opinion, 0.4 s of speech, 0.29 s): 'Xyrus.'
2026-09-15 00:52:57,171 INFO T-rec xyrus.recognizer: heard 'cyrus' [command, wake re-decode] (1.0 s of audio)
2026-09-15 00:52:57,172 INFO T-engine xyrus.engine: heard: cyrus
2026-09-15 00:52:57,172 INFO T-engine xyrus.engine: say: I'm listening, sir.
2026-09-15 00:53:04,517 INFO T-rec xyrus.recognizer: heard (command capture, en, 2.0 s of speech, peak 0.07, ended by silence): 'Can I rewrite something if I tell you to rewrite?'
2026-09-15 00:53:04,517 INFO T-rec xyrus.recognizer: heard 'can i rewrite something if i tell you to rewrite' [command] (3.3 s of audio) free='can i rewrite something if i tell you to rewrite'
2026-09-15 00:53:04,518 INFO T-engine xyrus.engine: heard: can i rewrite something if i tell you to rewrite
2026-09-15 00:53:04,520 INFO T-engine xyrus.engine: info: listening again for Bangla
2026-09-15 00:53:04,629 INFO T-engine xyrus.engine: say: Sorry, I didn't catch that, sir.
2026-09-15 00:57:07,493 INFO T-index xyrus.actions.apps: start menu index: 122 entries
2026-09-15 01:06:07,510 INFO T-index xyrus.actions.apps: start menu index: 122 entries
2026-09-15 01:15:07,523 INFO T-index xyrus.actions.apps: start menu index: 122 entries
2026-09-15 01:24:07,550 INFO T-index xyrus.actions.apps: start menu index: 122 entries
2026-09-15 01:33:07,567 INFO T-index xyrus.actions.apps: start menu index: 122 entries
2026-09-15 01:42:07,588 INFO T-index xyrus.actions.apps: start menu index: 122 entries
2026-09-15 11:22:03,339 INFO T-hotkey xyrus.hotkeys: hotkey push_to_talk (ctrl+alt+space) not registered: error 1409 (in use by another program)
2026-09-15 11:22:03,395 INFO T-mic xyrus.audio: microphone open: device 1 (default, MME)
2026-09-15 11:22:03,395 INFO T-mic xyrus.audio: microphone: listening
2026-09-15 11:22:03,437 INFO T-index xyrus.actions.apps: start menu index: 122 entries
2026-09-15 11:22:03,616 INFO MainThread xyrus.vad: vad: Silero ready (silero_vad_v6.onnx)
2026-09-15 11:22:03,617 INFO MainThread xyrus.app: commands after the wake reply and free text: Whisper when loaded (hearing.py), Vosk until then
2026-09-15 11:22:03,618 INFO MainThread xyrus.app: Xyrus 2.0.0 started (live)
2026-09-15 11:22:03,840 INFO T-rec xyrus.recognizer: speech model loaded in 0.3 s
2026-09-15 11:22:04,163 INFO T-engine xyrus.engine: say: Good morning, sir. Xyrus online. Nothing on the calendar today.
2026-09-15 11:22:06,497 INFO whisper-load faster_whisper: Processing audio with duration 00:01.000
2026-09-15 11:22:07,426 INFO whisper-load faster_whisper: Processing audio with duration 00:01.455
2026-09-15 11:22:07,645 INFO whisper-load xyrus.hearing: whisper ready in 4.0 s: whisper-large-v3 on cuda (float16)
2026-09-15 11:22:10,102 INFO whisper-load faster_whisper: Processing audio with duration 00:01.000
2026-09-15 11:22:10,355 INFO whisper-load faster_whisper: Processing audio with duration 00:01.455
2026-09-15 11:22:10,567 INFO whisper-load xyrus.hearing: whisper ready in 2.9 s: whisper-large-v3-bn on cuda (float16)
2026-09-15 11:22:31,422 INFO T-rec xyrus.recognizer: heard "what's" [wake] (20.3 s of audio)
2026-09-15 11:23:01,138 INFO T-rec xyrus.hearing: whisper drop: '. . .' lp=-1.22 reason=logprob (advisory) no_speech=0.76
2026-09-15 11:23:01,138 INFO T-rec xyrus.recognizer: Whisper wake check: rejected '. . .' lp=-1.22 (nothing)
2026-09-15 11:23:01,139 INFO T-rec xyrus.recognizer: Vosk wake 'cyrus' (faint, name lost) not confirmed by Whisper: '. . .'
2026-09-15 11:23:07,410 INFO T-rec xyrus.capture: capture: 0.6 s speech (vad 0.85 max) peak 0.04 floor 0.0010 ceil 0.0025 on_thr 0.0021 vad=silero
2026-09-15 11:23:07,810 INFO T-rec xyrus.recognizer: Whisper wake check: rejected 'What time is it?' lp=-0.04 (not the name)
2026-09-15 11:23:18,683 INFO T-rec xyrus.recognizer: Vosk wake 'tell' (faint, name lost): the breath goes on - Whisper hears it whole at its end
2026-09-15 11:23:20,411 INFO T-rec xyrus.capture: capture: 1.2 s speech (vad 0.84 max) peak 0.05 floor 0.0010 ceil 0.0026 on_thr 0.0020 vad=silero
2026-09-15 11:23:20,685 INFO T-rec xyrus.recognizer: heard the name (Whisper second opinion, 1.2 s of speech, 0.27 s, lp=-0.13): 'Zyrus, tell me a joke.'
2026-09-15 11:23:20,685 INFO T-rec xyrus.recognizer: heard the name with a command (lp=-0.13): 'tell me a joke'
2026-09-15 11:23:20,688 INFO T-engine xyrus.engine: heard: tell me a joke
2026-09-15 11:23:20,689 INFO T-engine xyrus.engine: cmd: joke
2026-09-15 11:23:20,689 INFO T-engine xyrus.engine: say: I would tell you a UDP joke, but you might not get it.
2026-09-15 11:23:37,959 INFO T-rec xyrus.recognizer: Vosk wake 'cyrus' (faint): the breath goes on - Whisper hears it whole at its end
2026-09-15 11:23:38,412 INFO T-rec xyrus.capture: capture: 0.5 s speech (vad 0.75 max) peak 0.05 floor 0.0009 ceil 0.0015 on_thr 0.0020 vad=silero
2026-09-15 11:23:38,661 INFO T-rec xyrus.recognizer: heard the name (Whisper second opinion, 0.5 s of speech, 0.24 s, lp=-0.53): 'Zyrus.'
2026-09-15 11:23:38,662 INFO T-rec xyrus.recognizer: heard 'cyrus' [command, wake re-decode] (1.2 s of audio)
2026-09-15 11:23:38,662 INFO T-engine xyrus.engine: heard: cyrus
2026-09-15 11:23:38,663 INFO T-engine xyrus.engine: say: At your service, sir.
2026-09-15 11:23:44,160 INFO T-rec xyrus.capture: capture: 0.7 s speech (vad 0.97 max) peak 0.04 floor 0.0011 ceil 0.0042 on_thr 0.0063 vad=silero
2026-09-15 11:23:44,521 INFO T-rec xyrus.recognizer: heard (command capture, en, 0.7 s of speech, peak 0.04, ended by silence) lp=-0.11 fb=0 vad=0.7s alts=2: 'Mute the sound.'
2026-09-15 11:23:44,522 INFO T-rec xyrus.recognizer: heard 'mute the sound' [command] (1.4 s of audio) free='mute the sound'
2026-09-15 11:23:44,522 INFO T-engine xyrus.engine: heard: mute the sound
2026-09-15 11:23:44,523 INFO T-engine xyrus.engine: cmd: mute
2026-09-15 11:24:02,205 INFO T-rec xyrus.recognizer: Vosk wake 'cyrus' (faint) confirmed by Whisper: 'Cyrus.'
2026-09-15 11:24:02,205 INFO T-rec xyrus.recognizer: heard 'cyrus' [command, wake re-decode] (2.3 s of audio)
2026-09-15 11:24:02,206 INFO T-engine xyrus.engine: heard: cyrus
2026-09-15 11:24:02,206 INFO T-engine xyrus.engine: say: Waiting for your command, sir.
2026-09-15 11:31:03,554 INFO T-index xyrus.actions.apps: start menu index: 122 entries
2026-09-15 11:32:03,669 INFO T-rec xyrus.recognizer: recognizer stats: {'wake_checks': 5, 'wake_check_long': 0, 'wake_whisper': 2, 'whisper_retries': 0, 'captures': 1, 'capture_dropped': 0, 'wake_confirms': 2, 'wake_rejected': 1, 'wake_with_command': 1, 'playback_flushes': 0, 'bn_decodes': 0, 'arm_timeouts': 0, 'capture_dropped_by_reason': {}}
2026-09-15 11:40:03,566 INFO T-index xyrus.actions.apps: start menu index: 122 entries
2026-09-15 11:42:03,682 INFO T-rec xyrus.recognizer: recognizer stats: {'wake_checks': 5, 'wake_check_long': 0, 'wake_whisper': 2, 'whisper_retries': 0, 'captures': 1, 'capture_dropped': 0, 'wake_confirms': 2, 'wake_rejected': 1, 'wake_with_command': 1, 'playback_flushes': 0, 'bn_decodes': 0, 'arm_timeouts': 0, 'capture_dropped_by_reason': {}}
2026-09-15 11:49:03,582 INFO T-index xyrus.actions.apps: start menu index: 122 entries
2026-09-15 11:52:03,695 INFO T-rec xyrus.recognizer: recognizer stats: {'wake_checks': 5, 'wake_check_long': 0, 'wake_whisper': 2, 'whisper_retries': 0, 'captures': 1, 'capture_dropped': 0, 'wake_confirms': 2, 'wake_rejected': 1, 'wake_with_command': 1, 'playback_flushes': 0, 'bn_decodes': 0, 'arm_timeouts': 0, 'capture_dropped_by_reason': {}}
2026-09-15 11:55:25,362 INFO T-hotkey xyrus.hotkeys: hotkey push_to_talk (ctrl+alt+space) not registered: error 1409 (in use by another program)
2026-09-15 11:55:25,412 INFO T-mic xyrus.audio: microphone open: device 1 (default, MME)
2026-09-15 11:55:25,412 INFO T-mic xyrus.audio: microphone: listening
2026-09-15 11:55:25,419 INFO T-index xyrus.actions.apps: start menu index: 122 entries
2026-09-15 11:55:25,646 INFO MainThread xyrus.vad: vad: Silero ready (silero_vad_v6.onnx)
2026-09-15 11:55:25,646 INFO MainThread xyrus.app: commands after the wake reply and free text: Whisper when loaded (hearing.py), Vosk until then
2026-09-15 11:55:25,646 INFO MainThread xyrus.app: Xyrus 2.0.0 started (live)
2026-09-15 11:55:25,769 INFO T-rec xyrus.recognizer: speech model loaded in 0.2 s
2026-09-15 11:55:26,083 INFO T-engine xyrus.engine: say: Good morning, Refath. Xyrus online. Nothing on the calendar today.
2026-09-15 11:55:28,488 INFO whisper-load faster_whisper: Processing audio with duration 00:01.000
2026-09-15 11:55:29,260 INFO whisper-load faster_whisper: Processing audio with duration 00:01.455
2026-09-15 11:55:29,480 INFO whisper-load xyrus.hearing: whisper ready in 3.8 s: whisper-large-v3 on cuda (float16)
2026-09-15 11:55:32,087 INFO whisper-load faster_whisper: Processing audio with duration 00:01.000
2026-09-15 11:55:32,340 INFO whisper-load faster_whisper: Processing audio with duration 00:01.455
2026-09-15 11:55:32,551 INFO whisper-load xyrus.hearing: whisper ready in 3.1 s: whisper-large-v3-bn on cuda (float16)
2026-09-15 11:55:45,528 INFO T-rec xyrus.recognizer: Vosk wake "what's cyrus" (long, faint, name lost): the breath goes on - Whisper hears it whole at its end
2026-09-15 11:55:45,926 INFO T-rec xyrus.capture: capture: 0.4 s speech (vad 0.61 max) peak 0.06 floor 0.0012 ceil 0.0014 on_thr 0.0023 vad=silero
2026-09-15 11:55:46,267 INFO T-rec xyrus.recognizer: heard the name (Whisper second opinion, 0.4 s of speech, 0.34 s, lp=-0.16): 'Cyrus.'
2026-09-15 11:55:46,267 INFO T-rec xyrus.recognizer: heard 'cyrus' [command, wake re-decode] (1.2 s of audio)
2026-09-15 11:55:46,268 INFO T-engine xyrus.engine: heard: cyrus
2026-09-15 11:55:46,269 INFO T-engine xyrus.engine: say: At your service, sir.
2026-09-15 11:55:51,925 INFO T-rec xyrus.capture: capture: 0.7 s speech (vad 0.82 max) peak 0.07 floor 0.0012 ceil 0.0015 on_thr 0.0025 vad=silero
2026-09-15 11:55:52,378 INFO T-rec xyrus.recognizer: heard (command capture, en, 0.7 s of speech, peak 0.07, ended by silence) lp=-0.05 fb=0 vad=0.7s alts=1: 'What time is it?'
2026-09-15 11:55:52,378 INFO T-rec xyrus.recognizer: heard 'what time is it' [command] (1.4 s of audio) free='what time is it'
2026-09-15 11:55:52,379 INFO T-engine xyrus.engine: heard: what time is it
2026-09-15 11:55:52,380 INFO T-engine xyrus.engine: cmd: time
2026-09-15 11:55:52,380 INFO T-engine xyrus.engine: say: It's 11:55 AM, sir.
2026-09-15 11:56:03,458 INFO T-rec xyrus.recognizer: Vosk wake 'these tell me edge' (faint, name lost): the breath goes on - Whisper hears it whole at its end
2026-09-15 11:56:04,677 INFO T-rec xyrus.capture: capture: 0.9 s speech (vad 0.65 max) peak 0.07 floor 0.0013 ceil 0.0014 on_thr 0.0025 vad=silero
2026-09-15 11:56:05,016 INFO T-rec xyrus.recognizer: heard the name (Whisper second opinion, 0.9 s of speech, 0.33 s, lp=-0.16): 'Zyrus, tell me a joke.'
2026-09-15 11:56:05,016 INFO T-rec xyrus.recognizer: heard the name with a command (lp=-0.16): 'tell me a joke'
2026-09-15 11:56:05,018 INFO T-engine xyrus.engine: heard: tell me a joke
2026-09-15 11:56:05,019 INFO T-engine xyrus.engine: cmd: joke
2026-09-15 11:56:05,019 INFO T-engine xyrus.engine: say: What do you call a computer that sings? A Dell.
2026-09-15 11:56:22,231 INFO T-rec xyrus.recognizer: Vosk wake 'cyrus' (faint): the breath goes on - Whisper hears it whole at its end
2026-09-15 11:56:22,677 INFO T-rec xyrus.capture: capture: 0.4 s speech (vad 0.64 max) peak 0.06 floor 0.0013 ceil 0.0014 on_thr 0.0025 vad=silero
2026-09-15 11:56:23,097 INFO T-rec xyrus.recognizer: heard the name (Whisper second opinion, 0.4 s of speech, 0.42 s, lp=-0.19): 'Cyrus.'
2026-09-15 11:56:23,097 INFO T-rec xyrus.recognizer: heard 'cyrus' [command, wake re-decode] (1.2 s of audio)
2026-09-15 11:56:23,098 INFO T-engine xyrus.engine: heard: cyrus
2026-09-15 11:56:23,098 INFO T-engine xyrus.engine: say: Waiting for your command, sir.
2026-09-15 11:56:28,676 INFO T-rec xyrus.capture: capture: 0.6 s speech (vad 0.83 max) peak 0.05 floor 0.0012 ceil 0.0014 on_thr 0.0024 vad=silero
2026-09-15 11:56:29,025 INFO T-rec xyrus.recognizer: heard (command capture, en, 0.6 s of speech, peak 0.05, ended by silence) lp=-0.06 fb=0 vad=0.6s alts=0: 'Tell me a joke.'
2026-09-15 11:56:29,025 INFO T-rec xyrus.recognizer: heard 'tell me a joke' [command] (1.3 s of audio) free='tell me a joke'
2026-09-15 11:56:29,026 INFO T-engine xyrus.engine: heard: tell me a joke
2026-09-15 11:56:29,026 INFO T-engine xyrus.engine: cmd: joke
2026-09-15 11:56:29,027 INFO T-engine xyrus.engine: say: What's a computer's favourite snack? Microchips.
2026-09-15 11:56:44,015 INFO T-rec xyrus.recognizer: Vosk wake 'cyrus' (faint): the breath goes on - Whisper hears it whole at its end
2026-09-15 11:56:44,677 INFO T-rec xyrus.capture: capture: 0.4 s speech (vad 0.70 max) peak 0.06 floor 0.0012 ceil 0.0014 on_thr 0.0024 vad=silero
2026-09-15 11:56:45,101 INFO T-rec xyrus.recognizer: heard the name (Whisper second opinion, 0.4 s of speech, 0.42 s, lp=-0.19): 'Cyrus.'
2026-09-15 11:56:45,102 INFO T-rec xyrus.recognizer: heard 'cyrus' [command, wake re-decode] (1.2 s of audio)
2026-09-15 11:56:45,102 INFO T-engine xyrus.engine: heard: cyrus
2026-09-15 11:56:45,102 INFO T-engine xyrus.engine: say: I'm listening, sir.
2026-09-15 11:57:16,427 INFO T-rec xyrus.capture: capture: 0.7 s speech (vad 0.82 max) peak 0.07 floor 0.0015 ceil 0.0017 on_thr 0.0030 vad=silero
2026-09-15 11:57:16,850 INFO T-rec xyrus.recognizer: heard (command capture, en, 0.7 s of speech, peak 0.07, ended by silence) lp=-0.04 fb=0 vad=0.7s alts=0: 'What time is it?'
2026-09-15 11:57:16,850 INFO T-rec xyrus.recognizer: heard 'what time is it' [command] (1.4 s of audio) free='what time is it'
2026-09-15 11:57:16,851 INFO T-engine xyrus.engine: heard: what time is it
2026-09-15 11:57:16,852 INFO T-engine xyrus.engine: cmd: time
2026-09-15 11:57:16,852 INFO T-engine xyrus.engine: say: It's 11:57 AM, sir.
2026-09-15 12:02:49,312 INFO T-rec xyrus.recognizer: Whisper wake check: rejected "I don't know if he's going to meet people, but Bill's nervous and unsure of himself." lp=-0.41 (not the name)
2026-09-15 12:02:49,313 INFO T-rec xyrus.recognizer: Vosk wake 'hear' (sound-alike, faint, name lost, low conf) not confirmed by Whisper: "I don't know if he's going to meet people, but Bill's nervous and unsure of himself."
2026-09-15 12:04:25,437 INFO T-index xyrus.actions.apps: start menu index: 122 entries
2026-09-15 12:05:25,686 INFO T-rec xyrus.recognizer: recognizer stats: {'wake_checks': 5, 'wake_check_long': 0, 'wake_whisper': 4, 'whisper_retries': 0, 'captures': 3, 'capture_dropped': 0, 'wake_confirms': 1, 'wake_rejected': 1, 'wake_with_command': 1, 'playback_flushes': 0, 'bn_decodes': 0, 'arm_timeouts': 0, 'capture_dropped_by_reason': {}}
2026-09-15 12:13:25,445 INFO T-index xyrus.actions.apps: start menu index: 122 entries
2026-09-15 12:15:25,698 INFO T-rec xyrus.recognizer: recognizer stats: {'wake_checks': 5, 'wake_check_long': 0, 'wake_whisper': 4, 'whisper_retries': 0, 'captures': 3, 'capture_dropped': 0, 'wake_confirms': 1, 'wake_rejected': 1, 'wake_with_command': 1, 'playback_flushes': 0, 'bn_decodes': 0, 'arm_timeouts': 0, 'capture_dropped_by_reason': {}}
2026-09-15 12:22:25,464 INFO T-index xyrus.actions.apps: start menu index: 122 entries
2026-09-15 12:25:25,712 INFO T-rec xyrus.recognizer: recognizer stats: {'wake_checks': 5, 'wake_check_long': 0, 'wake_whisper': 4, 'whisper_retries': 0, 'captures': 3, 'capture_dropped': 0, 'wake_confirms': 1, 'wake_rejected': 1, 'wake_with_command': 1, 'playback_flushes': 0, 'bn_decodes': 0, 'arm_timeouts': 0, 'capture_dropped_by_reason': {}}
2026-09-15 12:31:25,460 INFO T-index xyrus.actions.apps: start menu index: 122 entries
2026-09-15 12:33:04,722 INFO T-rec xyrus.recognizer: clap pattern heard - switching the display
2026-09-15 12:33:08,938 INFO T-clap xyrus.app: clap: display off
2026-09-15 12:33:08,939 INFO T-engine xyrus.engine: info: clap: display off
2026-09-15 12:35:25,724 INFO T-rec xyrus.recognizer: recognizer stats: {'wake_checks': 5, 'wake_check_long': 0, 'wake_whisper': 4, 'whisper_retries': 0, 'captures': 3, 'capture_dropped': 0, 'wake_confirms': 1, 'wake_rejected': 1, 'wake_with_command': 1, 'playback_flushes': 0, 'bn_decodes': 0, 'arm_timeouts': 0, 'capture_dropped_by_reason': {}}
2026-09-15 12:36:51,711 INFO T-rec xyrus.recognizer: Vosk wake 'cyrus' (faint, name lost) confirmed by Whisper: 'Zyrus? Zyrus?'
2026-09-15 12:36:51,711 INFO T-rec xyrus.recognizer: heard 'cyrus' [command, wake re-decode] (5.3 s of audio)
2026-09-15 12:36:51,712 INFO T-engine xyrus.engine: heard: cyrus
2026-09-15 12:36:51,712 INFO T-engine xyrus.engine: say: At your service, sir.
2026-09-15 12:37:11,729 INFO T-rec xyrus.capture: capture: 1.8 s speech (vad 0.99 max) peak 1.00 floor 0.0032 ceil 0.0154 on_thr 0.0230 vad=silero
2026-09-15 12:37:12,678 INFO T-rec xyrus.recognizer: heard (command capture, song, 1.8 s of speech, peak 1.00, ended by silence) lp=-0.48 fb=0 vad=1.8s alts=4 bn='Play ইর্শনে যো by আইকন্স': 'Play Irshaneo by Icons.'
2026-09-15 12:37:12,678 INFO T-rec xyrus.recognizer: heard 'play irshaneo by icons' [command] (3.2 s of audio) free='play irshaneo by icons'
2026-09-15 12:37:12,680 INFO T-engine xyrus.engine: heard: play irshaneo by icons
2026-09-15 12:37:12,681 INFO T-engine xyrus.engine: cmd: play_song song='irshaneo by icons'
2026-09-15 12:37:13,403 INFO exec-1 xyrus.actions.web: song: q='irshaneo by icons' score=0.50
2026-09-15 12:37:13,547 INFO T-engine xyrus.engine: say: Playing Ishshoronio, sir.
2026-09-15 12:37:13,547 INFO T-engine xyrus.engine: info: https://www.youtube.com/watch?v=ago7Lz3rk3g (https://www.youtube.com/watch?v=ago7Lz3rk3g)
2026-09-15 12:37:16,946 INFO T-engine xyrus.engine: info: playback: autoplay
2026-09-15 12:37:20,979 INFO T-rec xyrus.capture: capture: 0.4 s speech (vad 0.69 max) peak 0.12 floor 0.0045 ceil 0.0279 on_thr 0.0418 vad=silero
2026-09-15 12:37:21,244 INFO T-rec xyrus.recognizer: Whisper wake check: rejected 'Please, Dan.' lp=-0.88 (not the name)
2026-09-15 12:37:34,783 INFO T-rec xyrus.recognizer: heard 'cyrus' [command, wake re-decode] (2.5 s of audio)
2026-09-15 12:37:34,783 INFO T-engine xyrus.engine: heard: cyrus
2026-09-15 12:37:34,783 INFO T-engine xyrus.engine: say: I'm listening, sir.
2026-09-15 12:37:40,979 INFO T-rec xyrus.capture: capture: 1.2 s speech (vad 0.85 max) peak 0.09 floor 0.0039 ceil 0.0065 on_thr 0.0116 vad=silero
2026-09-15 12:37:42,176 INFO T-rec xyrus.recognizer: heard (command capture, song, 1.2 s of speech, peak 0.09, ended by silence) lp=-0.58 fb=0 vad=1.2s alts=4 bn='Play আমার পোত্রলা বাই আর্সেল': 'Play Amar Potchola by Arcel.'
2026-09-15 12:37:42,176 INFO T-rec xyrus.recognizer: heard 'play amar potchola by arcel' [command] (2.5 s of audio) free='play amar potchola by arcel'
2026-09-15 12:37:42,179 INFO T-engine xyrus.engine: heard: play amar potchola by arcel
2026-09-15 12:37:42,180 INFO T-engine xyrus.engine: cmd: play_song song='amar potchola by arcel'
2026-09-15 12:37:42,877 INFO exec-1 xyrus.actions.web: song: q='amar potchola by arcel' score=0.67
2026-09-15 12:37:42,896 INFO T-engine xyrus.engine: say: Playing Pothchola, sir.
2026-09-15 12:37:42,896 INFO T-engine xyrus.engine: info: https://www.youtube.com/watch?v=p9OYatwWQr8 (https://www.youtube.com/watch?v=p9OYatwWQr8)
2026-09-15 12:37:45,639 INFO T-engine xyrus.engine: info: playback: autoplay
2026-09-15 12:37:47,981 INFO T-rec xyrus.capture: capture: 0.6 s speech (vad 0.82 max) peak 0.25 floor 0.0038 ceil 0.0056 on_thr 0.0090 vad=silero
2026-09-15 12:37:48,266 INFO T-rec xyrus.recognizer: Whisper wake check: rejected 'Ha ha ha!' lp=-0.52 (not the name)
2026-09-15 12:37:53,230 INFO T-rec xyrus.capture: capture: 0.5 s speech (vad 0.93 max) peak 0.08 floor 0.0039 ceil 0.0088 on_thr 0.0113 vad=silero
2026-09-15 12:37:53,473 INFO T-rec xyrus.recognizer: Whisper wake check: rejected 'Pause.' lp=-0.16 (not the name)
2026-09-15 12:37:55,778 INFO T-rec xyrus.recognizer: Vosk wake 'highest' (sound-alike, name lost): the breath goes on - Whisper hears it whole at its end
2026-09-15 12:37:56,230 INFO T-rec xyrus.capture: capture: 0.4 s speech (vad 0.91 max) peak 0.16 floor 0.0041 ceil 0.0070 on_thr 0.0132 vad=silero
2026-09-15 12:37:56,497 INFO T-rec xyrus.recognizer: heard the name (Whisper second opinion, 0.4 s of speech, 0.26 s, lp=-0.59): 'Zyrus.'
2026-09-15 12:37:56,497 INFO T-rec xyrus.recognizer: heard 'cyrus' [command, wake re-decode] (1.1 s of audio)
2026-09-15 12:37:56,498 INFO T-engine xyrus.engine: heard: cyrus
2026-09-15 12:37:56,498 INFO T-engine xyrus.engine: say: Yes, sir?
2026-09-15 12:38:06,729 INFO T-rec xyrus.capture: capture: 0.4 s speech (vad 0.84 max) peak 0.15 floor 0.0043 ceil 0.0064 on_thr 0.0095 vad=silero
2026-09-15 12:38:07,151 INFO T-rec xyrus.recognizer: heard (command capture, en, 0.4 s of speech, peak 0.15, ended by silence) lp=-0.48 fb=0 vad=0.4s alts=2: 'Dyrus.'
2026-09-15 12:38:07,151 INFO T-rec xyrus.recognizer: heard 'dyrus' [command] (1.1 s of audio) free='dyrus'
2026-09-15 12:38:07,152 INFO T-engine xyrus.engine: heard: dyrus
2026-09-15 12:38:07,212 INFO T-engine xyrus.engine: info: listening again for Bangla
2026-09-15 12:38:07,248 INFO T-engine xyrus.engine: say: Say that again, sir?
2026-09-15 12:38:19,230 INFO T-rec xyrus.capture: capture: 0.5 s speech (vad 0.94 max) peak 0.31 floor 0.0043 ceil 0.0105 on_thr 0.0140 vad=silero
2026-09-15 12:38:19,682 INFO T-rec xyrus.recognizer: heard (command capture, en, 0.5 s of speech, peak 0.31, ended by silence) lp=-0.31 fb=0 vad=0.5s alts=1: 'Zyrus!'
2026-09-15 12:38:19,683 INFO T-rec xyrus.recognizer: heard 'zyrus' [command] (1.2 s of audio) free='zyrus'
2026-09-15 12:38:19,684 INFO T-engine xyrus.engine: heard: zyrus
2026-09-15 12:38:19,684 INFO T-engine xyrus.engine: say: I'm listening, sir.
2026-09-15 12:38:23,980 INFO T-rec xyrus.capture: capture: 0.5 s speech (vad 0.98 max) peak 1.00 floor 0.0044 ceil 0.2868 on_thr 0.4302 vad=silero
2026-09-15 12:38:24,379 INFO T-rec xyrus.recognizer: Bengali decode rejected: 'The Song' lp=-0.87
2026-09-15 12:38:24,741 INFO T-rec xyrus.recognizer: heard (command capture, song, 0.5 s of speech, peak 1.00, ended by silence) lp=-0.58 fb=0 vad=0.5s alts=3 bn='দ্য সং!': 'Play a song.'
2026-09-15 12:38:24,746 INFO T-rec xyrus.recognizer: heard 'play a song' [command] (3.5 s of audio) free='play a song'
2026-09-15 12:38:24,749 INFO T-engine xyrus.engine: heard: play a song
2026-09-15 12:38:24,749 INFO T-engine xyrus.engine: cmd: play_ask
2026-09-15 12:38:24,750 INFO T-engine xyrus.engine: ask: What should I play, sir?
2026-09-15 12:38:31,230 INFO T-rec xyrus.capture: capture: 0.9 s speech (vad 0.97 max) peak 0.12 floor 0.0035 ceil 0.0051 on_thr 0.0074 vad=silero
2026-09-15 12:38:31,568 INFO T-rec xyrus.recognizer: heard (command capture, song, 0.9 s of speech, peak 0.12, ended by silence) lp=-0.08 fb=0 vad=0.9s alts=0: 'Pause the song.'
2026-09-15 12:38:31,568 INFO T-rec xyrus.recognizer: heard 'pause the song' [free] (1.6 s of audio) free='pause the song'
2026-09-15 12:38:31,569 INFO T-engine xyrus.engine: heard: pause the song
2026-09-15 12:38:32,461 INFO exec-1 xyrus.actions.web: song: q='pause the song' score=1.00
2026-09-15 12:38:33,293 INFO T-engine xyrus.engine: say: Playing The Pause, sir.
2026-09-15 12:38:33,293 INFO T-engine xyrus.engine: info: https://www.youtube.com/watch?v=OjVTIhtvLMI (https://www.youtube.com/watch?v=OjVTIhtvLMI)
2026-09-15 12:38:40,215 INFO T-engine xyrus.engine: info: playback: autoplay
2026-09-15 12:38:44,297 INFO T-rec xyrus.recognizer: Vosk wake 'zeros' (sound-alike): the breath goes on - Whisper hears it whole at its end
2026-09-15 12:38:45,481 INFO T-rec xyrus.capture: capture: 0.5 s speech (vad 0.86 max) peak 0.09 floor 0.0034 ceil 0.0049 on_thr 0.0076 vad=silero
2026-09-15 12:38:45,822 INFO T-rec xyrus.recognizer: heard the name (Whisper second opinion, 0.5 s of speech, 0.33 s, lp=-0.44): 'Zyrus.'
2026-09-15 12:38:45,823 INFO T-rec xyrus.recognizer: heard 'cyrus' [command, wake re-decode] (1.2 s of audio)
2026-09-15 12:38:45,823 INFO T-engine xyrus.engine: heard: cyrus
2026-09-15 12:38:45,824 INFO T-engine xyrus.engine: say: Waiting for your command, sir.
2026-09-15 12:38:50,731 INFO T-rec xyrus.capture: capture: 0.6 s speech (vad 0.98 max) peak 0.09 floor 0.0049 ceil 0.0262 on_thr 0.0393 vad=silero
2026-09-15 12:38:51,075 INFO T-rec xyrus.recognizer: heard (command capture, en, 0.6 s of speech, peak 0.09, ended by silence) lp=-0.79 fb=0 vad=0.6s alts=1: 'Hot chola.'
2026-09-15 12:38:51,075 INFO T-rec xyrus.recognizer: heard 'hot chola' [command] (0.9 s of audio) free='hot chola'
2026-09-15 12:38:51,076 INFO T-engine xyrus.engine: heard: hot chola
2026-09-15 12:38:51,087 INFO T-engine xyrus.engine: info: listening again for Bangla
2026-09-15 12:38:51,198 INFO T-engine xyrus.engine: say: Say that again, sir?
2026-09-15 12:38:56,230 INFO T-rec xyrus.capture: capture: 0.7 s speech (vad 0.94 max) peak 0.28 floor 0.0048 ceil 0.0501 on_thr 0.0752 vad=silero
2026-09-15 12:38:56,473 INFO T-rec xyrus.hearing: whisper drop: 'Spotsola.' lp=-0.96 reason=logprob (advisory) no_speech=0.24
2026-09-15 12:38:56,548 INFO T-rec xyrus.recognizer: heard (command capture, en, 0.7 s of speech, peak 0.28, ended by silence) lp=-0.96 fb=0 vad=0.7s alts=2: 'Spotsola.'
2026-09-15 12:38:56,549 INFO T-rec xyrus.recognizer: heard 'spotsola' [command] (4.3 s of audio) free='spotsola'
2026-09-15 12:38:56,549 INFO T-engine xyrus.engine: heard: spotsola
2026-09-15 12:38:56,560 INFO T-engine xyrus.engine: info: listening again for Bangla
2026-09-15 12:38:56,678 INFO T-engine xyrus.engine: say: Sorry, I didn't catch that, sir.
2026-09-15 12:39:01,486 INFO T-rec xyrus.recognizer: heard 'song' [wake] (1.0 s of audio)
2026-09-15 12:39:01,981 INFO T-rec xyrus.capture: capture: 0.4 s speech (vad 0.99 max) peak 0.20 floor 0.0052 ceil 0.0519 on_thr 0.0779 vad=silero
2026-09-15 12:39:02,218 INFO T-rec xyrus.recognizer: Whisper wake check: rejected 'Song.' lp=-0.75 (not the name)
2026-09-15 12:39:06,517 INFO T-rec xyrus.recognizer: Vosk wake 'zeros' (sound-alike, faint, low conf): the breath goes on - Whisper hears it whole at its end
2026-09-15 12:39:06,732 INFO T-rec xyrus.capture: capture: 0.3 s speech (vad 0.63 max) peak 0.06 floor 0.0039 ceil 0.0062 on_thr 0.0090 vad=silero
2026-09-15 12:39:06,993 INFO T-rec xyrus.recognizer: Whisper wake check: rejected 'Seroths.' lp=-0.80 (not the name)
2026-09-15 12:39:09,536 INFO T-rec xyrus.recognizer: heard 'cyrus' [command, wake re-decode] (2.5 s of audio)
2026-09-15 12:39:09,536 INFO T-engine xyrus.engine: heard: cyrus
2026-09-15 12:39:09,536 INFO T-engine xyrus.engine: say: Yes, sir?
2026-09-15 12:39:13,982 INFO T-rec xyrus.capture: capture: 0.8 s speech (vad 0.99 max) peak 0.67 floor 0.0040 ceil 0.1424 on_thr 0.0494 vad=silero
2026-09-15 12:39:14,328 INFO T-rec xyrus.recognizer: heard (command capture, en, 0.8 s of speech, peak 0.67, ended by silence) lp=-0.35 fb=0 vad=0.8s alts=1: 'Pause the song.'
2026-09-15 12:39:14,328 INFO T-rec xyrus.recognizer: heard 'pause the song' [command] (1.1 s of audio) free='pause the song'
2026-09-15 12:39:14,329 INFO T-engine xyrus.engine: heard: pause the song
2026-09-15 12:39:14,329 INFO T-engine xyrus.engine: cmd: play_pause
2026-09-15 12:39:22,482 INFO T-rec xyrus.capture: capture: 0.6 s speech (vad 0.99 max) peak 0.98 floor 0.0037 ceil 0.0051 on_thr 0.0077 vad=silero
2026-09-15 12:39:22,803 INFO T-rec xyrus.recognizer: Whisper wake check: rejected 'Play the song.' lp=-0.07 (not the name)
2026-09-15 12:39:26,268 INFO T-rec xyrus.recognizer: heard 'cyrus' [command, wake re-decode] (1.7 s of audio)
2026-09-15 12:39:26,268 INFO T-engine xyrus.engine: heard: cyrus
2026-09-15 12:39:26,268 INFO T-engine xyrus.engine: say: At your service, sir.
2026-09-15 12:39:30,731 INFO T-rec xyrus.capture: capture: 0.5 s speech (vad 0.99 max) peak 0.20 floor 0.0049 ceil 0.0517 on_thr 0.0749 vad=silero
2026-09-15 12:39:31,172 INFO T-rec xyrus.hearing: whisper drop: "Here's a song." lp=-1.02 reason=logprob (advisory) no_speech=0.39
2026-09-15 12:39:31,253 INFO T-rec xyrus.recognizer: heard (command capture, en, 0.5 s of speech, peak 0.20, ended by silence) lp=-1.02 fb=1 vad=0.5s alts=3: "Here's a song."
2026-09-15 12:39:31,253 INFO T-rec xyrus.recognizer: heard "here's a song" [command] (0.8 s of audio) free="here's a song"
2026-09-15 12:39:31,255 INFO T-engine xyrus.engine: heard: here's a song
2026-09-15 12:39:31,269 INFO T-engine xyrus.engine: info: listening again for Bangla
2026-09-15 12:39:31,378 INFO T-engine xyrus.engine: say: Say that again, sir?
2026-09-15 12:39:36,731 INFO T-rec xyrus.capture: capture: 1.2 s speech (vad 0.99 max) peak 0.58 floor 0.0037 ceil 0.0500 on_thr 0.0717 vad=silero
2026-09-15 12:39:37,090 INFO T-rec xyrus.recognizer: heard (command capture, song, 1.2 s of speech, peak 0.58, ended by silence) lp=-0.21 fb=0 vad=1.2s alts=1: 'Play the song.'
2026-09-15 12:39:37,090 INFO T-rec xyrus.recognizer: heard 'play the song' [command] (4.8 s of audio) free='play the song'
2026-09-15 12:39:37,091 INFO T-engine xyrus.engine: heard: play the song
2026-09-15 12:39:37,091 INFO T-engine xyrus.engine: cmd: play_song song='the song'
2026-09-15 12:39:38,827 INFO exec-1 xyrus.actions.web: song: q='the song' score=0.00
2026-09-15 12:39:38,827 INFO T-engine xyrus.commands.web: song pick unsure: q='the song' used='the song' score=0.00
2026-09-15 12:39:38,847 INFO T-engine xyrus.engine: say: Playing Class 1 - say "not that one" if it is wrong, sir.
2026-09-15 12:39:38,847 INFO T-engine xyrus.engine: info: https://www.youtube.com/watch?v=_kz66Gjwxq0 (https://www.youtube.com/watch?v=_kz66Gjwxq0)
2026-09-15 12:39:47,547 INFO T-rec xyrus.recognizer: heard 'cyrus' [command, wake re-decode] (3.8 s of audio)
2026-09-15 12:39:47,548 INFO T-engine xyrus.engine: heard: cyrus
2026-09-15 12:39:47,548 INFO T-engine xyrus.engine: say: Yes, sir?
2026-09-15 12:39:50,194 INFO T-engine xyrus.engine: info: playback: started
2026-09-15 12:39:51,732 INFO T-rec xyrus.capture: capture: 0.6 s speech (vad 0.95 max) peak 0.07 floor 0.0035 ceil 0.0110 on_thr 0.0165 vad=silero
2026-09-15 12:39:52,060 INFO T-rec xyrus.recognizer: heard (command capture, en, 0.6 s of speech, peak 0.07, ended by silence) lp=-0.87 fb=0 vad=0.6s alts=4: 'Otzolak.'
2026-09-15 12:39:52,061 INFO T-rec xyrus.recognizer: heard 'otzolak' [command] (0.9 s of audio) free='otzolak'
2026-09-15 12:39:52,061 INFO T-engine xyrus.engine: heard: otzolak
2026-09-15 12:39:52,072 INFO T-engine xyrus.engine: info: listening again for Bangla
2026-09-15 12:39:52,184 INFO T-engine xyrus.engine: say: Say that again, sir?
2026-09-15 12:40:01,232 INFO T-rec xyrus.capture: capture: 0.5 s speech (vad 0.93 max) peak 0.11 floor 0.0023 ceil 0.0033 on_thr 0.0049 vad=silero
2026-09-15 12:40:01,647 INFO T-rec xyrus.recognizer: heard (command capture, en, 0.5 s of speech, peak 0.11, ended by silence) lp=-0.26 fb=0 vad=0.5s alts=0: 'Cyrus.'
2026-09-15 12:40:01,647 INFO T-rec xyrus.recognizer: heard 'cyrus' [command] (1.2 s of audio) free='cyrus'
2026-09-15 12:40:01,648 INFO T-engine xyrus.engine: heard: cyrus
2026-09-15 12:40:01,648 INFO T-engine xyrus.engine: say: I'm listening, sir.
2026-09-15 12:40:06,732 INFO T-rec xyrus.capture: capture: 1.2 s speech (vad 0.99 max) peak 0.18 floor 0.0032 ceil 0.0141 on_thr 0.0104 vad=silero
2026-09-15 12:40:07,078 INFO T-rec xyrus.recognizer: heard (command capture, en, 1.2 s of speech, peak 0.18, ended by silence) lp=-0.10 fb=0 vad=1.2s alts=0: 'Pause the song.'
2026-09-15 12:40:07,078 INFO T-rec xyrus.recognizer: heard 'pause the song' [command] (4.3 s of audio) free='pause the song'
2026-09-15 12:40:07,079 INFO T-engine xyrus.engine: heard: pause the song
2026-09-15 12:40:07,080 INFO T-engine xyrus.engine: cmd: play_pause
2026-09-15 12:40:10,037 INFO T-rec xyrus.recognizer: heard 'cyrus' [command, wake re-decode] (2.8 s of audio)
2026-09-15 12:40:10,037 INFO T-engine xyrus.engine: heard: cyrus
2026-09-15 12:40:10,037 INFO T-engine xyrus.engine: say: At your service, sir.
2026-09-15 12:40:14,732 INFO T-rec xyrus.capture: capture: 0.8 s speech (vad 0.99 max) peak 0.32 floor 0.0038 ceil 0.0071 on_thr 0.0105 vad=silero
2026-09-15 12:40:15,138 INFO T-rec xyrus.recognizer: heard (command capture, song, 0.8 s of speech, peak 0.32, ended by silence) lp=-0.13 fb=0 vad=0.8s alts=0: 'Play the song.'
2026-09-15 12:40:15,138 INFO T-rec xyrus.recognizer: heard 'play the song' [command] (1.1 s of audio) free='play the song'
2026-09-15 12:40:15,139 INFO T-engine xyrus.engine: heard: play the song
2026-09-15 12:40:15,139 INFO T-engine xyrus.engine: cmd: play_song song='the song'
2026-09-15 12:40:15,786 INFO exec-1 xyrus.actions.web: song: q='the song' score=0.00
2026-09-15 12:40:15,786 INFO T-engine xyrus.commands.web: song pick unsure: q='the song' used='the song' score=0.00
2026-09-15 12:40:16,615 INFO T-engine xyrus.engine: say: Playing Class 1 - say "not that one" if it is wrong, sir.
2026-09-15 12:40:16,615 INFO T-engine xyrus.engine: info: https://www.youtube.com/watch?v=_kz66Gjwxq0 (https://www.youtube.com/watch?v=_kz66Gjwxq0)
2026-09-15 12:40:19,352 INFO T-engine xyrus.engine: info: playback: autoplay
2026-09-15 12:40:25,484 INFO T-index xyrus.actions.apps: start menu index: 122 entries
2026-09-15 12:40:31,771 INFO T-rec xyrus.recognizer: heard 'cyrus' [command, wake re-decode] (1.8 s of audio)
2026-09-15 12:40:31,771 INFO T-engine xyrus.engine: heard: cyrus
2026-09-15 12:40:31,772 INFO T-engine xyrus.engine: say: Waiting for your command, sir.
2026-09-15 12:40:39,733 INFO T-rec xyrus.capture: capture: 0.9 s speech (vad 0.98 max) peak 0.07 floor 0.0029 ceil 0.0038 on_thr 0.0058 vad=silero
2026-09-15 12:40:40,153 INFO T-rec xyrus.recognizer: heard (command capture, en, 0.9 s of speech, peak 0.07, ended by silence) lp=-0.43 fb=0 vad=0.9s alts=2: "Paul's song."
2026-09-15 12:40:40,153 INFO T-rec xyrus.recognizer: heard "paul's song" [command] (1.8 s of audio) free="paul's song"
2026-09-15 12:40:40,154 INFO T-engine xyrus.engine: heard: paul's song
2026-09-15 12:40:40,167 INFO T-engine xyrus.engine: info: listening again for Bangla
2026-09-15 12:40:40,252 INFO T-engine xyrus.engine: say: Sorry, I didn't catch that, sir.
2026-09-15 12:40:45,514 INFO T-rec xyrus.recognizer: Vosk wake 'cyrus' (name lost): the breath goes on - Whisper hears it whole at its end
2026-09-15 12:40:45,734 INFO T-rec xyrus.capture: capture: 0.4 s speech (vad 0.73 max) peak 0.32 floor 0.0050 ceil 0.0085 on_thr 0.0110 vad=silero
2026-09-15 12:40:45,975 INFO T-rec xyrus.recognizer: heard the name (Whisper second opinion, 0.4 s of speech, 0.23 s, lp=-0.38): 'Cyrus.'
2026-09-15 12:40:45,975 INFO T-rec xyrus.recognizer: heard 'cyrus' [command, wake re-decode] (1.2 s of audio)
2026-09-15 12:40:45,975 INFO T-engine xyrus.engine: heard: cyrus
2026-09-15 12:40:45,975 INFO T-engine xyrus.engine: say: I'm listening, sir.
2026-09-15 12:40:50,233 INFO T-rec xyrus.capture: capture: 0.4 s speech (vad 0.99 max) peak 0.56 floor 0.0045 ceil 0.0520 on_thr 0.0663 vad=silero
2026-09-15 12:40:50,502 INFO T-rec xyrus.recognizer: heard (command capture, en, 0.4 s of speech, peak 0.56, ended by silence) lp=-0.63 fb=0 vad=0.4s alts=0: 'Song.'
2026-09-15 12:40:50,502 INFO T-rec xyrus.recognizer: heard 'song' [command] (0.7 s of audio) free='song'
2026-09-15 12:40:50,503 INFO T-engine xyrus.engine: heard: song
2026-09-15 12:40:50,510 INFO T-engine xyrus.engine: info: listening again for Bangla
2026-09-15 12:40:50,638 INFO T-engine xyrus.engine: say: Say that again, sir?
2026-09-15 12:40:54,983 INFO T-rec xyrus.capture: capture: 0.3 s speech (vad 0.89 max) peak 0.24 floor 0.0031 ceil 0.0353 on_thr 0.0445 vad=silero
2026-09-15 12:40:55,286 INFO T-rec xyrus.recognizer: heard (command capture, en, 0.3 s of speech, peak 0.24, ended by silence) lp=-0.80 fb=0 vad=0.3s alts=2: 'Pong.'
2026-09-15 12:40:55,286 INFO T-rec xyrus.recognizer: heard 'pong' [command] (3.6 s of audio) free='pong'
2026-09-15 12:40:55,287 INFO T-engine xyrus.engine: heard: pong
2026-09-15 12:40:55,295 INFO T-engine xyrus.engine: info: listening again for Bangla
2026-09-15 12:40:55,414 INFO T-engine xyrus.engine: say: Sorry, I didn't catch that, sir.
2026-09-15 12:41:08,735 INFO T-rec xyrus.capture: capture: 0.8 s speech (vad 0.98 max) peak 0.15 floor 0.0023 ceil 0.0071 on_thr 0.0090 vad=silero
2026-09-15 12:41:09,174 INFO T-rec xyrus.recognizer: Whisper wake check: rejected 'Play song.' lp=-0.47 (not the name)
2026-09-15 12:41:11,534 INFO T-rec xyrus.recognizer: heard 'cyrus' [command, wake re-decode] (2.5 s of audio)
2026-09-15 12:41:11,534 INFO T-engine xyrus.engine: heard: cyrus
2026-09-15 12:41:11,534 INFO T-engine xyrus.engine: say: Yes, sir?
2026-09-15 12:41:16,984 INFO T-rec xyrus.capture: capture: 0.4 s speech (vad 0.77 max) peak 0.06 floor 0.0021 ceil 0.0136 on_thr 0.0204 vad=silero
2026-09-15 12:41:17,438 INFO T-rec xyrus.recognizer: heard (command capture, en, 0.4 s of speech, peak 0.06, ended by silence) lp=-0.24 fb=0 vad=0.4s alts=0: 'Song.'
2026-09-15 12:41:17,438 INFO T-rec xyrus.recognizer: heard 'song' [command] (1.0 s of audio) free='song'
2026-09-15 12:41:17,439 INFO T-engine xyrus.engine: heard: song
2026-09-15 12:41:17,446 INFO T-engine xyrus.engine: info: listening again for Bangla
2026-09-15 12:41:17,501 INFO T-engine xyrus.engine: say: Sorry, I didn't catch that, sir.
2026-09-15 12:41:24,985 INFO T-rec xyrus.capture: capture: 0.8 s speech (vad 0.97 max) peak 0.06 floor 0.0031 ceil 0.0038 on_thr 0.0061 vad=silero
2026-09-15 12:41:25,408 INFO T-rec xyrus.recognizer: Whisper wake check: rejected 'Play a song.' lp=-0.65 (not the name)
2026-09-15 12:41:29,485 INFO T-rec xyrus.capture: capture: 0.4 s speech (vad 0.79 max) peak 0.06 floor 0.0034 ceil 0.0047 on_thr 0.0067 vad=silero
2026-09-15 12:41:29,709 INFO T-rec xyrus.recognizer: heard the name (Whisper second opinion, 0.4 s of speech, 0.22 s, lp=-0.45): 'Cyrus.'
2026-09-15 12:41:29,709 INFO T-rec xyrus.recognizer: heard 'cyrus' [command, wake re-decode] (1.1 s of audio)
2026-09-15 12:41:29,709 INFO T-engine xyrus.engine: heard: cyrus
2026-09-15 12:41:29,709 INFO T-engine xyrus.engine: say: At your service, sir.
2026-09-15 12:41:34,484 INFO T-rec xyrus.capture: capture: 0.7 s speech (vad 0.99 max) peak 0.20 floor 0.0040 ceil 0.0088 on_thr 0.0104 vad=silero
2026-09-15 12:41:34,846 INFO T-rec xyrus.recognizer: Bengali decode rejected: 'the song.' lp=-1.21
2026-09-15 12:41:35,167 INFO T-rec xyrus.recognizer: heard (command capture, song, 0.7 s of speech, peak 0.20, ended by silence) lp=-0.35 fb=0 vad=0.7s alts=2 bn='দে সং।': 'Play the song.'
2026-09-15 12:41:35,168 INFO T-rec xyrus.recognizer: heard 'play the song' [command] (1.0 s of audio) free='play the song'
2026-09-15 12:41:35,169 INFO T-engine xyrus.engine: heard: play the song
2026-09-15 12:41:35,170 INFO T-engine xyrus.engine: cmd: play_song song='the song'
2026-09-15 12:41:36,745 INFO exec-1 xyrus.actions.web: song: q='দে সং।' score=1.00
2026-09-15 12:41:36,765 INFO T-engine xyrus.engine: say: Playing Chhalaang:Deedar De Rajkummar, Nushrratt|Vishal & Shekhar, Panchhi Jalonvi, Asees K,, sir.
2026-09-15 12:41:36,765 INFO T-engine xyrus.engine: info: https://www.youtube.com/watch?v=8fYPCU7FSGk (https://www.youtube.com/watch?v=8fYPCU7FSGk)
2026-09-15 12:41:39,207 INFO T-engine xyrus.engine: info: playback: autoplay
2026-09-15 12:41:46,265 INFO T-rec xyrus.recognizer: heard 'cyrus' [command, wake re-decode] (1.5 s of audio)
2026-09-15 12:41:46,266 INFO T-engine xyrus.engine: heard: cyrus
2026-09-15 12:41:46,266 INFO T-engine xyrus.engine: say: Yes, sir?
2026-09-15 12:41:50,984 INFO T-rec xyrus.capture: capture: 1.2 s speech (vad 0.99 max) peak 0.10 floor 0.0043 ceil 0.0261 on_thr 0.0391 vad=silero
2026-09-15 12:41:51,484 INFO T-rec xyrus.recognizer: heard (command capture, en, 1.2 s of speech, peak 0.10, ended by silence) lp=-0.72 fb=0 vad=1.2s alts=1: 'that you paused.'
2026-09-15 12:41:51,484 INFO T-rec xyrus.recognizer: heard 'that you paused' [command] (1.5 s of audio) free='that you paused'
2026-09-15 12:41:51,486 INFO T-engine xyrus.engine: heard: that you paused
2026-09-15 12:41:51,499 INFO T-engine xyrus.engine: info: listening again for Bangla
2026-09-15 12:41:51,620 INFO T-engine xyrus.engine: say: Say that again, sir?
2026-09-15 12:41:56,985 INFO T-rec xyrus.capture: capture: 0.6 s speech (vad 0.94 max) peak 0.07 floor 0.0021 ceil 0.0031 on_thr 0.0045 vad=silero
2026-09-15 12:41:57,269 INFO T-rec xyrus.recognizer: heard (command capture, en, 0.6 s of speech, peak 0.07, ended by silence) lp=-0.36 fb=0 vad=0.6s alts=0: 'Cyrus.'
2026-09-15 12:41:57,269 INFO T-rec xyrus.recognizer: heard 'cyrus' [command] (2.0 s of audio) free='cyrus'
2026-09-15 12:41:57,270 INFO T-engine xyrus.engine: heard: cyrus
2026-09-15 12:41:57,270 INFO T-engine xyrus.engine: say: I'm listening, sir.
2026-09-15 12:42:04,485 INFO T-rec xyrus.capture: capture: 2.0 s speech (vad 0.95 max) peak 0.11 floor 0.0034 ceil 0.0196 on_thr 0.0294 vad=silero
2026-09-15 12:42:05,031 INFO T-rec xyrus.recognizer: Bengali decode rejected: 'the song that you paused.' lp=-0.57
2026-09-15 12:42:05,617 INFO T-rec xyrus.recognizer: heard (command capture, song, 2.0 s of speech, peak 0.11, ended by silence) lp=-0.48 fb=0 vad=2.0s alts=2 bn='দেই সঙ দেট ইউ ফস্ট।': 'Play the song that you paused.'
2026-09-15 12:42:05,618 INFO T-rec xyrus.recognizer: heard 'play the song that you paused' [command] (6.2 s of audio) free='play the song that you paused'
2026-09-15 12:42:05,621 INFO T-engine xyrus.engine: heard: play the song that you paused
2026-09-15 12:42:05,621 INFO T-engine xyrus.engine: cmd: play_song song='that you paused'
2026-09-15 12:42:07,356 INFO exec-1 xyrus.actions.web: song: q='the song that you paused' score=0.67
2026-09-15 12:42:07,375 INFO T-engine xyrus.engine: say: Playing You Were My Favorite Pause, sir.
2026-09-15 12:42:07,375 INFO T-engine xyrus.engine: info: https://www.youtube.com/watch?v=wE6b13Cb-vs (https://www.youtube.com/watch?v=wE6b13Cb-vs)
2026-09-15 12:42:10,416 INFO T-engine xyrus.engine: info: playback: autoplay
2026-09-15 12:44:18,738 INFO T-rec xyrus.capture: capture: 0.6 s speech (vad 0.98 max) peak 0.21 floor 0.0024 ceil 0.0026 on_thr 0.0047 vad=silero
2026-09-15 12:44:18,989 INFO T-rec xyrus.recognizer: Whisper wake check: rejected 'Keesey!' lp=-0.77 (not the name)
2026-09-15 12:44:20,738 INFO T-rec xyrus.capture: capture: 0.2 s speech (vad 0.72 max) peak 0.90 floor 0.0022 ceil 0.0026 on_thr 0.0044 vad=silero
2026-09-15 12:44:20,937 INFO T-rec xyrus.recognizer: Whisper wake check: rejected 'Huh?' lp=-0.23 (not the name)
2026-09-15 12:45:25,737 INFO T-rec xyrus.recognizer: recognizer stats: {'wake_checks': 20, 'wake_check_long': 0, 'wake_whisper': 8, 'whisper_retries': 0, 'captures': 26, 'capture_dropped': 0, 'wake_confirms': 2, 'wake_rejected': 1, 'wake_with_command': 1, 'playback_flushes': 93, 'bn_decodes': 5, 'arm_timeouts': 0, 'capture_dropped_by_reason': {}}
2026-09-15 12:49:25,505 INFO T-index xyrus.actions.apps: start menu index: 122 entries
2026-09-15 12:53:12,250 INFO T-rec xyrus.capture: capture: 0.5 s speech (vad 0.75 max) peak 0.11 floor 0.0043 ceil 0.0063 on_thr 0.0092 vad=silero
2026-09-15 12:53:12,665 INFO T-rec xyrus.recognizer: Whisper wake check: rejected 'Thank you.' lp=-0.89 (not the name)
2026-09-15 12:54:00,226 INFO T-rec xyrus.recognizer: Whisper wake check: rejected 'How bad was it? It was very bad.' lp=-0.39 (not the name)
2026-09-15 12:54:00,227 INFO T-rec xyrus.recognizer: Vosk wake 'virus' (sound-alike, faint, name lost) not confirmed by Whisper: 'How bad was it? It was very bad.'
2026-09-15 12:55:06,515 INFO T-rec xyrus.capture: capture: 0.7 s speech (vad 0.59 max) peak 0.06 floor 0.0028 ceil 0.0105 on_thr 0.0152 vad=silero
2026-09-15 12:55:10,726 INFO T-rec xyrus.recognizer: Whisper wake check: rejected 'Final match.' lp=-0.66 (not the name)
2026-09-15 12:55:12,753 INFO T-rec xyrus.capture: capture: 1.9 s speech (vad 0.50 max) peak 0.06 floor 0.0041 ceil 0.0107 on_thr 0.0157 vad=silero
2026-09-15 12:55:19,552 INFO T-rec xyrus.hearing: whisper drop: 'I came home and my hair was all messed up.' lp=-1.03 reason=logprob (advisory) no_speech=0.30
2026-09-15 12:55:19,552 INFO T-rec xyrus.recognizer: Whisper wake check: rejected 'I came home and my hair was all messed up.' lp=-1.03 (not the name)
2026-09-15 12:55:25,751 INFO T-rec xyrus.recognizer: recognizer stats: {'wake_checks': 24, 'wake_check_long': 0, 'wake_whisper': 8, 'whisper_retries': 0, 'captures': 26, 'capture_dropped': 0, 'wake_confirms': 3, 'wake_rejected': 2, 'wake_with_command': 1, 'playback_flushes': 240, 'bn_decodes': 5, 'arm_timeouts': 0, 'capture_dropped_by_reason': {}}
2026-09-15 12:55:30,754 INFO T-rec xyrus.capture: capture: 1.3 s speech (vad 0.58 max) peak 0.06 floor 0.0025 ceil 0.0052 on_thr 0.0079 vad=silero
2026-09-15 12:55:35,983 INFO T-rec xyrus.hearing: whisper drop: 'A chemical engineering .' lp=-1.19 reason=logprob (advisory) no_speech=0.46
2026-09-15 12:55:35,983 INFO T-rec xyrus.recognizer: Whisper wake check: rejected 'A chemical engineering .' lp=-1.19 (not the name)
2026-09-15 12:55:41,768 INFO T-rec xyrus.hearing: whisper drop: 'because of this IIT' lp=-0.95 reason=logprob (advisory) no_speech=0.50
2026-09-15 12:55:41,768 INFO T-rec xyrus.recognizer: Whisper wake check: rejected 'because of this IIT' lp=-0.95 (not the name)
2026-09-15 12:55:41,769 INFO T-rec xyrus.recognizer: Vosk wake 'virus' (sound-alike, faint, name lost) not confirmed by Whisper: 'because of this IIT'
2026-09-15 12:56:23,755 INFO T-rec xyrus.capture: capture: 5.1 s speech (vad 0.67 max) peak 0.07 floor 0.0033 ceil 0.0072 on_thr 0.0094 vad=silero
2026-09-15 12:58:15,038 INFO T-rec xyrus.capture: capture: 7.0 s speech (vad 0.91 max) peak 0.06 floor 0.0032 ceil 0.0094 on_thr 0.0139 vad=silero
2026-09-15 12:58:21,786 INFO T-rec xyrus.capture: capture: 3.3 s speech (vad 0.82 max) peak 0.08 floor 0.0032 ceil 0.0095 on_thr 0.0141 vad=silero
2026-09-15 12:58:25,604 INFO T-index xyrus.actions.apps: start menu index: 122 entries
2026-09-15 12:59:07,088 INFO T-rec xyrus.hearing: whisper drop: '600.' lp=-0.93 reason=logprob (advisory) no_speech=0.26
2026-09-15 12:59:07,095 INFO T-rec xyrus.recognizer: Whisper wake check: rejected '600.' lp=-0.93 (not the name)
2026-09-15 12:59:08,833 INFO T-rec xyrus.capture: capture: 2.8 s speech (vad 0.72 max) peak 0.09 floor 0.0032 ceil 0.0055 on_thr 0.0082 vad=silero
2026-09-15 12:59:51,298 INFO T-rec xyrus.hearing: whisper drop: 'Thank you.' lp=-1.01 reason=logprob (advisory) no_speech=0.40
2026-09-15 12:59:51,311 INFO T-rec xyrus.recognizer: Whisper wake check: rejected 'Thank you.' lp=-1.01 (not the name)
2026-09-15 13:04:11,043 INFO T-rec xyrus.capture: capture: 0.4 s speech (vad 0.66 max) peak 0.09 floor 0.0030 ceil 0.0032 on_thr 0.0061 vad=silero
2026-09-15 13:04:11,143 INFO T-rec xyrus.recognizer: heard 'cyrus' [command, wake re-decode] (5.5 s of audio)
2026-09-15 13:04:11,145 INFO T-engine xyrus.engine: heard: cyrus
2026-09-15 13:04:11,145 INFO T-engine xyrus.engine: say: Waiting for your command, sir.
2026-09-15 13:04:13,130 INFO T-rec xyrus.recognizer: heard the name (Whisper second opinion, 0.4 s of speech, 1.99 s, lp=-0.46): 'Cyrus.'
2026-09-15 13:04:13,130 INFO T-rec xyrus.recognizer: heard 'cyrus' [command, wake re-decode] (1.2 s of audio)
2026-09-15 13:04:13,130 INFO T-engine xyrus.engine: heard: cyrus
2026-09-15 13:04:13,131 INFO T-engine xyrus.engine: say: I'm listening, sir.
2026-09-15 13:04:23,051 INFO T-rec xyrus.capture: capture: 1.2 s speech (vad 0.95 max) peak 0.07 floor 0.0039 ceil 0.0041 on_thr 0.0078 vad=silero
2026-09-15 13:04:25,335 INFO T-rec xyrus.recognizer: Bengali decode rejected: 'Play Unmoney 2' lp=-0.68
2026-09-15 13:04:30,385 INFO T-rec xyrus.recognizer: heard (command capture, song, 1.2 s of speech, peak 0.07, ended by silence) lp=-0.57 fb=0 vad=1.2s alts=4 bn='প্লে আন মনে, ঠু।': 'Play Anmone 2.'
2026-09-15 13:04:30,385 INFO T-rec xyrus.recognizer: heard 'play anmone 2' [command] (2.0 s of audio) free='play anmone 2'
2026-09-15 13:04:30,388 INFO T-engine xyrus.engine: heard: play anmone 2
2026-09-15 13:04:30,394 INFO T-engine xyrus.engine: cmd: play_song song='anmone 2'
2026-09-15 13:04:31,025 INFO T-rec xyrus.recognizer: Vosk wake 'cyrus' (faint, name lost) confirmed by Whisper: 'Cyrus!'
2026-09-15 13:04:31,025 INFO T-rec xyrus.recognizer: heard 'cyrus' [command, wake re-decode] (2.8 s of audio)
2026-09-15 13:04:31,379 INFO exec-1 xyrus.actions.web: song: q='anmone 2' score=1.00
2026-09-15 13:04:31,412 INFO T-engine xyrus.engine: say: Playing Anmone 2, sir.
2026-09-15 13:04:31,412 INFO T-engine xyrus.engine: info: https://www.youtube.com/watch?v=PlFICIpY6hw (https://www.youtube.com/watch?v=PlFICIpY6hw)
2026-09-15 13:04:35,091 INFO T-engine xyrus.engine: info: playback: autoplay
2026-09-15 13:05:09,370 INFO T-rec xyrus.recognizer: Vosk wake 'zeros' (low conf): the breath goes on - Whisper hears it whole at its end
2026-09-15 13:05:09,803 INFO T-rec xyrus.capture: capture: 0.9 s speech (vad 0.96 max) peak 0.34 floor 0.0054 ceil 0.0394 on_thr 0.0592 vad=silero
2026-09-15 13:05:10,254 INFO T-rec xyrus.recognizer: heard the name (Whisper second opinion, 0.9 s of speech, 0.44 s, lp=-0.60): 'Zyrus.'
2026-09-15 13:05:10,254 INFO T-rec xyrus.recognizer: heard 'cyrus' [command, wake re-decode] (1.5 s of audio)
2026-09-15 13:05:10,255 INFO T-engine xyrus.engine: heard: cyrus
2026-09-15 13:05:10,255 INFO T-engine xyrus.engine: say: At your service, sir.
2026-09-15 13:05:20,803 INFO T-rec xyrus.capture: capture: 1.3 s speech (vad 0.97 max) peak 0.10 floor 0.0019 ceil 0.0021 on_thr 0.0038 vad=silero
2026-09-15 13:05:21,382 INFO T-rec xyrus.recognizer: Bengali decode rejected: 'Play Only Get Prantor' lp=-0.40
2026-09-15 13:05:22,044 INFO T-rec xyrus.recognizer: heard (command capture, song, 1.3 s of speech, peak 0.10, ended by silence) lp=-0.44 fb=0 vad=1.3s alts=2 bn='প্লে অনিকেত প্রান্তর।': 'Play Oniket Prantor.'
2026-09-15 13:05:22,044 INFO T-rec xyrus.recognizer: heard 'play oniket prantor' [command] (2.1 s of audio) free='play oniket prantor'
2026-09-15 13:05:22,047 INFO T-engine xyrus.engine: heard: play oniket prantor
2026-09-15 13:05:22,047 INFO T-engine xyrus.engine: cmd: play_song song='oniket prantor'
2026-09-15 13:05:22,876 INFO exec-1 xyrus.actions.web: song: q='oniket prantor' score=1.00
2026-09-15 13:05:22,904 INFO T-engine xyrus.engine: say: Playing Oniket Prantor, sir.
2026-09-15 13:05:22,905 INFO T-engine xyrus.engine: info: https://www.youtube.com/watch?v=qw1CVt43VKw (https://www.youtube.com/watch?v=qw1CVt43VKw)
2026-09-15 13:05:25,644 INFO T-engine xyrus.engine: info: playback: autoplay
2026-09-15 13:05:25,801 INFO T-rec xyrus.recognizer: recognizer stats: {'wake_checks': 31, 'wake_check_long': 2, 'wake_whisper': 10, 'whisper_retries': 0, 'captures': 28, 'capture_dropped': 0, 'wake_confirms': 5, 'wake_rejected': 3, 'wake_with_command': 1, 'playback_flushes': 253, 'bn_decodes': 7, 'arm_timeouts': 0, 'capture_dropped_by_reason': {}}
2026-09-15 13:07:25,638 INFO T-index xyrus.actions.apps: start menu index: 122 entries
2026-09-15 13:08:03,390 INFO T-hotkey xyrus.hotkeys: hotkey push_to_talk (ctrl+alt+space) not registered: error 1409 (in use by another program)
2026-09-15 13:08:03,446 INFO T-index xyrus.actions.apps: start menu index: 122 entries
2026-09-15 13:08:03,451 INFO T-mic xyrus.audio: microphone open: device 1 (default, MME)
2026-09-15 13:08:03,452 INFO T-mic xyrus.audio: microphone: listening
2026-09-15 13:08:03,644 INFO MainThread xyrus.vad: vad: Silero ready (silero_vad_v6.onnx)
2026-09-15 13:08:03,645 INFO MainThread xyrus.app: commands after the wake reply and free text: Whisper when loaded (hearing.py), Vosk until then
2026-09-15 13:08:03,645 INFO MainThread xyrus.app: Xyrus 2.0.0 started (live)
2026-09-15 13:08:03,839 INFO T-rec xyrus.recognizer: speech model loaded in 0.3 s
2026-09-15 13:08:04,155 INFO T-engine xyrus.engine: say: Good afternoon, Refath. Xyrus online. Nothing on the calendar today.
2026-09-15 13:08:07,387 INFO whisper-load faster_whisper: Processing audio with duration 00:01.000
2026-09-15 13:08:08,378 INFO whisper-load faster_whisper: Processing audio with duration 00:01.455
2026-09-15 13:08:08,624 INFO whisper-load xyrus.hearing: whisper ready in 5.0 s: whisper-large-v3 on cuda (float16)
2026-09-15 13:08:11,113 INFO whisper-load faster_whisper: Processing audio with duration 00:01.000
2026-09-15 13:08:11,390 INFO whisper-load faster_whisper: Processing audio with duration 00:01.455
2026-09-15 13:08:11,626 INFO whisper-load xyrus.hearing: whisper ready in 3.0 s: whisper-large-v3-bn on cuda (float16)
2026-09-15 13:08:42,600 INFO T-engine xyrus.engine: info: Paused · mic off
2026-09-15 13:08:42,731 INFO T-mic xyrus.audio: microphone: paused
2026-09-15 13:08:45,177 INFO T-engine xyrus.engine: info: Listening
2026-09-15 13:08:45,217 INFO T-mic xyrus.audio: microphone open: device 1 (default, MME)
2026-09-15 13:08:45,218 INFO T-mic xyrus.audio: microphone: listening
2026-09-15 13:08:57,741 WARNING T-rec xyrus.grammar: grammar: 'unpause' is not in the speech model - dropped (mode command)
2026-09-15 13:08:58,114 INFO T-rec xyrus.recognizer: Whisper wake check: rejected 'Hi, Ross.' lp=-0.89 (not the name)
2026-09-15 13:08:58,115 INFO T-rec xyrus.recognizer: Vosk wake 'cyrus' (faint, name lost) not confirmed by Whisper: 'Hi, Ross.'
2026-09-15 13:09:42,257 INFO T-rec xyrus.recognizer: Vosk wake 'cyrus' (faint, name lost): the breath goes on - Whisper hears it whole at its end
2026-09-15 13:09:42,732 INFO T-rec xyrus.capture: capture: 0.5 s speech (vad 0.70 max) peak 0.07 floor 0.0031 ceil 0.0044 on_thr 0.0062 vad=silero
2026-09-15 13:09:43,086 INFO T-rec xyrus.recognizer: Whisper wake check: rejected 'Sorry, Ross.' lp=-0.37 (not the name)
2026-09-15 13:09:55,253 INFO T-rec xyrus.hearing: whisper drop: 'Bye. Bye. Bye.' lp=-1.11 reason=logprob (advisory) no_speech=0.54
2026-09-15 13:09:55,253 INFO T-rec xyrus.recognizer: Whisper wake check: rejected 'Bye. Bye. Bye.' lp=-1.11 (not the name)
2026-09-15 13:09:55,259 INFO T-rec xyrus.recognizer: Vosk wake 'virus' (sound-alike, faint, name lost) not confirmed by Whisper: 'Bye. Bye. Bye.'
2026-09-15 13:10:59,484 INFO T-rec xyrus.capture: capture: 0.3 s speech (vad 0.52 max) peak 0.04 floor 0.0035 ceil 0.0115 on_thr 0.0173 vad=silero
2026-09-15 13:10:59,939 INFO T-rec xyrus.hearing: whisper drop: 'Open Chrome and play a song.' lp=-0.68 reason=prompt_echo
2026-09-15 13:10:59,939 INFO T-rec xyrus.recognizer: Whisper wake check: rejected '' lp=-0.68 (nothing)
2026-09-15 13:11:02,234 INFO T-rec xyrus.capture: capture: 0.6 s speech (vad 0.79 max) peak 0.08 floor 0.0039 ceil 0.0115 on_thr 0.0173 vad=silero
2026-09-15 13:11:02,579 INFO T-rec xyrus.hearing: whisper drop: 'Lay down.' lp=-1.11 reason=logprob (advisory) no_speech=0.35
2026-09-15 13:11:02,580 INFO T-rec xyrus.recognizer: Whisper wake check: rejected 'Lay down.' lp=-1.11 (not the name)
2026-09-15 13:11:07,985 INFO T-rec xyrus.capture: capture: 1.8 s speech (vad 0.92 max) peak 0.04 floor 0.0031 ceil 0.0059 on_thr 0.0089 vad=silero
2026-09-15 13:11:08,326 INFO T-rec xyrus.recognizer: Whisper wake check: rejected 'Look, the first thing is that we were at the show.' lp=-0.58 (not the name)
2026-09-15 13:11:37,985 INFO T-rec xyrus.capture: capture: 24.2 s speech (vad 0.97 max) peak 0.14 floor 0.0032 ceil 0.0059 on_thr 0.0089 vad=silero
2026-09-15 13:11:50,486 INFO T-rec xyrus.capture: capture: 8.3 s speech (vad 0.91 max) peak 0.17 floor 0.0032 ceil 0.0067 on_thr 0.0101 vad=silero
2026-09-15 13:11:55,235 INFO T-rec xyrus.capture: capture: 0.4 s speech (vad 0.50 max) peak 0.04 floor 0.0032 ceil 0.0057 on_thr 0.0068 vad=silero
2026-09-15 13:11:55,673 INFO T-rec xyrus.recognizer: Whisper wake check: rejected 'Explode again.' lp=-0.69 (not the name)
2026-09-15 13:12:11,486 INFO T-rec xyrus.capture: capture: 10.0 s speech (vad 0.73 max) peak 0.09 floor 0.0029 ceil 0.0074 on_thr 0.0109 vad=silero
2026-09-15 13:13:04,237 INFO T-rec xyrus.capture: capture: 0.5 s speech (vad 0.62 max) peak 0.05 floor 0.0034 ceil 0.0036 on_thr 0.0068 vad=silero
2026-09-15 13:13:04,655 INFO T-rec xyrus.hearing: whisper drop: "We'll open it up now." lp=-1.03 reason=logprob (advisory) no_speech=0.24
2026-09-15 13:13:04,656 INFO T-rec xyrus.recognizer: Whisper wake check: rejected "We'll open it up now." lp=-1.03 (not the name)
2026-09-15 13:17:03,473 INFO T-index xyrus.actions.apps: start menu index: 122 entries
2026-09-15 13:18:03,741 INFO T-rec xyrus.recognizer: recognizer stats: {'wake_checks': 8, 'wake_check_long': 3, 'wake_whisper': 0, 'whisper_retries': 0, 'captures': 0, 'capture_dropped': 0, 'wake_confirms': 2, 'wake_rejected': 2, 'wake_with_command': 0, 'playback_flushes': 0, 'bn_decodes': 0, 'arm_timeouts': 0, 'capture_dropped_by_reason': {}}
2026-09-15 13:26:03,534 INFO T-index xyrus.actions.apps: start menu index: 122 entries
2026-09-15 13:28:03,754 INFO T-rec xyrus.recognizer: recognizer stats: {'wake_checks': 8, 'wake_check_long': 3, 'wake_whisper': 0, 'whisper_retries': 0, 'captures': 0, 'capture_dropped': 0, 'wake_confirms': 2, 'wake_rejected': 2, 'wake_with_command': 0, 'playback_flushes': 0, 'bn_decodes': 0, 'arm_timeouts': 0, 'capture_dropped_by_reason': {}}
2026-09-15 13:30:31,949 INFO T-hotkey xyrus.hotkeys: hotkey push_to_talk (ctrl+alt+space) not registered: error 1409 (in use by another program)
2026-09-15 13:30:32,000 INFO T-mic xyrus.audio: microphone open: device 1 (default, MME)
2026-09-15 13:30:32,000 INFO T-mic xyrus.audio: microphone: listening
2026-09-15 13:30:32,005 INFO T-index xyrus.actions.apps: start menu index: 122 entries
2026-09-15 13:30:32,218 INFO MainThread xyrus.vad: vad: Silero ready (silero_vad_v6.onnx)
2026-09-15 13:30:32,218 INFO MainThread xyrus.app: commands after the wake reply and free text: Whisper when loaded (hearing.py), Vosk until then
2026-09-15 13:30:32,218 INFO MainThread xyrus.app: Xyrus 2.0.0 started (live)
2026-09-15 13:30:32,351 INFO T-rec xyrus.recognizer: speech model loaded in 0.2 s
2026-09-15 13:30:32,667 INFO T-engine xyrus.engine: say: Good afternoon, Refath. Xyrus online. Nothing on the calendar today.
2026-09-15 13:30:34,849 INFO whisper-load faster_whisper: Processing audio with duration 00:01.000
2026-09-15 13:30:35,618 INFO whisper-load faster_whisper: Processing audio with duration 00:01.455
2026-09-15 13:30:35,839 INFO whisper-load xyrus.hearing: whisper ready in 3.6 s: whisper-large-v3 on cuda (float16)
2026-09-15 13:30:38,392 INFO whisper-load faster_whisper: Processing audio with duration 00:01.000
2026-09-15 13:30:38,644 INFO whisper-load faster_whisper: Processing audio with duration 00:01.455
2026-09-15 13:30:38,855 INFO whisper-load xyrus.hearing: whisper ready in 3.0 s: whisper-large-v3-bn on cuda (float16)
2026-09-15 13:30:59,532 INFO T-rec xyrus.recognizer: heard "what's" [wake] (20.3 s of audio)
2026-09-15 13:39:32,027 INFO T-index xyrus.actions.apps: start menu index: 122 entries
2026-09-15 13:40:32,274 INFO T-rec xyrus.recognizer: recognizer stats: {'wake_checks': 0, 'wake_check_long': 0, 'wake_whisper': 0, 'whisper_retries': 0, 'captures': 0, 'capture_dropped': 0, 'wake_confirms': 0, 'wake_rejected': 0, 'wake_with_command': 0, 'playback_flushes': 0, 'bn_decodes': 0, 'arm_timeouts': 0, 'capture_dropped_by_reason': {}}
2026-09-15 13:44:38,044 INFO MainThread xyrus.audio: microphone: paused
2026-09-15 13:44:38,048 INFO MainThread xyrus.app: Xyrus stopped
2026-09-15 13:44:42,761 INFO T-hotkey xyrus.hotkeys: hotkey push_to_talk (ctrl+alt+space) not registered: error 1409 (in use by another program)
2026-09-15 13:44:42,806 INFO T-index xyrus.actions.apps: start menu index: 122 entries
2026-09-15 13:44:42,810 INFO T-mic xyrus.audio: microphone open: device 1 (default, MME)
2026-09-15 13:44:42,810 INFO T-mic xyrus.audio: microphone: listening
2026-09-15 13:44:42,969 INFO MainThread xyrus.vad: vad: Silero ready (silero_vad_v6.onnx)
2026-09-15 13:44:42,970 INFO MainThread xyrus.app: commands after the wake reply and free text: Whisper when loaded (hearing.py), Vosk until then
2026-09-15 13:44:42,970 INFO MainThread xyrus.app: Xyrus 2.0.0 started (live)
2026-09-15 13:44:43,163 INFO T-rec xyrus.recognizer: speech model loaded in 0.3 s
2026-09-15 13:44:43,457 INFO T-engine xyrus.engine: say: Good afternoon, Refath. Xyrus online. Nothing on the calendar today.
2026-09-15 13:44:45,250 INFO whisper-load faster_whisper: Processing audio with duration 00:01.000
2026-09-15 13:44:45,646 INFO whisper-load faster_whisper: Processing audio with duration 00:01.455
2026-09-15 13:44:45,860 INFO whisper-load xyrus.hearing: whisper ready in 2.9 s: whisper-large-v3 on cuda (float16)
2026-09-15 13:44:47,819 INFO T-engine xyrus.engine: heard: raise the volume
2026-09-15 13:44:47,820 INFO T-engine xyrus.engine: cmd: volume_up
2026-09-15 13:44:47,864 INFO T-engine xyrus.engine: say: Volume at 85 percent, sir.
2026-09-15 13:44:47,983 INFO whisper-load faster_whisper: Processing audio with duration 00:01.000
2026-09-15 13:44:48,236 INFO whisper-load faster_whisper: Processing audio with duration 00:01.455
2026-09-15 13:44:48,448 INFO whisper-load xyrus.hearing: whisper ready in 2.6 s: whisper-large-v3-bn on cuda (float16)
2026-09-15 13:45:16,858 INFO T-rec xyrus.recognizer: Vosk wake "there's" (low conf, name lost): the breath goes on - Whisper hears it whole at its end
2026-09-15 13:45:17,574 INFO T-rec xyrus.capture: capture: 0.6 s speech (vad 0.96 max) peak 0.59 floor 0.0039 ceil 0.0314 on_thr 0.0471 vad=silero
2026-09-15 13:45:17,931 INFO T-rec xyrus.recognizer: heard the name (Whisper second opinion, 0.6 s of speech, 0.35 s, lp=-0.29): 'Cyrus.'
2026-09-15 13:45:17,931 INFO T-rec xyrus.recognizer: heard 'cyrus' [command, wake re-decode] (1.8 s of audio)
2026-09-15 13:45:17,932 INFO T-engine xyrus.engine: heard: cyrus
2026-09-15 13:45:17,932 INFO T-engine xyrus.engine: say: At your service, sir.
2026-09-15 13:45:26,574 INFO T-rec xyrus.capture: capture: 0.8 s speech (vad 0.97 max) peak 0.07 floor 0.0033 ceil 0.0039 on_thr 0.0067 vad=silero
2026-09-15 13:45:27,017 INFO T-rec xyrus.recognizer: heard (command capture, en, 0.8 s of speech, peak 0.07, ended by silence) lp=-0.38 fb=0 vad=0.8s alts=0: 'Cyrus.'
2026-09-15 13:45:27,017 INFO T-rec xyrus.recognizer: heard 'cyrus' [command] (1.5 s of audio) free='cyrus'
2026-09-15 13:45:27,018 INFO T-engine xyrus.engine: heard: cyrus
2026-09-15 13:45:27,018 INFO T-engine xyrus.engine: say: Yes, sir?
2026-09-15 13:45:38,824 INFO T-rec xyrus.capture: capture: 1.6 s speech (vad 0.93 max) peak 0.08 floor 0.0040 ceil 0.0076 on_thr 0.0114 vad=silero
2026-09-15 13:45:39,613 INFO T-rec xyrus.recognizer: heard (command capture, song, 1.6 s of speech, peak 0.08, ended by silence) lp=-0.36 fb=0 vad=1.6s alts=4 bn='Can you play আন মনে তু?': 'Can you play Anne Monet too?'
2026-09-15 13:45:39,614 INFO T-rec xyrus.recognizer: heard 'can you play anne monet too' [command] (2.5 s of audio) free='can you play anne monet too'
2026-09-15 13:45:39,614 INFO T-engine xyrus.engine: heard: can you play anne monet too
2026-09-15 13:45:39,617 INFO T-engine xyrus.engine: cmd: play_song song='anne monet too'
2026-09-15 13:45:40,488 INFO exec-1 xyrus.actions.web: song: q='anne monet too' score=0.67
2026-09-15 13:45:41,376 INFO T-engine xyrus.engine: say: Playing Claude Monet in America, sir.
2026-09-15 13:45:41,376 INFO T-engine xyrus.engine: info: https://www.youtube.com/watch?v=NttKTiFDeeI (https://www.youtube.com/watch?v=NttKTiFDeeI)
2026-09-15 13:45:49,128 INFO T-engine xyrus.engine: info: playback: blocked
2026-09-15 13:45:49,128 INFO T-engine xyrus.engine: say: The browser blocked autoplay, sir. Press play on the video.
2026-09-15 13:47:03,576 INFO T-rec xyrus.capture: capture: 1.8 s speech (vad 0.95 max) peak 0.18 floor 0.0033 ceil 0.0048 on_thr 0.0066 vad=silero
2026-09-15 13:47:03,874 INFO T-rec xyrus.hearing: whisper drop: '.' lp=-0.97 reason=logprob (advisory) no_speech=0.47
2026-09-15 13:47:03,874 INFO T-rec xyrus.recognizer: Whisper wake check: rejected '.' lp=-0.97 (nothing)
2026-09-15 13:49:01,308 INFO T-hotkey xyrus.hotkeys: hotkey push_to_talk (ctrl+alt+space) not registered: error 1409 (in use by another program)
2026-09-15 13:49:01,358 INFO T-mic xyrus.audio: microphone open: device 1 (default, MME)
2026-09-15 13:49:01,358 INFO T-mic xyrus.audio: microphone: listening
2026-09-15 13:49:01,367 INFO T-index xyrus.actions.apps: start menu index: 122 entries
2026-09-15 13:49:01,517 INFO MainThread xyrus.vad: vad: Silero ready (silero_vad_v6.onnx)
2026-09-15 13:49:01,518 INFO MainThread xyrus.app: commands after the wake reply and free text: Whisper when loaded (hearing.py), Vosk until then
2026-09-15 13:49:01,518 INFO MainThread xyrus.app: Xyrus 2.0.0 started (live)
2026-09-15 13:49:01,694 INFO T-rec xyrus.recognizer: speech model loaded in 0.2 s
2026-09-15 13:49:01,985 INFO T-engine xyrus.engine: say: Good afternoon, Refath. Xyrus online. Nothing on the calendar today.
2026-09-15 13:49:04,126 INFO whisper-load faster_whisper: Processing audio with duration 00:01.000
2026-09-15 13:49:04,552 INFO whisper-load faster_whisper: Processing audio with duration 00:01.455
2026-09-15 13:49:04,773 INFO whisper-load xyrus.hearing: whisper ready in 3.3 s: whisper-large-v3 on cuda (float16)
2026-09-15 13:49:07,330 INFO whisper-load faster_whisper: Processing audio with duration 00:01.000
2026-09-15 13:49:07,596 INFO whisper-load faster_whisper: Processing audio with duration 00:01.455
2026-09-15 13:49:07,814 INFO whisper-load xyrus.hearing: whisper ready in 3.0 s: whisper-large-v3-bn on cuda (float16)
2026-09-15 13:49:28,136 INFO T-rec xyrus.recognizer: heard "what's" [wake] (20.3 s of audio)
2026-09-15 13:49:56,024 INFO T-rec xyrus.hearing: whisper drop: 'Here we go.' lp=-1.12 reason=logprob (advisory) no_speech=0.52
2026-09-15 13:49:56,024 INFO T-rec xyrus.recognizer: Whisper wake check: rejected 'Here we go.' lp=-1.12 (not the name)
2026-09-15 13:49:56,025 INFO T-rec xyrus.recognizer: Vosk wake 'virus' (sound-alike, faint, name lost) not confirmed by Whisper: 'Here we go.'
2026-09-15 13:50:02,622 INFO T-rec xyrus.hearing: whisper drop: 'Tyrus.' lp=-0.90 reason=logprob (advisory) no_speech=0.43
2026-09-15 13:50:02,622 INFO T-rec xyrus.recognizer: Whisper wake check: rejected 'Tyrus.' lp=-0.90 (not the name)
2026-09-15 13:50:02,623 INFO T-rec xyrus.recognizer: Vosk wake 'cyrus' (faint, name lost) not confirmed by Whisper: 'Tyrus.'
2026-09-15 13:50:03,932 INFO T-engine xyrus.engine: info: Paused · mic off
2026-09-15 13:50:04,139 INFO T-mic xyrus.audio: microphone: paused
2026-09-15 13:50:05,139 INFO T-engine xyrus.engine: info: Listening
2026-09-15 13:50:05,184 INFO T-mic xyrus.audio: microphone open: device 1 (default, MME)
2026-09-15 13:50:05,184 INFO T-mic xyrus.audio: microphone: listening
2026-09-15 13:50:09,764 INFO T-rec xyrus.hearing: whisper drop: 'Here we go.' lp=-1.07 reason=logprob (advisory) no_speech=0.40
2026-09-15 13:50:09,764 INFO T-rec xyrus.recognizer: Whisper wake check: rejected 'Here we go.' lp=-1.07 (not the name)
2026-09-15 13:50:09,764 INFO T-rec xyrus.recognizer: Vosk wake 'cyrus' (faint, name lost) not confirmed by Whisper: 'Here we go.'
2026-09-15 13:50:13,100 INFO T-rec xyrus.hearing: whisper drop: 'Here we go.' lp=-1.12 reason=logprob (advisory) no_speech=0.49
2026-09-15 13:50:13,100 INFO T-rec xyrus.recognizer: Whisper wake check: rejected 'Here we go.' lp=-1.12 (not the name)
2026-09-15 13:50:13,107 INFO T-rec xyrus.recognizer: Vosk wake 'virus' (sound-alike, faint, name lost) not confirmed by Whisper: 'Here we go.'
2026-09-15 13:50:15,219 INFO T-rec xyrus.hearing: whisper drop: 'Hi, Rus.' lp=-1.00 reason=logprob (advisory) no_speech=0.37
2026-09-15 13:50:15,219 INFO T-rec xyrus.recognizer: Whisper wake check: rejected 'Hi, Rus.' lp=-1.00 (not the name)
2026-09-15 13:50:15,220 INFO T-rec xyrus.recognizer: Vosk wake 'virus' (sound-alike, faint, name lost) not confirmed by Whisper: 'Hi, Rus.'
2026-09-15 13:51:50,807 INFO T-rec xyrus.recognizer: Whisper wake check: rejected 'Here it goes.' lp=-0.88 (not the name)
2026-09-15 13:51:50,808 INFO T-rec xyrus.recognizer: Vosk wake 'virus' (sound-alike, faint, name lost) not confirmed by Whisper: 'Here it goes.'
2026-09-15 13:52:10,929 INFO T-rec xyrus.hearing: whisper drop: "Hi, I'm Cyrus." lp=-0.97 reason=logprob (advisory) no_speech=0.55
2026-09-15 13:52:10,929 INFO T-rec xyrus.recognizer: Whisper wake check: rejected "Hi, I'm Cyrus." lp=-0.97 (not the name)
2026-09-15 13:52:10,936 INFO T-rec xyrus.recognizer: Vosk wake 'cyrus' (faint, name lost) not confirmed by Whisper: "Hi, I'm Cyrus."
2026-09-15 13:53:20,589 INFO T-rec xyrus.recognizer: Whisper wake check: rejected 'Cheers.' lp=-0.36 (not the name)
2026-09-15 13:53:20,590 INFO T-rec xyrus.recognizer: Vosk wake 'virus' (sound-alike, faint, name lost) not confirmed by Whisper: 'Cheers.'
2026-09-15 13:53:28,931 INFO T-rec xyrus.hearing: whisper drop: 'Thank you, Cyrus.' lp=-1.03 reason=logprob (advisory) no_speech=0.44
2026-09-15 13:53:28,931 INFO T-rec xyrus.recognizer: Whisper wake check: rejected 'Thank you, Cyrus.' lp=-1.03 (not the name)
2026-09-15 13:53:28,933 INFO T-rec xyrus.recognizer: Vosk wake 'cyrus' (faint, name lost) not confirmed by Whisper: 'Thank you, Cyrus.'
2026-09-15 13:53:31,232 INFO T-rec xyrus.recognizer: Whisper wake check: rejected 'All right, Russ.' lp=-0.88 (not the name)
2026-09-15 13:53:31,234 INFO T-rec xyrus.recognizer: Vosk wake 'virus' (sound-alike, faint, name lost) not confirmed by Whisper: 'All right, Russ.'
2026-09-15 13:55:30,021 INFO T-rec xyrus.hearing: whisper drop: 'Okay.' lp=-1.24 reason=logprob (advisory) no_speech=0.63
2026-09-15 13:55:30,021 INFO T-rec xyrus.recognizer: Whisper wake check: rejected 'Okay.' lp=-1.24 (not the name)
2026-09-15 13:55:30,022 INFO T-rec xyrus.recognizer: Vosk wake 'virus' (sound-alike, faint, name lost) not confirmed by Whisper: 'Okay.'
2026-09-15 13:56:59,829 INFO T-rec xyrus.hearing: whisper drop: 'What do I do?' lp=-0.92 reason=logprob (advisory) no_speech=0.46
2026-09-15 13:56:59,829 INFO T-rec xyrus.recognizer: Whisper wake check: rejected 'What do I do?' lp=-0.92 (not the name)
2026-09-15 13:56:59,831 INFO T-rec xyrus.recognizer: Vosk wake 'virus' (sound-alike, faint, name lost) not confirmed by Whisper: 'What do I do?'
2026-09-15 13:58:01,384 INFO T-index xyrus.actions.apps: start menu index: 122 entries
2026-09-15 13:59:01,707 INFO T-rec xyrus.recognizer: recognizer stats: {'wake_checks': 12, 'wake_check_long': 0, 'wake_whisper': 0, 'whisper_retries': 0, 'captures': 0, 'capture_dropped': 0, 'wake_confirms': 12, 'wake_rejected': 12, 'wake_with_command': 0, 'playback_flushes': 0, 'bn_decodes': 0, 'arm_timeouts': 0, 'capture_dropped_by_reason': {}}
2026-09-15 13:59:10,205 INFO T-hotkey xyrus.hotkeys: hotkey push_to_talk (ctrl+alt+space) not registered: error 1409 (in use by another program)
2026-09-15 13:59:10,254 INFO T-index xyrus.actions.apps: start menu index: 122 entries
2026-09-15 13:59:10,256 INFO T-mic xyrus.audio: microphone open: device 1 (default, MME)
2026-09-15 13:59:10,257 INFO T-mic xyrus.audio: microphone: listening
2026-09-15 13:59:10,421 INFO MainThread xyrus.vad: vad: Silero ready (silero_vad_v6.onnx)
2026-09-15 13:59:10,421 INFO MainThread xyrus.app: commands after the wake reply and free text: Whisper when loaded (hearing.py), Vosk until then
2026-09-15 13:59:10,422 INFO MainThread xyrus.app: Xyrus 2.0.0 started (live)
2026-09-15 13:59:10,589 INFO T-rec xyrus.recognizer: speech model loaded in 0.2 s
2026-09-15 13:59:10,890 INFO T-engine xyrus.engine: say: Good afternoon, Refath. Xyrus online. Nothing on the calendar today.
2026-09-15 13:59:12,885 INFO whisper-load faster_whisper: Processing audio with duration 00:01.000
2026-09-15 13:59:13,316 INFO whisper-load faster_whisper: Processing audio with duration 00:01.455
2026-09-15 13:59:13,548 INFO whisper-load xyrus.hearing: whisper ready in 3.1 s: whisper-large-v3 on cuda (float16)
2026-09-15 13:59:15,957 INFO whisper-load faster_whisper: Processing audio with duration 00:01.000
2026-09-15 13:59:16,213 INFO whisper-load faster_whisper: Processing audio with duration 00:01.455
2026-09-15 13:59:16,426 INFO whisper-load xyrus.hearing: whisper ready in 2.9 s: whisper-large-v3-bn on cuda (float16)
2026-09-15 14:00:37,567 INFO T-rec xyrus.recognizer: Vosk wake "there's" (name lost, low conf): the breath goes on - Whisper hears it whole at its end
2026-09-15 14:00:38,272 INFO T-rec xyrus.capture: capture: 0.5 s speech (vad 0.97 max) peak 0.92 floor 0.0030 ceil 0.0191 on_thr 0.0282 vad=silero
2026-09-15 14:00:38,613 INFO T-rec xyrus.recognizer: heard the name (Whisper second opinion, 0.5 s of speech, 0.34 s, lp=-0.37): 'Cyrus!'
2026-09-15 14:00:38,613 INFO T-rec xyrus.recognizer: heard 'cyrus' [command, wake re-decode] (1.3 s of audio)
2026-09-15 14:00:38,614 INFO T-engine xyrus.engine: heard: cyrus
2026-09-15 14:00:38,614 INFO T-engine xyrus.engine: say: Yes, sir?
2026-09-15 14:08:10,275 INFO T-index xyrus.actions.apps: start menu index: 122 entries
2026-09-15 14:09:07,033 INFO T-rec xyrus.capture: capture: 1.6 s speech (vad 0.78 max) peak 0.09 floor 0.0019 ceil 0.0031 on_thr 0.0047 vad=silero
2026-09-15 14:09:08,014 INFO T-rec xyrus.hearing: whisper drop: 'You said that the phone is not working.' lp=-1.12 reason=logprob (advisory) no_speech=0.19
2026-09-15 14:09:09,287 INFO T-rec xyrus.recognizer: heard (command capture, en, 1.6 s of speech, peak 0.09, ended by silence) lp=-1.12 fb=1 vad=1.6s alts=3: 'You said that the phone is not working.'
2026-09-15 14:09:09,287 INFO T-rec xyrus.recognizer: heard 'you said that the phone is not working' [command] (2.3 s of audio) free='you said that the phone is not working'
2026-09-15 14:09:09,294 INFO T-engine xyrus.engine: heard: you said that the phone is not working
2026-09-15 14:09:09,370 INFO T-engine xyrus.engine: cmd: song_not_that
2026-09-15 14:09:09,370 INFO T-engine xyrus.engine: say: I haven't played anything yet, sir.
2026-09-15 14:09:10,530 INFO T-rec xyrus.recognizer: recognizer stats: {'wake_checks': 1, 'wake_check_long': 0, 'wake_whisper': 1, 'whisper_retries': 0, 'captures': 1, 'capture_dropped': 0, 'wake_confirms': 0, 'wake_rejected': 0, 'wake_with_command': 0, 'playback_flushes': 0, 'bn_decodes': 0, 'arm_timeouts': 0, 'capture_dropped_by_reason': {}}
2026-09-15 14:09:20,533 INFO T-rec xyrus.capture: capture: 0.7 s speech (vad 0.73 max) peak 0.07 floor 0.0022 ceil 0.0090 on_thr 0.0075 vad=silero
2026-09-15 14:09:21,151 INFO T-rec xyrus.recognizer: Whisper wake check: rejected "I'll teach you how to play a video." lp=-0.76 (not the name)
2026-09-15 14:10:10,285 INFO T-rec xyrus.capture: capture: 2.1 s speech (vad 0.83 max) peak 0.04 floor 0.0021 ceil 0.0045 on_thr 0.0049 vad=silero
2026-09-15 14:10:10,869 INFO T-rec xyrus.recognizer: Whisper wake check: rejected 'What company is this?' lp=-0.71 (not the name)
2026-09-15 14:10:18,785 INFO T-rec xyrus.capture: capture: 1.4 s speech (vad 0.84 max) peak 0.08 floor 0.0042 ceil 0.0141 on_thr 0.0125 vad=silero
2026-09-15 14:10:19,408 INFO T-rec xyrus.hearing: whisper drop: 'No, no, all these companies will be taken away.' lp=-0.96 reason=logprob (advisory) no_speech=0.22
2026-09-15 14:10:19,408 INFO T-rec xyrus.recognizer: Whisper wake check: rejected 'No, no, all these companies will be taken away.' lp=-0.96 (not the name)
2026-09-15 14:10:31,285 INFO T-rec xyrus.capture: capture: 4.9 s speech (vad 0.90 max) peak 0.12 floor 0.0026 ceil 0.0039 on_thr 0.0055 vad=silero
2026-09-15 14:10:32,031 INFO T-rec xyrus.recognizer: Whisper wake check: rejected 'You have to eat it day in and day out. There are so many famous companies. This is a washout.' lp=-0.86 (not the name)
2026-09-15 14:10:59,286 INFO T-rec xyrus.capture: capture: 1.1 s speech (vad 0.84 max) peak 0.08 floor 0.0020 ceil 0.0074 on_thr 0.0059 vad=silero
2026-09-15 14:10:59,861 INFO T-rec xyrus.recognizer: Whisper wake check: rejected 'Now what are you going to do with your phone?' lp=-0.85 (not the name)
2026-09-15 14:13:34,789 INFO T-rec xyrus.capture: capture: 0.5 s speech (vad 0.78 max) peak 0.04 floor 0.0021 ceil 0.0057 on_thr 0.0042 vad=silero
2026-09-15 14:13:35,296 INFO T-rec xyrus.recognizer: Whisper wake check: rejected "No, I'll do it." lp=-0.79 (not the name)
2026-09-15 14:17:10,289 INFO T-index xyrus.actions.apps: start menu index: 122 entries
2026-09-15 14:19:07,296 INFO T-rec xyrus.capture: capture: 1.3 s speech (vad 0.74 max) peak 0.05 floor 0.0018 ceil 0.0114 on_thr 0.0166 vad=silero
2026-09-15 14:19:08,226 INFO T-rec xyrus.hearing: whisper drop: 'Open Chrome and play a song.' lp=-0.51 reason=prompt_echo
2026-09-15 14:19:08,226 INFO T-rec xyrus.recognizer: Whisper wake check: rejected '' lp=-0.51 (nothing)
2026-09-15 14:19:10,543 INFO T-rec xyrus.recognizer: recognizer stats: {'wake_checks': 8, 'wake_check_long': 0, 'wake_whisper': 1, 'whisper_retries': 0, 'captures': 1, 'capture_dropped': 0, 'wake_confirms': 0, 'wake_rejected': 0, 'wake_with_command': 0, 'playback_flushes': 0, 'bn_decodes': 0, 'arm_timeouts': 0, 'capture_dropped_by_reason': {}}
2026-09-15 14:21:55,550 INFO T-rec xyrus.capture: capture: 0.8 s speech (vad 0.55 max) peak 0.07 floor 0.0018 ceil 0.0111 on_thr 0.0163 vad=silero
2026-09-15 14:21:57,995 INFO T-rec xyrus.hearing: whisper drop: "I'm going to kill a man." lp=-1.20 reason=logprob (advisory) no_speech=0.07
2026-09-15 14:21:57,996 INFO T-rec xyrus.recognizer: Whisper wake check: rejected "I'm going to kill a man." lp=-1.20 (not the name)
2026-09-15 14:23:08,407 INFO T-hotkey xyrus.hotkeys: hotkey push_to_talk (ctrl+alt+space) not registered: error 1409 (in use by another program)
2026-09-15 14:23:08,458 INFO T-mic xyrus.audio: microphone open: device 1 (default, MME)
2026-09-15 14:23:08,458 INFO T-mic xyrus.audio: microphone: listening
2026-09-15 14:23:08,461 INFO T-index xyrus.actions.apps: start menu index: 122 entries
2026-09-15 14:23:08,623 INFO MainThread xyrus.vad: vad: Silero ready (silero_vad_v6.onnx)
2026-09-15 14:23:08,623 INFO MainThread xyrus.app: commands after the wake reply and free text: Whisper when loaded (hearing.py), Vosk until then
2026-09-15 14:23:08,623 INFO MainThread xyrus.app: Xyrus 2.0.0 started (live)
2026-09-15 14:23:08,811 INFO T-rec xyrus.recognizer: speech model loaded in 0.3 s
2026-09-15 14:23:09,111 INFO T-engine xyrus.engine: say: Good afternoon, Refath. Xyrus online. Nothing on the calendar today.
2026-09-15 14:23:11,627 INFO whisper-load faster_whisper: Processing audio with duration 00:01.000
2026-09-15 14:23:12,326 INFO whisper-load faster_whisper: Processing audio with duration 00:01.455
2026-09-15 14:23:12,543 INFO whisper-load xyrus.hearing: whisper ready in 3.9 s: whisper-large-v3 on cuda (float16)
2026-09-15 14:23:14,957 INFO whisper-load faster_whisper: Processing audio with duration 00:01.000
2026-09-15 14:23:15,208 INFO whisper-load faster_whisper: Processing audio with duration 00:01.455
2026-09-15 14:23:15,418 INFO whisper-load xyrus.hearing: whisper ready in 2.9 s: whisper-large-v3-bn on cuda (float16)
2026-09-15 14:23:35,494 INFO T-rec xyrus.recognizer: heard "what's" [wake] (20.3 s of audio)
2026-09-15 14:32:08,514 INFO T-index xyrus.actions.apps: start menu index: 122 entries
2026-09-15 14:33:08,738 INFO T-rec xyrus.recognizer: recognizer stats: {'wake_checks': 0, 'wake_check_long': 0, 'wake_whisper': 0, 'whisper_retries': 0, 'captures': 0, 'capture_dropped': 0, 'wake_confirms': 0, 'wake_rejected': 0, 'wake_with_command': 0, 'playback_flushes': 0, 'bn_decodes': 0, 'arm_timeouts': 0, 'capture_dropped_by_reason': {}}
2026-09-15 14:34:11,974 INFO T-hotkey xyrus.hotkeys: hotkey push_to_talk (ctrl+alt+space) not registered: error 1409 (in use by another program)
2026-09-15 14:34:12,024 INFO T-index xyrus.actions.apps: start menu index: 122 entries
2026-09-15 14:34:12,039 INFO T-mic xyrus.audio: microphone open: device 1 (default, MME)
2026-09-15 14:34:12,040 INFO T-mic xyrus.audio: microphone: listening
2026-09-15 14:34:12,201 INFO MainThread xyrus.vad: vad: Silero ready (silero_vad_v6.onnx)
2026-09-15 14:34:12,202 INFO MainThread xyrus.app: commands after the wake reply and free text: Whisper when loaded (hearing.py), Vosk until then
2026-09-15 14:34:12,202 INFO MainThread xyrus.app: Xyrus 2.0.0 started (live)
2026-09-15 14:34:12,406 INFO T-rec xyrus.recognizer: speech model loaded in 0.3 s
2026-09-15 14:34:12,714 INFO T-engine xyrus.engine: say: Good afternoon, Refath. Xyrus online. Nothing on the calendar today.
2026-09-15 14:34:14,935 INFO whisper-load faster_whisper: Processing audio with duration 00:01.000
2026-09-15 14:34:15,684 INFO whisper-load faster_whisper: Processing audio with duration 00:01.455
2026-09-15 14:34:15,911 INFO whisper-load xyrus.hearing: whisper ready in 3.7 s: whisper-large-v3 on cuda (float16)
2026-09-15 14:34:18,464 INFO whisper-load faster_whisper: Processing audio with duration 00:01.000
2026-09-15 14:34:18,725 INFO whisper-load faster_whisper: Processing audio with duration 00:01.455
2026-09-15 14:34:18,944 INFO whisper-load xyrus.hearing: whisper ready in 3.0 s: whisper-large-v3-bn on cuda (float16)
2026-09-15 14:34:39,068 INFO T-rec xyrus.recognizer: heard "what's" [wake] (20.3 s of audio)
2026-09-15 14:35:59,055 INFO T-rec xyrus.capture: capture: 0.2 s speech (vad 0.44 max) peak 0.10 floor 0.0040 ceil 0.0084 on_thr 0.0123 vad=silero
2026-09-15 14:35:59,336 INFO T-rec xyrus.hearing: whisper drop: 'So...' lp=-1.23 reason=logprob (advisory) no_speech=0.24
2026-09-15 14:35:59,336 INFO T-rec xyrus.recognizer: Whisper wake check: rejected 'So...' lp=-1.23 (not the name)
2026-09-15 14:36:06,805 INFO T-rec xyrus.capture: capture: 0.3 s speech (vad 0.64 max) peak 0.05 floor 0.0035 ceil 0.0074 on_thr 0.0110 vad=silero
2026-09-15 14:36:07,145 INFO T-rec xyrus.recognizer: Whisper wake check: rejected 'Can you play it?' lp=-0.69 (not the name)
2026-09-15 14:36:12,306 INFO T-rec xyrus.capture: capture: 0.7 s speech (vad 0.62 max) peak 0.06 floor 0.0035 ceil 0.0100 on_thr 0.0118 vad=silero
2026-09-15 14:36:12,748 INFO T-rec xyrus.hearing: whisper drop: 'Play a song.' lp=-1.03 reason=logprob (advisory) no_speech=0.32
2026-09-15 14:36:12,748 INFO T-rec xyrus.recognizer: Whisper wake check: rejected 'Play a song.' lp=-1.03 (not the name)
2026-09-15 14:36:15,556 INFO T-rec xyrus.capture: capture: 0.8 s speech (vad 0.81 max) peak 0.15 floor 0.0042 ceil 0.0231 on_thr 0.0184 vad=silero
2026-09-15 14:36:16,005 INFO T-rec xyrus.hearing: whisper drop: "I'm going to play a song." lp=-1.05 reason=logprob (advisory) no_speech=0.27
2026-09-15 14:36:16,005 INFO T-rec xyrus.recognizer: Whisper wake check: rejected "I'm going to play a song." lp=-1.05 (not the name)
2026-09-15 14:36:29,886 INFO T-rec xyrus.hearing: whisper drop: "Hi, I'm Kairos." lp=-1.00 reason=logprob (advisory) no_speech=0.45
2026-09-15 14:36:29,886 INFO T-rec xyrus.recognizer: Whisper wake check: rejected "Hi, I'm Kairos." lp=-1.00 (not the name)
2026-09-15 14:36:29,892 INFO T-rec xyrus.recognizer: Vosk wake 'virus' (sound-alike, faint, name lost) not confirmed by Whisper: "Hi, I'm Kairos."
2026-09-15 14:36:36,060 INFO T-rec xyrus.hearing: whisper drop: 'Go, Kairos.' lp=-1.13 reason=logprob (advisory) no_speech=0.40
2026-09-15 14:36:36,060 INFO T-rec xyrus.recognizer: Whisper wake check: rejected 'Go, Kairos.' lp=-1.13 (not the name)
2026-09-15 14:36:36,065 INFO T-rec xyrus.recognizer: Vosk wake 'virus' (sound-alike, faint, name lost) not confirmed by Whisper: 'Go, Kairos.'
2026-09-15 14:36:38,617 INFO T-engine xyrus.engine: info: Paused · mic off
2026-09-15 14:36:38,823 INFO T-mic xyrus.audio: microphone: paused
2026-09-15 14:36:39,746 INFO T-engine xyrus.engine: info: Listening
2026-09-15 14:36:39,797 INFO T-mic xyrus.audio: microphone open: device 1 (default, MME)
2026-09-15 14:36:39,797 INFO T-mic xyrus.audio: microphone: listening
2026-09-15 14:36:42,083 INFO T-rec xyrus.recognizer: Vosk wake 'virus' (sound-alike, faint, name lost): the breath goes on - Whisper hears it whole at its end
2026-09-15 14:36:57,823 INFO settings-worker xyrus.audio: microphone: paused
2026-09-15 14:36:57,864 INFO settings-worker xyrus.audio: microphone open: device 1 (default, MME)
2026-09-15 14:36:57,864 INFO settings-worker xyrus.audio: microphone: listening
2026-09-15 14:37:01,082 INFO T-rec xyrus.hearing: whisper drop: 'Hi, Rus.' lp=-1.00 reason=logprob (advisory) no_speech=0.44
2026-09-15 14:37:01,082 INFO T-rec xyrus.recognizer: Whisper wake check: rejected 'Hi, Rus.' lp=-1.00 (not the name)
2026-09-15 14:37:01,083 INFO T-rec xyrus.recognizer: Vosk wake 'cyrus' (faint, name lost): Whisper wrote 'Hi, Rus.' - the name was clear to Vosk, kept
2026-09-15 14:37:01,083 INFO T-rec xyrus.recognizer: heard 'cyrus' [wake] (3.3 s of audio)
2026-09-15 14:37:01,084 INFO T-engine xyrus.engine: heard: cyrus
2026-09-15 14:37:01,084 INFO T-engine xyrus.engine: say: Waiting for your command, sir.
2026-09-15 14:37:04,143 INFO settings-worker xyrus.audio: microphone: paused
2026-09-15 14:37:04,185 INFO settings-worker xyrus.audio: microphone open: device 1 (default, MME)
2026-09-15 14:37:04,185 INFO settings-worker xyrus.audio: microphone: listening
2026-09-15 14:37:36,449 INFO T-rec xyrus.capture: capture: 0.7 s speech (vad 0.91 max) peak 0.12 floor 0.0039 ceil 0.0257 on_thr 0.0385 vad=silero
2026-09-15 14:37:36,957 INFO T-rec xyrus.recognizer: heard (command capture, en, 0.7 s of speech, peak 0.12, ended by silence) lp=-0.42 fb=0 vad=0.7s alts=2: 'Cyrus.'
2026-09-15 14:37:36,957 INFO T-rec xyrus.recognizer: heard 'cyrus' [command] (1.4 s of audio) free='cyrus'
2026-09-15 14:37:36,959 INFO T-engine xyrus.engine: heard: cyrus
2026-09-15 14:37:36,959 INFO T-engine xyrus.engine: say: Yes, sir?
2026-09-15 14:37:41,449 INFO T-rec xyrus.capture: capture: 1.2 s speech (vad 0.74 max) peak 0.10 floor 0.0038 ceil 0.0057 on_thr 0.0089 vad=silero
2026-09-15 14:37:41,955 INFO T-rec xyrus.recognizer: Bengali decode rejected: 'Kebal, can you play alone?' lp=-0.66
2026-09-15 14:37:42,667 INFO T-rec xyrus.recognizer: heard (command capture, song, 1.2 s of speech, peak 0.10, ended by silence) lp=-0.45 fb=0 vad=1.2s alts=1 bn='কিবাল, কে নিউ প্লে অ্যালন?': 'Can you play alone?'
2026-09-15 14:37:42,667 INFO T-rec xyrus.recognizer: heard 'can you play alone' [command] (3.9 s of audio) free='can you play alone'
2026-09-15 14:37:42,670 INFO T-engine xyrus.engine: heard: can you play alone
2026-09-15 14:37:42,670 INFO T-engine xyrus.engine: cmd: play_song song='alone'
2026-09-15 14:37:43,714 INFO exec-1 xyrus.actions.web: song: q='alone' score=1.00
2026-09-15 14:37:43,753 INFO T-engine xyrus.engine: say: Playing Alone by Alan Walker, sir.
2026-09-15 14:37:43,753 INFO T-engine xyrus.engine: info: https://www.youtube.com/watch?v=1-xGerv5FOk (https://www.youtube.com/watch?v=1-xGerv5FOk)
2026-09-15 14:37:48,051 INFO T-engine xyrus.engine: info: playback: autoplay
2026-09-16 00:13:51,568 INFO T-hotkey xyrus.hotkeys: hotkey push_to_talk (ctrl+alt+space) not registered: error 1409 (in use by another program)
2026-09-16 00:13:51,578 INFO T-index xyrus.actions.apps: start menu index: 122 entries
2026-09-16 00:13:51,638 INFO T-mic xyrus.audio: microphone open: device 1 (default, MME)
2026-09-16 00:13:51,638 INFO T-mic xyrus.audio: microphone: listening
2026-09-16 00:13:53,161 INFO T-rec xyrus.recognizer: speech model loaded in 0.7 s
2026-09-16 00:13:53,906 INFO MainThread xyrus.vad: vad: Silero ready (silero_vad_v6.onnx)
2026-09-16 00:13:53,906 INFO MainThread xyrus.app: commands after the wake reply and free text: Whisper when loaded (hearing.py), Vosk until then
2026-09-16 00:13:53,907 INFO MainThread xyrus.app: Xyrus 2.0.0 started (live)
2026-09-16 00:13:54,162 INFO T-engine xyrus.engine: say: Hello, Refath. Xyrus online. Nothing on the calendar today.
2026-09-16 00:13:56,827 INFO whisper-load faster_whisper: Processing audio with duration 00:01.000
2026-09-16 00:13:58,310 INFO whisper-load faster_whisper: Processing audio with duration 00:01.455
2026-09-16 00:13:58,540 INFO whisper-load xyrus.hearing: whisper ready in 4.6 s: whisper-large-v3 on cuda (float16)
2026-09-16 00:14:01,028 INFO whisper-load faster_whisper: Processing audio with duration 00:01.000
2026-09-16 00:14:01,292 INFO whisper-load faster_whisper: Processing audio with duration 00:01.455
2026-09-16 00:14:01,517 INFO whisper-load xyrus.hearing: whisper ready in 3.0 s: whisper-large-v3-bn on cuda (float16)
2026-09-16 00:14:10,421 INFO T-rec xyrus.capture: capture: 0.4 s speech (vad 0.58 max) peak 0.04 floor 0.0026 ceil 0.0104 on_thr 0.0138 vad=silero
2026-09-16 00:14:10,800 INFO T-rec xyrus.recognizer: Whisper wake check: rejected "You can't hear me." lp=-0.25 (not the name)
2026-09-16 00:14:14,970 INFO T-rec xyrus.recognizer: Vosk wake 'cyrus [unk]' (name lost): the breath goes on - Whisper hears it whole at its end
2026-09-16 00:14:15,920 INFO T-rec xyrus.capture: capture: 0.4 s speech (vad 0.61 max) peak 0.09 floor 0.0027 ceil 0.0108 on_thr 0.0098 vad=silero
2026-09-16 00:14:16,230 INFO T-rec xyrus.recognizer: Whisper wake check: rejected 'Iris, can you play a song?' lp=-0.40 (not the name)
2026-09-16 00:14:16,231 INFO T-rec xyrus.recognizer: handed-off wake: Whisper wrote 'Iris, can you play a song?' - the name was clear to Vosk, kept
2026-09-16 00:14:16,231 INFO T-rec xyrus.recognizer: heard 'cyrus' [command, wake re-decode] (2.2 s of audio)
2026-09-16 00:14:16,232 INFO T-engine xyrus.engine: heard: cyrus
2026-09-16 00:14:16,232 INFO T-engine xyrus.engine: say: I'm listening, sir.
2026-09-16 00:14:26,670 INFO T-rec xyrus.capture: capture: 0.3 s speech (vad 0.69 max) peak 0.11 floor 0.0023 ceil 0.0034 on_thr 0.0050 vad=silero
2026-09-16 00:14:27,088 INFO T-rec xyrus.recognizer: heard (command capture, en, 0.3 s of speech, peak 0.11, ended by silence) lp=-0.48 fb=0 vad=0.3s alts=3: 'Zyrus!'
2026-09-16 00:14:27,088 INFO T-rec xyrus.recognizer: heard 'zyrus' [command] (1.1 s of audio) free='zyrus'
2026-09-16 00:14:27,089 INFO T-engine xyrus.engine: heard: zyrus
2026-09-16 00:14:27,089 INFO T-engine xyrus.engine: say: Yes, sir?
2026-09-16 00:14:37,420 INFO T-rec xyrus.capture: capture: 1.2 s speech (vad 0.84 max) peak 0.07 floor 0.0020 ceil 0.0026 on_thr 0.0041 vad=silero
2026-09-16 00:14:37,964 INFO T-rec xyrus.recognizer: Bengali decode rejected: 'Play AmarPTV' lp=-0.70
2026-09-16 00:14:38,480 INFO T-rec xyrus.recognizer: heard (command capture, song, 1.2 s of speech, peak 0.07, ended by silence) lp=-0.64 fb=0 vad=1.2s alts=3 bn='লে আমার পৃথিবী!': 'Play AmarPTV.'
2026-09-16 00:14:38,481 INFO T-rec xyrus.recognizer: heard 'play amarptv' [command] (2.1 s of audio) free='play amarptv'
2026-09-16 00:14:38,483 INFO T-engine xyrus.engine: heard: play amarptv
2026-09-16 00:14:38,484 INFO T-engine xyrus.engine: cmd: play_song song='amarptv'
2026-09-16 00:14:40,000 INFO exec-1 xyrus.actions.web: song: q='a mark ptv' score=0.50
2026-09-16 00:14:40,116 INFO T-engine xyrus.engine: say: Playing PTV: 2004 Premiership celebration, sir.
2026-09-16 00:14:40,116 INFO T-engine xyrus.engine: info: https://www.youtube.com/watch?v=z7MipUPnhCM (https://www.youtube.com/watch?v=z7MipUPnhCM)
2026-09-16 00:14:42,577 INFO T-engine xyrus.engine: info: playback: autoplay
2026-09-16 00:15:11,922 INFO T-rec xyrus.capture: capture: 0.9 s speech (vad 0.67 max) peak 0.09 floor 0.0022 ceil 0.0131 on_thr 0.0136 vad=silero
2026-09-16 00:15:12,213 INFO T-rec xyrus.hearing: whisper drop: 'Give me chance.' lp=-0.98 reason=logprob (advisory) no_speech=0.31
2026-09-16 00:15:12,214 INFO T-rec xyrus.recognizer: Whisper wake check: rejected 'Give me chance.' lp=-0.98 (not the name)
2026-09-16 00:15:19,969 INFO T-rec xyrus.recognizer: Vosk wake 'die out' (name lost): the breath goes on - Whisper hears it whole at its end
2026-09-16 00:15:20,422 INFO T-rec xyrus.capture: capture: 0.6 s speech (vad 0.95 max) peak 1.00 floor 0.0053 ceil 0.0111 on_thr 0.0133 vad=silero
2026-09-16 00:15:20,788 INFO T-rec xyrus.recognizer: Whisper wake check: rejected 'Xyros!' lp=-0.57 (not the name)
2026-09-16 00:15:23,225 INFO T-rec xyrus.recognizer: heard 'cyrus' [command, wake re-decode] (2.5 s of audio)
2026-09-16 00:15:23,225 INFO T-engine xyrus.engine: heard: cyrus
2026-09-16 00:15:23,226 INFO T-engine xyrus.engine: say: I'm listening, sir.
2026-09-16 00:15:29,421 INFO T-rec xyrus.capture: capture: 1.5 s speech (vad 0.99 max) peak 0.69 floor 0.0046 ceil 0.0111 on_thr 0.0171 vad=silero
2026-09-16 00:15:30,036 INFO T-rec xyrus.recognizer: Bengali decode rejected: 'Play Amar Prithibi' lp=-0.45
2026-09-16 00:15:30,552 INFO T-rec xyrus.recognizer: heard (command capture, song, 1.5 s of speech, peak 0.69, ended by silence) lp=-0.26 fb=0 vad=1.5s alts=1 bn='প্লে আমার পৃথিবী।': 'Play Amar Prithibi.'
2026-09-16 00:15:30,553 INFO T-rec xyrus.recognizer: heard 'প্লে আমার পৃথিবী' [command] (2.3 s of audio) free='প্লে আমার পৃথিবী'
2026-09-16 00:15:30,555 INFO T-engine xyrus.engine: heard: প্লে আমার পৃথিবী (ple amar prithibi)
2026-09-16 00:15:30,555 INFO T-engine xyrus.engine: cmd: play_song song='আমার পৃথিবী'
2026-09-16 00:15:31,279 INFO exec-1 xyrus.actions.web: song: q='আমার পৃথিবী' score=1.00
2026-09-16 00:15:31,298 INFO T-engine xyrus.engine: say: Playing Amar Prithibi, sir.
2026-09-16 00:15:31,298 INFO T-engine xyrus.engine: info: https://www.youtube.com/watch?v=c8i1Qpcnsa8 (https://www.youtube.com/watch?v=c8i1Qpcnsa8)
2026-09-16 00:15:34,032 INFO T-engine xyrus.engine: info: playback: autoplay
2026-09-16 00:15:47,718 INFO T-rec xyrus.recognizer: heard 'cyrus' [command, wake re-decode] (2.3 s of audio)
2026-09-16 00:15:47,718 INFO T-engine xyrus.engine: heard: cyrus
2026-09-16 00:15:47,718 INFO T-engine xyrus.engine: say: Waiting for your command, sir.
2026-09-16 00:15:52,921 INFO T-rec xyrus.capture: capture: 1.2 s speech (vad 0.99 max) peak 0.43 floor 0.0055 ceil 0.0362 on_thr 0.0511 vad=silero
2026-09-16 00:15:53,304 INFO T-rec xyrus.recognizer: heard (command capture, en, 1.2 s of speech, peak 0.43, ended by silence) lp=-0.73 fb=0 vad=1.2s alts=3: 'Amar Prithibi.'
2026-09-16 00:15:53,304 INFO T-rec xyrus.recognizer: heard 'amar prithibi' [command] (1.5 s of audio) free='amar prithibi'
2026-09-16 00:15:53,305 INFO T-engine xyrus.engine: heard: amar prithibi
2026-09-16 00:15:53,367 INFO T-engine xyrus.engine: info: listening again for Bangla
2026-09-16 00:15:53,527 INFO T-rec xyrus.recognizer: Bengali decode rejected: 'Amar Preeti B' lp=-0.68
2026-09-16 00:15:53,964 INFO T-engine xyrus.engine: heard: আমার পৃথিবী (amar prithibi)
2026-09-16 00:15:53,964 INFO T-engine xyrus.engine: cmd: play_song song='আমার পৃথিবী'
2026-09-16 00:15:54,599 INFO exec-1 xyrus.actions.web: song: q='আমার পৃথিবী' score=1.00
2026-09-16 00:15:55,428 INFO T-engine xyrus.engine: say: Playing Amar Prithibi, sir.
2026-09-16 00:15:55,429 INFO T-engine xyrus.engine: info: https://www.youtube.com/watch?v=c8i1Qpcnsa8 (https://www.youtube.com/watch?v=c8i1Qpcnsa8)
2026-09-16 00:15:56,958 INFO T-engine xyrus.engine: info: playback: autoplay
2026-09-16 00:16:51,924 INFO T-rec xyrus.capture: capture: 1.1 s speech (vad 0.78 max) peak 0.05 floor 0.0020 ceil 0.0029 on_thr 0.0044 vad=silero
2026-09-16 00:16:52,460 INFO T-rec xyrus.hearing: whisper drop: 'Then you can use the specific taskbar to check on the app.' lp=-1.23 reason=logprob (advisory) no_speech=0.44
2026-09-16 00:16:52,460 INFO T-rec xyrus.recognizer: Whisper wake check: rejected 'Then you can use the specific taskbar to check on the app.' lp=-1.23 (not the name)
2026-09-16 00:16:54,424 INFO T-rec xyrus.capture: capture: 0.2 s speech (vad 0.59 max) peak 0.03 floor 0.0023 ceil 0.0037 on_thr 0.0051 vad=silero
2026-09-16 00:16:54,701 INFO T-rec xyrus.hearing: whisper drop: 'Thank you.' lp=-1.08 reason=logprob (advisory) no_speech=0.49
2026-09-16 00:16:54,701 INFO T-rec xyrus.recognizer: Whisper wake check: rejected 'Thank you.' lp=-1.08 (not the name)
2026-09-16 00:17:32,174 INFO T-rec xyrus.capture: capture: 0.6 s speech (vad 0.84 max) peak 0.08 floor 0.0031 ceil 0.0065 on_thr 0.0099 vad=silero
2026-09-16 00:17:32,656 INFO T-rec xyrus.hearing: whisper drop: '.' lp=-1.28 reason=logprob (advisory) no_speech=0.48
2026-09-16 00:17:32,656 INFO T-rec xyrus.recognizer: Whisper wake check: rejected '.' lp=-1.28 (nothing)
2026-09-16 00:17:36,174 INFO T-rec xyrus.capture: capture: 0.2 s speech (vad 0.67 max) peak 0.04 floor 0.0035 ceil 0.0073 on_thr 0.0122 vad=silero
2026-09-16 00:17:36,439 INFO T-rec xyrus.hearing: whisper drop: 'It is finished.' lp=-0.91 reason=logprob (advisory) no_speech=0.45
2026-09-16 00:17:36,439 INFO T-rec xyrus.recognizer: Whisper wake check: rejected 'It is finished.' lp=-0.91 (not the name)
2026-09-16 00:17:38,174 INFO T-rec xyrus.capture: capture: 0.2 s speech (vad 0.67 max) peak 0.07 floor 0.0036 ceil 0.0077 on_thr 0.0109 vad=silero
2026-09-16 00:17:38,491 INFO T-rec xyrus.hearing: whisper drop: '.' lp=-1.22 reason=logprob (advisory) no_speech=0.56
2026-09-16 00:17:38,491 INFO T-rec xyrus.recognizer: Whisper wake check: rejected '.' lp=-1.22 (nothing)
2026-09-16 00:17:48,425 INFO T-rec xyrus.capture: capture: 0.2 s speech (vad 0.81 max) peak 0.07 floor 0.0030 ceil 0.0055 on_thr 0.0082 vad=silero
2026-09-16 00:17:48,871 INFO T-rec xyrus.recognizer: Whisper wake check: rejected 'Thank you.' lp=-0.40 (not the name)
2026-09-16 00:17:54,174 INFO T-rec xyrus.capture: capture: 0.4 s speech (vad 0.60 max) peak 0.04 floor 0.0033 ceil 0.0085 on_thr 0.0122 vad=silero
2026-09-16 00:17:54,478 INFO T-rec xyrus.hearing: whisper drop: "That's it. That's it." lp=-0.99 reason=logprob (advisory) no_speech=0.24
2026-09-16 00:17:54,478 INFO T-rec xyrus.recognizer: Whisper wake check: rejected "That's it. That's it." lp=-0.99 (not the name)
2026-09-16 00:17:58,483 INFO T-hotkey xyrus.hotkeys: hotkey push_to_talk (ctrl+alt+space) not registered: error 1409 (in use by another program)
2026-09-16 00:17:58,532 INFO T-index xyrus.actions.apps: start menu index: 122 entries
2026-09-16 00:17:58,534 INFO T-mic xyrus.audio: microphone open: device 1 (default, MME)
2026-09-16 00:17:58,535 INFO T-mic xyrus.audio: microphone: listening
2026-09-16 00:17:58,706 INFO MainThread xyrus.vad: vad: Silero ready (silero_vad_v6.onnx)
2026-09-16 00:17:58,707 INFO MainThread xyrus.app: commands after the wake reply and free text: Whisper when loaded (hearing.py), Vosk until then
2026-09-16 00:17:58,707 INFO MainThread xyrus.app: Xyrus 2.0.0 started (live)
2026-09-16 00:17:58,900 INFO T-rec xyrus.recognizer: speech model loaded in 0.3 s
2026-09-16 00:17:59,200 INFO T-engine xyrus.engine: say: Hello, Refath. Xyrus online. Nothing on the calendar today.
2026-09-16 00:18:01,374 INFO whisper-load faster_whisper: Processing audio with duration 00:01.000
2026-09-16 00:18:02,351 INFO whisper-load faster_whisper: Processing audio with duration 00:01.455
2026-09-16 00:18:02,587 INFO whisper-load xyrus.hearing: whisper ready in 3.9 s: whisper-large-v3 on cuda (float16)
2026-09-16 00:18:05,166 INFO whisper-load faster_whisper: Processing audio with duration 00:01.000
2026-09-16 00:18:05,426 INFO whisper-load faster_whisper: Processing audio with duration 00:01.455
2026-09-16 00:18:05,642 INFO whisper-load xyrus.hearing: whisper ready in 3.1 s: whisper-large-v3-bn on cuda (float16)
2026-09-16 00:18:25,067 INFO T-rec xyrus.recognizer: heard "what's" [wake] (20.3 s of audio)
2026-09-16 00:18:37,332 INFO T-rec xyrus.recognizer: Vosk wake 'cyrus' (name lost): the breath goes on - Whisper hears it whole at its end
2026-09-16 00:18:37,799 INFO T-rec xyrus.capture: capture: 0.5 s speech (vad 0.81 max) peak 0.73 floor 0.0059 ceil 0.0474 on_thr 0.0308 vad=silero
2026-09-16 00:18:38,174 INFO T-rec xyrus.recognizer: Whisper wake check: rejected 'Saros!' lp=-0.87 (not the name)
2026-09-16 00:18:38,175 INFO T-rec xyrus.recognizer: handed-off wake: Whisper wrote 'Saros!' - the name was clear to Vosk, kept
2026-09-16 00:18:38,175 INFO T-rec xyrus.recognizer: heard 'cyrus' [command, wake re-decode] (1.2 s of audio)
2026-09-16 00:18:38,176 INFO T-engine xyrus.engine: heard: cyrus
2026-09-16 00:18:38,176 INFO T-engine xyrus.engine: say: I'm listening, sir.
2026-09-16 00:18:42,798 INFO T-rec xyrus.capture: capture: 1.0 s speech (vad 0.97 max) peak 1.00 floor 0.0149 ceil 0.1165 on_thr 0.1543 vad=silero
2026-09-16 00:18:43,149 INFO T-rec xyrus.recognizer: heard (command capture, en, 1.0 s of speech, peak 1.00, ended by silence) lp=-0.62 fb=0 vad=1.0s alts=2: 'AmarPri TV'
2026-09-16 00:18:43,150 INFO T-rec xyrus.recognizer: heard 'amarpri tv' [command] (1.2 s of audio) free='amarpri tv'
2026-09-16 00:18:43,151 INFO T-engine xyrus.engine: heard: amarpri tv
2026-09-16 00:18:43,216 INFO T-engine xyrus.engine: info: listening again for Bangla
2026-09-16 00:18:43,379 INFO T-rec xyrus.recognizer: Bengali decode rejected: 'AmarPri TV' lp=-0.48
2026-09-16 00:18:43,830 INFO T-engine xyrus.engine: heard: আমার প্রিথিবি (amar prithibi)
2026-09-16 00:18:43,830 INFO T-engine xyrus.engine: say: Say that again, sir?
2026-09-16 00:18:50,298 INFO T-rec xyrus.capture: capture: 2.0 s speech (vad 0.96 max) peak 1.00 floor 0.0084 ceil 0.0611 on_thr 0.0743 vad=silero
2026-09-16 00:18:50,764 INFO T-rec xyrus.recognizer: Bengali decode rejected: 'Play AmarBritiB' lp=-0.75
2026-09-16 00:18:51,301 INFO T-rec xyrus.recognizer: heard (command capture, song, 2.0 s of speech, peak 1.00, ended by silence) lp=-0.55 fb=0 vad=2.0s alts=2 bn='প্লে আমার পৃথিবী।': 'Play Amar Prithibi.'
2026-09-16 00:18:51,301 INFO T-rec xyrus.recognizer: heard 'প্লে আমার পৃথিবী' [command] (2.8 s of audio) free='প্লে আমার পৃথিবী'
2026-09-16 00:18:51,304 INFO T-engine xyrus.engine: heard: প্লে আমার পৃথিবী (ple amar prithibi)
2026-09-16 00:18:51,304 INFO T-engine xyrus.engine: cmd: play_song song='আমার পৃথিবী'
2026-09-16 00:18:52,042 INFO exec-1 xyrus.actions.web: song: q='আমার পৃথিবী' score=1.00
2026-09-16 00:18:52,963 INFO T-engine xyrus.engine: say: Playing Amar Prithibi, sir.
2026-09-16 00:18:52,963 INFO T-engine xyrus.engine: info: https://www.youtube.com/watch?v=c8i1Qpcnsa8 (https://www.youtube.com/watch?v=c8i1Qpcnsa8)
2026-09-16 00:19:00,356 INFO T-engine xyrus.engine: info: playback: started
2026-09-16 00:19:38,604 INFO T-rec xyrus.recognizer: heard 'cyrus' [command, wake re-decode] (2.5 s of audio)
2026-09-16 00:19:38,604 INFO T-engine xyrus.engine: heard: cyrus
2026-09-16 00:19:38,604 INFO T-engine xyrus.engine: say: Waiting for your command, sir.
2026-09-16 00:19:43,549 INFO T-rec xyrus.capture: capture: 1.0 s speech (vad 0.99 max) peak 0.13 floor 0.0027 ceil 0.0304 on_thr 0.0336 vad=silero
2026-09-16 00:19:44,100 INFO T-rec xyrus.recognizer: heard (command capture, en, 1.0 s of speech, peak 0.13, ended by silence) lp=-0.68 fb=0 vad=1.0s alts=3: 'Amar Prithivi.'
2026-09-16 00:19:44,100 INFO T-rec xyrus.recognizer: heard 'amar prithivi' [command] (1.2 s of audio) free='amar prithivi'
2026-09-16 00:19:44,102 INFO T-engine xyrus.engine: heard: amar prithivi
2026-09-16 00:19:44,116 INFO T-engine xyrus.engine: info: listening again for Bangla
2026-09-16 00:19:44,322 INFO T-rec xyrus.recognizer: Bengali decode rejected: 'AmarPri TV' lp=-0.86
2026-09-16 00:19:44,768 INFO T-engine xyrus.engine: heard: আমার পৃথিবী (amar prithibi)
2026-09-16 00:19:44,768 INFO T-engine xyrus.engine: cmd: play_song song='আমার পৃথিবী'
2026-09-16 00:19:45,408 INFO exec-1 xyrus.actions.web: song: q='আমার পৃথিবী' score=1.00
2026-09-16 00:19:46,304 INFO T-engine xyrus.engine: say: Playing Amar Prithibi, sir.
2026-09-16 00:19:46,304 INFO T-engine xyrus.engine: info: https://www.youtube.com/watch?v=c8i1Qpcnsa8 (https://www.youtube.com/watch?v=c8i1Qpcnsa8)
2026-09-16 00:19:53,226 INFO T-engine xyrus.engine: info: playback: autoplay
2026-09-16 00:19:57,372 INFO T-rec xyrus.recognizer: Vosk wake 'zeros' (sound-alike, low conf): the breath goes on - Whisper hears it whole at its end
2026-09-16 00:19:58,800 INFO T-rec xyrus.capture: capture: 0.6 s speech (vad 0.93 max) peak 0.44 floor 0.0029 ceil 0.0247 on_thr 0.0094 vad=silero
2026-09-16 00:19:59,216 INFO T-rec xyrus.recognizer: heard the name (Whisper second opinion, 0.6 s of speech, 0.41 s, lp=-0.26): 'Zyrus!'
2026-09-16 00:19:59,216 INFO T-rec xyrus.recognizer: heard 'cyrus' [command, wake re-decode] (1.4 s of audio)
2026-09-16 00:19:59,217 INFO T-engine xyrus.engine: heard: cyrus
2026-09-16 00:19:59,217 INFO T-engine xyrus.engine: say: At your service, sir.
2026-09-16 00:20:10,049 INFO T-rec xyrus.capture: capture: 0.8 s speech (vad 0.99 max) peak 0.45 floor 0.0029 ceil 0.0087 on_thr 0.0109 vad=silero
2026-09-16 00:20:10,508 INFO T-rec xyrus.recognizer: heard (command capture, en, 0.8 s of speech, peak 0.45, ended by silence) lp=-0.08 fb=0 vad=0.8s alts=1: 'Pause the song.'
2026-09-16 00:20:10,508 INFO T-rec xyrus.recognizer: heard 'pause the song' [command] (1.5 s of audio) free='pause the song'
2026-09-16 00:20:10,509 INFO T-engine xyrus.engine: heard: pause the song
2026-09-16 00:20:10,509 INFO T-engine xyrus.engine: cmd: play_pause
2026-09-16 00:20:14,615 INFO T-rec xyrus.recognizer: heard 'cyrus' [command, wake re-decode] (4.0 s of audio)
2026-09-16 00:20:14,615 INFO T-engine xyrus.engine: heard: cyrus
2026-09-16 00:20:14,615 INFO T-engine xyrus.engine: say: Yes, sir?
2026-09-16 00:20:18,550 INFO T-rec xyrus.capture: capture: 0.5 s speech (vad 0.99 max) peak 0.43 floor 0.0034 ceil 0.0485 on_thr 0.0302 vad=silero
2026-09-16 00:20:19,197 INFO T-rec xyrus.recognizer: Bengali decode rejected: 'সলাম' lp=-0.89
2026-09-16 00:20:19,604 INFO T-rec xyrus.recognizer: heard (command capture, song, 0.5 s of speech, peak 0.43, ended by silence) lp=-0.68 fb=0 vad=0.5s alts=3 bn='তা স্বাং!': 'Play a song.'
2026-09-16 00:20:19,604 INFO T-rec xyrus.recognizer: heard 'play a song' [command] (0.8 s of audio) free='play a song'
2026-09-16 00:20:19,607 INFO T-engine xyrus.engine: heard: play a song
2026-09-16 00:20:19,607 INFO T-engine xyrus.engine: cmd: play_ask
2026-09-16 00:20:19,618 INFO T-engine xyrus.engine: ask: What should I play, sir?
2026-09-16 00:20:25,299 INFO T-rec xyrus.capture: capture: 1.5 s speech (vad 0.99 max) peak 1.00 floor 0.0027 ceil 0.0088 on_thr 0.0129 vad=silero
2026-09-16 00:20:25,776 INFO T-rec xyrus.recognizer: Bengali decode rejected: 'Play the song that you paused.' lp=-0.36
2026-09-16 00:20:26,470 INFO T-rec xyrus.recognizer: heard (command capture, song, 1.5 s of speech, peak 1.00, ended by silence) lp=-0.09 fb=0 vad=1.5s alts=1 bn='প্লে দ্য সং দ্যার ইউ ফস্ট!': 'Play the song that you paused.'
2026-09-16 00:20:26,471 INFO T-rec xyrus.recognizer: heard 'প্লে দ্য সং দ্যার ইউ ফস্ট' [free] (4.7 s of audio) free='প্লে দ্য সং দ্যার ইউ ফস্ট'
2026-09-16 00:20:26,474 INFO T-engine xyrus.engine: heard: প্লে দ্য সং দ্যার ইউ ফস্ট (ple do song dar iu fosto)
2026-09-16 00:20:27,797 INFO exec-1 xyrus.actions.web: song: q="that's the song" score=1.00
2026-09-16 00:20:28,694 INFO T-engine xyrus.engine: say: Playing That’s So True by Gracie Abrams, sir.
2026-09-16 00:20:28,694 INFO T-engine xyrus.engine: info: https://www.youtube.com/watch?v=G_lNBrDJQC8 (https://www.youtube.com/watch?v=G_lNBrDJQC8)
2026-09-16 00:20:36,360 INFO T-engine xyrus.engine: info: playback: started
2026-09-16 00:20:37,029 INFO T-rec xyrus.recognizer: Whisper wake check: rejected 'Sinus, please.' lp=-0.79 (not the name)
2026-09-16 00:20:37,034 INFO T-rec xyrus.recognizer: Vosk wake 'silence' (name lost, low conf) not confirmed by Whisper: 'Sinus, please.'
2026-09-16 00:20:38,301 INFO T-rec xyrus.capture: capture: 0.4 s speech (vad 0.95 max) peak 0.23 floor 0.0046 ceil 0.0384 on_thr 0.0086 vad=silero
2026-09-16 00:20:38,517 INFO T-rec xyrus.hearing: whisper drop: 'Hey.' lp=-1.06 reason=logprob (advisory) no_speech=0.65
2026-09-16 00:20:38,517 INFO T-rec xyrus.recognizer: Whisper wake check: rejected 'Hey.' lp=-1.06 (not the name)
2026-09-16 00:20:46,344 INFO T-rec xyrus.recognizer: Vosk wake 'silence' (name lost, low conf): the breath goes on - Whisper hears it whole at its end
2026-09-16 00:20:47,051 INFO T-rec xyrus.capture: capture: 0.5 s speech (vad 0.95 max) peak 0.24 floor 0.0029 ceil 0.0046 on_thr 0.0065 vad=silero
2026-09-16 00:20:47,400 INFO T-rec xyrus.recognizer: heard the name (Whisper second opinion, 0.5 s of speech, 0.34 s, lp=-0.47): 'Cyrus!'
2026-09-16 00:20:47,400 INFO T-rec xyrus.recognizer: heard 'cyrus' [command, wake re-decode] (1.2 s of audio)
2026-09-16 00:20:47,401 INFO T-engine xyrus.engine: heard: cyrus
2026-09-16 00:20:47,401 INFO T-engine xyrus.engine: say: Waiting for your command, sir.
2026-09-16 00:20:54,800 INFO T-rec xyrus.capture: capture: 0.4 s speech (vad 0.91 max) peak 0.20 floor 0.0025 ceil 0.0044 on_thr 0.0074 vad=silero
2026-09-16 00:20:55,101 INFO T-rec xyrus.recognizer: heard (command capture, en, 0.4 s of speech, peak 0.20, ended by silence) lp=-0.27 fb=0 vad=0.4s alts=1: 'Pause.'
2026-09-16 00:20:55,101 INFO T-rec xyrus.recognizer: heard 'pause' [command] (1.1 s of audio) free='pause'
2026-09-16 00:20:55,102 INFO T-engine xyrus.engine: heard: pause
2026-09-16 00:20:55,103 INFO T-engine xyrus.engine: cmd: play_pause
2026-09-16 00:20:58,052 INFO T-rec xyrus.capture: capture: 0.4 s speech (vad 0.87 max) peak 0.25 floor 0.0023 ceil 0.0039 on_thr 0.0057 vad=silero
2026-09-16 00:20:58,297 INFO T-rec xyrus.recognizer: Whisper wake check: rejected 'Silence!' lp=-0.23 (not the name)
2026-09-16 00:21:01,582 INFO T-rec xyrus.recognizer: heard 'cyrus' [command, wake re-decode] (1.3 s of audio)
2026-09-16 00:21:01,582 INFO T-engine xyrus.engine: heard: cyrus
2026-09-16 00:21:01,583 INFO T-engine xyrus.engine: say: At your service, sir.
2026-09-16 00:21:10,301 INFO T-rec xyrus.capture: capture: 0.4 s speech (vad 0.84 max) peak 0.31 floor 0.0026 ceil 0.0203 on_thr 0.0304 vad=silero
2026-09-16 00:21:10,655 INFO T-rec xyrus.recognizer: heard (command capture, en, 0.4 s of speech, peak 0.31, ended by silence) lp=-0.29 fb=0 vad=0.4s alts=1: 'Play.'
2026-09-16 00:21:10,655 INFO T-rec xyrus.recognizer: heard 'play' [command] (1.2 s of audio) free='play'
2026-09-16 00:21:10,656 INFO T-engine xyrus.engine: heard: play
2026-09-16 00:21:10,657 INFO T-engine xyrus.engine: cmd: play_pause
2026-09-16 00:21:18,052 INFO T-rec xyrus.capture: capture: 0.4 s speech (vad 0.54 max) peak 0.02 floor 0.0034 ceil 0.0073 on_thr 0.0110 vad=silero
2026-09-16 00:21:18,382 INFO T-rec xyrus.recognizer: Whisper wake check: rejected 'Thank you.' lp=-0.73 (not the name)
2026-09-16 00:21:29,552 INFO T-rec xyrus.capture: capture: 2.5 s speech (vad 0.87 max) peak 0.10 floor 0.0028 ceil 0.0196 on_thr 0.0145 vad=silero
2026-09-16 00:21:34,052 INFO T-rec xyrus.capture: capture: 0.2 s speech (vad 0.77 max) peak 0.05 floor 0.0024 ceil 0.0082 on_thr 0.0121 vad=silero
2026-09-16 00:21:34,426 INFO T-rec xyrus.recognizer: Whisper wake check: rejected "That's it." lp=-0.63 (not the name)
2026-09-16 00:21:59,052 INFO T-rec xyrus.capture: capture: 0.3 s speech (vad 0.66 max) peak 0.04 floor 0.0021 ceil 0.0034 on_thr 0.0049 vad=silero
2026-09-16 00:21:59,278 INFO T-rec xyrus.recognizer: Whisper wake check: rejected 'Thank you.' lp=-0.69 (not the name)
2026-09-16 00:26:36,057 INFO T-rec xyrus.capture: capture: 0.3 s speech (vad 0.77 max) peak 0.03 floor 0.0024 ceil 0.0065 on_thr 0.0106 vad=silero
2026-09-16 00:26:36,410 INFO T-rec xyrus.recognizer: Whisper wake check: rejected 'Thank you.' lp=-0.79 (not the name)
2026-09-16 00:26:58,548 INFO T-index xyrus.actions.apps: start menu index: 122 entries
2026-09-16 00:27:58,807 INFO T-rec xyrus.recognizer: recognizer stats: {'wake_checks': 10, 'wake_check_long': 0, 'wake_whisper': 2, 'whisper_retries': 0, 'captures': 8, 'capture_dropped': 0, 'wake_confirms': 1, 'wake_rejected': 1, 'wake_with_command': 0, 'playback_flushes': 23, 'bn_decodes': 5, 'arm_timeouts': 0, 'capture_dropped_by_reason': {}}
2026-09-16 01:00:10,545 INFO T-hotkey xyrus.hotkeys: hotkey push_to_talk (ctrl+alt+space) not registered: error 1409 (in use by another program)
2026-09-16 01:00:10,594 INFO T-index xyrus.actions.apps: start menu index: 122 entries
2026-09-16 01:00:10,602 INFO T-mic xyrus.audio: microphone open: device 1 (default, MME)
2026-09-16 01:00:10,602 INFO T-mic xyrus.audio: microphone: listening
2026-09-16 01:00:10,781 INFO MainThread xyrus.vad: vad: Silero ready (silero_vad_v6.onnx)
2026-09-16 01:00:10,781 INFO MainThread xyrus.app: commands after the wake reply and free text: Whisper when loaded (hearing.py), Vosk until then
2026-09-16 01:00:10,781 INFO MainThread xyrus.app: Xyrus 2.0.0 started (live)
2026-09-16 01:00:10,968 INFO T-rec xyrus.recognizer: speech model loaded in 0.3 s
2026-09-16 01:00:11,274 INFO T-engine xyrus.engine: say: Hello, Refath. Xyrus online. Nothing on the calendar today.
2026-09-16 01:00:13,447 INFO whisper-load faster_whisper: Processing audio with duration 00:01.000
2026-09-16 01:00:14,413 INFO whisper-load faster_whisper: Processing audio with duration 00:01.455
2026-09-16 01:00:14,645 INFO whisper-load xyrus.hearing: whisper ready in 3.9 s: whisper-large-v3 on cuda (float16)
2026-09-16 01:00:17,135 INFO whisper-load faster_whisper: Processing audio with duration 00:01.000
2026-09-16 01:00:17,402 INFO whisper-load faster_whisper: Processing audio with duration 00:01.455
2026-09-16 01:00:17,618 INFO whisper-load xyrus.hearing: whisper ready in 3.0 s: whisper-large-v3-bn on cuda (float16)
2026-09-16 01:00:25,616 INFO T-rec xyrus.capture: capture: 5.0 s speech (vad 0.78 max) peak 0.05 floor 0.0037 ceil 0.0075 on_thr 0.0112 vad=silero
2026-09-16 01:00:38,116 INFO T-rec xyrus.capture: capture: 2.6 s speech (vad 0.72 max) peak 0.07 floor 0.0033 ceil 0.0101 on_thr 0.0151 vad=silero
2026-09-16 01:00:45,621 INFO MainThread xyrus.audio: microphone: paused
2026-09-16 01:00:45,626 INFO MainThread xyrus.app: Xyrus stopped
2026-09-16 01:00:50,786 INFO T-hotkey xyrus.hotkeys: hotkey push_to_talk (ctrl+alt+space) not registered: error 1409 (in use by another program)
2026-09-16 01:00:50,834 INFO T-index xyrus.actions.apps: start menu index: 122 entries
2026-09-16 01:00:50,836 INFO T-mic xyrus.audio: microphone open: device 1 (default, MME)
2026-09-16 01:00:50,836 INFO T-mic xyrus.audio: microphone: listening
2026-09-16 01:00:51,003 INFO MainThread xyrus.vad: vad: Silero ready (silero_vad_v6.onnx)
2026-09-16 01:00:51,004 INFO MainThread xyrus.app: commands after the wake reply and free text: Whisper when loaded (hearing.py), Vosk until then
2026-09-16 01:00:51,004 INFO MainThread xyrus.app: Xyrus 2.0.0 started (live)
2026-09-16 01:00:51,200 INFO T-rec xyrus.recognizer: speech model loaded in 0.3 s
2026-09-16 01:00:51,500 INFO T-engine xyrus.engine: say: Hello, Refath. Xyrus online. You have 1 thing today: final exam cse471 adn eng113.
2026-09-16 01:00:53,621 INFO whisper-load faster_whisper: Processing audio with duration 00:01.000
2026-09-16 01:00:54,527 INFO whisper-load faster_whisper: Processing audio with duration 00:01.455
2026-09-16 01:00:54,745 INFO whisper-load xyrus.hearing: whisper ready in 3.7 s: whisper-large-v3 on cuda (float16)
2026-09-16 01:00:57,088 INFO whisper-load faster_whisper: Processing audio with duration 00:01.000
2026-09-16 01:00:57,343 INFO whisper-load faster_whisper: Processing audio with duration 00:01.455
2026-09-16 01:00:57,553 INFO whisper-load xyrus.hearing: whisper ready in 2.8 s: whisper-large-v3-bn on cuda (float16)
2026-09-16 01:01:20,358 INFO T-rec xyrus.recognizer: heard "what's" [wake] (20.3 s of audio)
2026-09-16 01:01:23,845 INFO MainThread xyrus.audio: microphone: paused
2026-09-16 01:01:23,851 INFO MainThread xyrus.app: Xyrus stopped
2026-09-16 01:01:25,207 INFO T-hotkey xyrus.hotkeys: hotkey push_to_talk (ctrl+alt+space) not registered: error 1409 (in use by another program)
2026-09-16 01:01:25,256 INFO T-mic xyrus.audio: microphone open: device 1 (default, MME)
2026-09-16 01:01:25,256 INFO T-mic xyrus.audio: microphone: listening
2026-09-16 01:01:25,257 INFO T-index xyrus.actions.apps: start menu index: 122 entries
2026-09-16 01:01:25,412 INFO MainThread xyrus.vad: vad: Silero ready (silero_vad_v6.onnx)
2026-09-16 01:01:25,412 INFO MainThread xyrus.app: commands after the wake reply and free text: Whisper when loaded (hearing.py), Vosk until then
2026-09-16 01:01:25,413 INFO MainThread xyrus.app: Xyrus 2.0.0 started (live)
2026-09-16 01:01:25,605 INFO T-rec xyrus.recognizer: speech model loaded in 0.3 s
2026-09-16 01:01:25,906 INFO T-engine xyrus.engine: say: Hello, Refath. Xyrus online. You have 1 thing today: Refath hala toe ekta vodka.
2026-09-16 01:01:27,989 INFO whisper-load faster_whisper: Processing audio with duration 00:01.000
2026-09-16 01:01:28,890 INFO whisper-load faster_whisper: Processing audio with duration 00:01.455
2026-09-16 01:01:29,110 INFO whisper-load xyrus.hearing: whisper ready in 3.7 s: whisper-large-v3 on cuda (float16)
2026-09-16 01:01:31,435 INFO whisper-load faster_whisper: Processing audio with duration 00:01.000
2026-09-16 01:01:31,690 INFO whisper-load faster_whisper: Processing audio with duration 00:01.455
2026-09-16 01:01:31,899 INFO whisper-load xyrus.hearing: whisper ready in 2.8 s: whisper-large-v3-bn on cuda (float16)
2026-09-16 01:01:52,535 INFO MainThread xyrus.audio: microphone: paused
2026-09-16 01:01:52,541 INFO MainThread xyrus.app: Xyrus stopped
2026-09-16 01:01:54,172 INFO T-hotkey xyrus.hotkeys: hotkey push_to_talk (ctrl+alt+space) not registered: error 1409 (in use by another program)
2026-09-16 01:01:54,221 INFO T-index xyrus.actions.apps: start menu index: 122 entries
2026-09-16 01:01:54,223 INFO T-mic xyrus.audio: microphone open: device 1 (default, MME)
2026-09-16 01:01:54,223 INFO T-mic xyrus.audio: microphone: listening
2026-09-16 01:01:54,392 INFO MainThread xyrus.vad: vad: Silero ready (silero_vad_v6.onnx)
2026-09-16 01:01:54,393 INFO MainThread xyrus.app: commands after the wake reply and free text: Whisper when loaded (hearing.py), Vosk until then
2026-09-16 01:01:54,393 INFO MainThread xyrus.app: Xyrus 2.0.0 started (live)
2026-09-16 01:01:54,574 INFO T-rec xyrus.recognizer: speech model loaded in 0.3 s
2026-09-16 01:01:54,867 INFO T-engine xyrus.engine: say: Hello, Refath. Xyrus online. You have 1 thing today: jai nai.
2026-09-16 01:01:56,942 INFO whisper-load faster_whisper: Processing audio with duration 00:01.000
2026-09-16 01:01:57,837 INFO whisper-load faster_whisper: Processing audio with duration 00:01.455
2026-09-16 01:01:58,055 INFO whisper-load xyrus.hearing: whisper ready in 3.7 s: whisper-large-v3 on cuda (float16)
2026-09-16 01:02:00,374 INFO whisper-load faster_whisper: Processing audio with duration 00:01.000
2026-09-16 01:02:00,629 INFO whisper-load faster_whisper: Processing audio with duration 00:01.455
2026-09-16 01:02:00,839 INFO whisper-load xyrus.hearing: whisper ready in 2.8 s: whisper-large-v3-bn on cuda (float16)
2026-09-16 01:02:12,254 INFO T-rec xyrus.recognizer: heard "what's" [wake] (11.3 s of audio)
2026-09-16 01:02:17,689 INFO T-rec xyrus.recognizer: Vosk wake 'virus' (sound-alike, name lost) confirmed by Whisper: 'Zyrus!'
2026-09-16 01:02:17,689 INFO T-rec xyrus.recognizer: heard 'cyrus' [command, wake re-decode] (4.7 s of audio)
2026-09-16 01:02:17,690 INFO T-engine xyrus.engine: heard: cyrus
2026-09-16 01:02:17,690 INFO T-engine xyrus.engine: say: At your service, sir.
2026-09-16 01:02:27,736 INFO T-rec xyrus.capture: capture: 0.7 s speech (vad 0.80 max) peak 0.09 floor 0.0022 ceil 0.0062 on_thr 0.0043 vad=silero
2026-09-16 01:02:28,196 INFO T-rec xyrus.recognizer: heard (command capture, en, 0.7 s of speech, peak 0.09, ended by silence) lp=-0.07 fb=0 vad=0.7s alts=0: 'What time is it?'
2026-09-16 01:02:28,196 INFO T-rec xyrus.recognizer: heard 'what time is it' [command] (1.3 s of audio) free='what time is it'
2026-09-16 01:02:28,197 INFO T-engine xyrus.engine: heard: what time is it
2026-09-16 01:02:28,198 INFO T-engine xyrus.engine: cmd: time
2026-09-16 01:02:28,198 INFO T-engine xyrus.engine: say: It's 1:02 AM, sir.
2026-09-16 01:02:35,987 INFO T-rec xyrus.capture: capture: 1.2 s speech (vad 0.92 max) peak 0.08 floor 0.0022 ceil 0.0037 on_thr 0.0053 vad=silero
2026-09-16 01:02:36,318 INFO T-rec xyrus.recognizer: Whisper wake check: rejected 'I have exam at 8.' lp=-0.17 (not the name)
2026-09-16 01:02:41,737 INFO T-rec xyrus.capture: capture: 1.2 s speech (vad 0.69 max) peak 0.08 floor 0.0019 ceil 0.0065 on_thr 0.0056 vad=silero
2026-09-16 01:02:41,994 INFO T-rec xyrus.recognizer: Whisper wake check: rejected 'I have exam at 8.' lp=-0.15 (not the name)
2026-09-16 01:02:53,487 INFO T-rec xyrus.capture: capture: 0.8 s speech (vad 0.75 max) peak 0.12 floor 0.0022 ceil 0.0032 on_thr 0.0046 vad=silero
2026-09-16 01:02:53,909 INFO T-rec xyrus.recognizer: heard the name (Whisper second opinion, 0.8 s of speech, 0.42 s, lp=-0.62): 'Zyrus!'
2026-09-16 01:02:53,909 INFO T-rec xyrus.recognizer: heard 'cyrus' [command, wake re-decode] (1.5 s of audio)
2026-09-16 01:02:53,910 INFO T-engine xyrus.engine: heard: cyrus
2026-09-16 01:02:53,911 INFO T-engine xyrus.engine: say: I'm listening, sir.
2026-09-16 01:02:59,487 INFO T-rec xyrus.capture: capture: 1.7 s speech (vad 0.82 max) peak 0.10 floor 0.0024 ceil 0.0118 on_thr 0.0091 vad=silero
2026-09-16 01:02:59,849 INFO T-rec xyrus.recognizer: heard (command capture, en, 1.7 s of speech, peak 0.10, ended by silence) lp=-0.11 fb=0 vad=1.7s alts=2: 'I have exam at 8.'
2026-09-16 01:02:59,849 INFO T-rec xyrus.recognizer: heard 'i have exam at 8' [command] (2.5 s of audio) free='i have exam at 8'
2026-09-16 01:02:59,850 INFO T-engine xyrus.engine: heard: i have exam at 8
2026-09-16 01:02:59,926 INFO T-engine xyrus.engine: info: listening again for Bangla
2026-09-16 01:02:59,991 INFO T-engine xyrus.engine: say: Sorry, I didn't catch that, sir.
2026-09-16 01:03:11,488 INFO T-rec xyrus.capture: capture: 0.4 s speech (vad 0.78 max) peak 0.05 floor 0.0020 ceil 0.0057 on_thr 0.0073 vad=silero
2026-09-16 01:03:11,893 INFO T-rec xyrus.hearing: whisper drop: 'You can do it in a few seconds.' lp=-1.48 reason=logprob (advisory) no_speech=0.47
2026-09-16 01:03:11,893 INFO T-rec xyrus.recognizer: Whisper wake check: rejected 'You can do it in a few seconds.' lp=-1.48 (not the name)
2026-09-16 01:03:16,738 INFO T-rec xyrus.capture: capture: 0.4 s speech (vad 0.71 max) peak 0.05 floor 0.0047 ceil 0.0120 on_thr 0.0181 vad=silero
2026-09-16 01:03:17,051 INFO T-rec xyrus.hearing: whisper drop: '.' lp=-1.50 reason=logprob (advisory) no_speech=0.51
2026-09-16 01:03:17,051 INFO T-rec xyrus.recognizer: Whisper wake check: rejected '.' lp=-1.50 (nothing)
2026-09-16 01:03:23,736 INFO T-rec xyrus.recognizer: clap pattern heard - switching the display
2026-09-16 01:03:23,839 INFO T-clap xyrus.app: clap: display off
2026-09-16 01:03:23,839 INFO T-engine xyrus.engine: info: clap: display off
2026-09-16 01:03:27,738 INFO T-rec xyrus.capture: capture: 0.2 s speech (vad 0.52 max) peak 0.05 floor 0.0021 ceil 0.0085 on_thr 0.0128 vad=silero
2026-09-16 01:03:28,014 INFO T-rec xyrus.hearing: whisper drop: 'Thank you.' lp=-1.08 reason=logprob (advisory) no_speech=0.49
2026-09-16 01:03:28,014 INFO T-rec xyrus.recognizer: Whisper wake check: rejected 'Thank you.' lp=-1.08 (not the name)
2026-09-16 01:03:32,736 INFO T-rec xyrus.recognizer: clap pattern heard - switching the display
2026-09-16 01:03:32,846 INFO T-clap xyrus.app: clap: display off
2026-09-16 01:03:32,846 INFO T-engine xyrus.engine: info: clap: display off
2026-09-16 01:03:39,238 INFO T-rec xyrus.capture: capture: 2.9 s speech (vad 0.77 max) peak 0.05 floor 0.0023 ceil 0.0475 on_thr 0.0713 vad=silero
2026-09-16 01:03:39,836 INFO T-rec xyrus.hearing: whisper drop: 'Open Chrome.' lp=-1.57 reason=logprob (advisory) no_speech=0.28
2026-09-16 01:03:39,836 INFO T-rec xyrus.recognizer: Whisper wake check: rejected 'Open Chrome.' lp=-1.57 (not the name)
2026-09-16 01:03:50,489 INFO T-rec xyrus.capture: capture: 0.7 s speech (vad 0.61 max) peak 0.08 floor 0.0027 ceil 0.0152 on_thr 0.0210 vad=silero
2026-09-16 01:03:50,738 INFO T-rec xyrus.hearing: whisper drop: "It's a human interaction now." lp=-0.95 reason=logprob (advisory) no_speech=0.40
2026-09-16 01:03:50,738 INFO T-rec xyrus.recognizer: Whisper wake check: rejected "It's a human interaction now." lp=-0.95 (not the name)
2026-09-16 01:03:53,239 INFO T-rec xyrus.capture: capture: 0.2 s speech (vad 0.54 max) peak 0.05 floor 0.0037 ceil 0.0121 on_thr 0.0181 vad=silero
2026-09-16 01:03:53,663 INFO T-rec xyrus.hearing: whisper drop: "I'm doing things at home." lp=-0.96 reason=logprob (advisory) no_speech=0.39
2026-09-16 01:03:53,663 INFO T-rec xyrus.recognizer: Whisper wake check: rejected "I'm doing things at home." lp=-0.96 (not the name)
2026-09-16 01:04:05,239 INFO T-rec xyrus.capture: capture: 0.4 s speech (vad 0.65 max) peak 0.05 floor 0.0033 ceil 0.0222 on_thr 0.0332 vad=silero
2026-09-16 01:04:05,794 INFO T-rec xyrus.hearing: whisper drop: "I'm going to play a song." lp=-1.13 reason=logprob (advisory) no_speech=0.20
2026-09-16 01:04:05,794 INFO T-rec xyrus.recognizer: Whisper wake check: rejected "I'm going to play a song." lp=-1.13 (not the name)
2026-09-16 01:04:15,989 INFO T-rec xyrus.capture: capture: 0.3 s speech (vad 0.52 max) peak 0.05 floor 0.0053 ceil 0.0096 on_thr 0.0147 vad=silero
2026-09-16 01:04:16,417 INFO T-rec xyrus.hearing: whisper drop: '.' lp=-1.51 reason=logprob (advisory) no_speech=0.54
2026-09-16 01:04:16,417 INFO T-rec xyrus.recognizer: Whisper wake check: rejected '.' lp=-1.51 (nothing)
2026-09-16 01:04:20,489 INFO T-rec xyrus.capture: capture: 0.3 s speech (vad 0.46 max) peak 0.06 floor 0.0022 ceil 0.0114 on_thr 0.0166 vad=silero
2026-09-16 01:04:21,027 INFO T-rec xyrus.hearing: whisper drop: "I'm going to play a song." lp=-1.15 reason=logprob (advisory) no_speech=0.55
2026-09-16 01:04:21,027 INFO T-rec xyrus.recognizer: Whisper wake check: rejected "I'm going to play a song." lp=-1.15 (not the name)
2026-09-16 01:04:43,240 INFO T-rec xyrus.capture: capture: 1.3 s speech (vad 0.52 max) peak 0.09 floor 0.0021 ceil 0.0079 on_thr 0.0118 vad=silero
2026-09-16 01:04:43,668 INFO T-rec xyrus.hearing: whisper drop: '. . . . .' lp=-1.11 reason=logprob (advisory) no_speech=0.52
2026-09-16 01:04:43,668 INFO T-rec xyrus.recognizer: Whisper wake check: rejected '. . . . .' lp=-1.11 (nothing)
2026-09-16 01:05:00,490 INFO T-rec xyrus.capture: capture: 1.6 s speech (vad 0.74 max) peak 0.06 floor 0.0047 ceil 0.0093 on_thr 0.0138 vad=silero
2026-09-16 01:05:00,959 INFO T-rec xyrus.recognizer: Whisper wake check: rejected 'Hey, we should get you two out there.' lp=-0.89 (not the name)
2026-09-16 01:05:04,490 INFO T-rec xyrus.capture: capture: 0.5 s speech (vad 0.58 max) peak 0.04 floor 0.0021 ceil 0.0025 on_thr 0.0042 vad=silero
2026-09-16 01:05:04,778 INFO T-rec xyrus.recognizer: Whisper wake check: rejected "Let's get right into it." lp=-0.66 (not the name)
2026-09-16 01:05:14,990 INFO T-rec xyrus.capture: capture: 0.4 s speech (vad 0.64 max) peak 0.06 floor 0.0051 ceil 0.0096 on_thr 0.0144 vad=silero
2026-09-16 01:05:15,399 INFO T-rec xyrus.recognizer: Whisper wake check: rejected 'What else? Do you guys have any other questions?' lp=-0.78 (not the name)
2026-09-16 01:05:21,240 INFO T-rec xyrus.capture: capture: 0.8 s speech (vad 0.56 max) peak 0.08 floor 0.0021 ceil 0.0052 on_thr 0.0077 vad=silero
2026-09-16 01:05:21,545 INFO T-rec xyrus.hearing: whisper drop: 'Open Chrome and play a song.' lp=-0.79 reason=prompt_echo
2026-09-16 01:05:21,546 INFO T-rec xyrus.recognizer: Whisper wake check: rejected '' lp=-0.79 (nothing)
2026-09-16 01:05:59,741 INFO T-rec xyrus.capture: capture: 0.3 s speech (vad 0.64 max) peak 0.03 floor 0.0030 ceil 0.0076 on_thr 0.0115 vad=silero
2026-09-16 01:06:00,296 INFO T-rec xyrus.hearing: whisper drop: 'Thank you.' lp=-1.08 reason=logprob (advisory) no_speech=0.34
2026-09-16 01:06:00,296 INFO T-rec xyrus.recognizer: Whisper wake check: rejected 'Thank you.' lp=-1.08 (not the name)
2026-09-16 01:06:06,991 INFO T-rec xyrus.capture: capture: 0.3 s speech (vad 0.83 max) peak 0.04 floor 0.0023 ceil 0.0037 on_thr 0.0064 vad=silero
2026-09-16 01:06:07,408 INFO T-rec xyrus.hearing: whisper drop: 'Okay?' lp=-1.50 reason=logprob (advisory) no_speech=0.28
2026-09-16 01:06:07,408 INFO T-rec xyrus.recognizer: Whisper wake check: rejected 'Okay?' lp=-1.50 (not the name)
2026-09-16 01:06:12,991 INFO T-rec xyrus.capture: capture: 0.9 s speech (vad 0.85 max) peak 0.03 floor 0.0020 ceil 0.0023 on_thr 0.0041 vad=silero
2026-09-16 01:06:13,278 INFO T-rec xyrus.hearing: whisper drop: 'Open Chrome and play a song.' lp=-0.69 reason=prompt_echo
2026-09-16 01:06:13,278 INFO T-rec xyrus.recognizer: Whisper wake check: rejected '' lp=-0.69 (nothing)
2026-09-16 01:06:22,491 INFO T-rec xyrus.capture: capture: 0.2 s speech (vad 0.57 max) peak 0.05 floor 0.0026 ceil 0.0073 on_thr 0.0095 vad=silero
2026-09-16 01:06:23,060 INFO T-rec xyrus.hearing: whisper drop: 'You guys have to...' lp=-1.13 reason=logprob (advisory) no_speech=0.38
2026-09-16 01:06:23,061 INFO T-rec xyrus.recognizer: Whisper wake check: rejected 'You guys have to...' lp=-1.13 (not the name)
2026-09-16 01:06:50,742 INFO T-rec xyrus.capture: capture: 1.7 s speech (vad 0.84 max) peak 0.07 floor 0.0024 ceil 0.0098 on_thr 0.0145 vad=silero
2026-09-16 01:06:51,242 INFO T-rec xyrus.hearing: whisper drop: '.' lp=-1.33 reason=logprob (advisory) no_speech=0.54
2026-09-16 01:06:51,242 INFO T-rec xyrus.recognizer: Whisper wake check: rejected '.' lp=-1.33 (nothing)
2026-09-16 01:07:02,992 INFO T-rec xyrus.capture: capture: 0.8 s speech (vad 0.59 max) peak 0.07 floor 0.0024 ceil 0.0078 on_thr 0.0117 vad=silero
2026-09-16 01:07:03,617 INFO T-rec xyrus.hearing: whisper drop: 'You can keep on listening to it.' lp=-1.24 reason=logprob (advisory) no_speech=0.32
2026-09-16 01:07:03,617 INFO T-rec xyrus.recognizer: Whisper wake check: rejected 'You can keep on listening to it.' lp=-1.24 (not the name)
2026-09-16 01:07:17,243 INFO T-rec xyrus.capture: capture: 0.2 s speech (vad 0.64 max) peak 0.04 floor 0.0020 ceil 0.0028 on_thr 0.0040 vad=silero
2026-09-16 01:07:17,635 INFO T-rec xyrus.hearing: whisper drop: 'Hey.' lp=-1.22 reason=logprob (advisory) no_speech=0.50
2026-09-16 01:07:17,635 INFO T-rec xyrus.recognizer: Whisper wake check: rejected 'Hey.' lp=-1.22 (not the name)
2026-09-16 01:07:25,743 INFO T-rec xyrus.capture: capture: 0.7 s speech (vad 0.63 max) peak 0.07 floor 0.0028 ceil 0.0118 on_thr 0.0177 vad=silero
2026-09-16 01:07:26,337 INFO T-rec xyrus.hearing: whisper drop: 'This is the best way to play.' lp=-1.29 reason=logprob (advisory) no_speech=0.22
2026-09-16 01:07:26,337 INFO T-rec xyrus.recognizer: Whisper wake check: rejected 'This is the best way to play.' lp=-1.29 (not the name)
2026-09-16 01:07:34,993 INFO T-rec xyrus.capture: capture: 0.4 s speech (vad 0.61 max) peak 0.08 floor 0.0022 ceil 0.0065 on_thr 0.0095 vad=silero
2026-09-16 01:07:35,328 INFO T-rec xyrus.recognizer: Whisper wake check: rejected 'Legend 9 positive.' lp=-0.81 (not the name)
2026-09-16 01:07:40,243 INFO T-rec xyrus.capture: capture: 0.2 s speech (vad 0.72 max) peak 0.06 floor 0.0022 ceil 0.0057 on_thr 0.0042 vad=silero
2026-09-16 01:07:40,576 INFO T-rec xyrus.recognizer: Whisper wake check: rejected "That's it." lp=-0.47 (not the name)
2026-09-16 01:07:48,493 INFO T-rec xyrus.capture: capture: 0.2 s speech (vad 0.39 max) peak 0.06 floor 0.0021 ceil 0.0129 on_thr 0.0194 vad=silero
2026-09-16 01:07:48,903 INFO T-rec xyrus.hearing: whisper drop: 'Thank you.' lp=-0.92 reason=logprob (advisory) no_speech=0.53
2026-09-16 01:07:48,903 INFO T-rec xyrus.recognizer: Whisper wake check: rejected 'Thank you.' lp=-0.92 (not the name)
2026-09-16 01:07:53,993 INFO T-rec xyrus.capture: capture: 0.2 s speech (vad 0.65 max) peak 0.07 floor 0.0028 ceil 0.0061 on_thr 0.0091 vad=silero
2026-09-16 01:07:54,508 INFO T-rec xyrus.hearing: whisper drop: 'And this will tell you.' lp=-1.26 reason=logprob (advisory) no_speech=0.50
2026-09-16 01:07:54,508 INFO T-rec xyrus.recognizer: Whisper wake check: rejected 'And this will tell you.' lp=-1.26 (not the name)
2026-09-16 01:08:05,993 INFO T-rec xyrus.capture: capture: 1.3 s speech (vad 0.94 max) peak 0.07 floor 0.0022 ceil 0.0051 on_thr 0.0076 vad=silero
2026-09-16 01:08:06,450 INFO T-rec xyrus.recognizer: Whisper wake check: rejected "That's it. I'm not going to start the challenge." lp=-0.59 (not the name)
2026-09-16 01:08:08,993 INFO T-rec xyrus.capture: capture: 0.6 s speech (vad 0.72 max) peak 0.07 floor 0.0022 ceil 0.0072 on_thr 0.0079 vad=silero
2026-09-16 01:08:09,308 INFO T-rec xyrus.recognizer: Whisper wake check: rejected "That's it. Let's start the third one." lp=-0.48 (not the name)
2026-09-16 01:08:13,994 INFO T-rec xyrus.capture: capture: 0.2 s speech (vad 0.65 max) peak 0.03 floor 0.0024 ceil 0.0047 on_thr 0.0068 vad=silero
2026-09-16 01:08:14,241 INFO T-rec xyrus.recognizer: Whisper wake check: rejected 'That was sequence.' lp=-0.59 (not the name)
2026-09-16 01:08:17,243 INFO T-rec xyrus.capture: capture: 0.3 s speech (vad 0.73 max) peak 0.05 floor 0.0022 ceil 0.0046 on_thr 0.0068 vad=silero
2026-09-16 01:08:17,462 INFO T-rec xyrus.recognizer: Whisper wake check: rejected 'It was clear.' lp=-0.87 (not the name)
2026-09-16 01:08:19,994 INFO T-rec xyrus.capture: capture: 0.3 s speech (vad 0.47 max) peak 0.05 floor 0.0022 ceil 0.0057 on_thr 0.0075 vad=silero
2026-09-16 01:08:20,305 INFO T-rec xyrus.hearing: whisper drop: '. . . . .' lp=-1.51 reason=logprob (advisory) no_speech=0.43
2026-09-16 01:08:20,305 INFO T-rec xyrus.recognizer: Whisper wake check: rejected '. . . . .' lp=-1.51 (nothing)
2026-09-16 01:08:28,494 INFO T-rec xyrus.capture: capture: 0.4 s speech (vad 0.82 max) peak 0.07 floor 0.0020 ceil 0.0034 on_thr 0.0050 vad=silero
2026-09-16 01:08:28,773 INFO T-rec xyrus.recognizer: Whisper wake check: rejected 'Yes, open.' lp=-0.67 (not the name)
2026-09-16 01:08:37,244 INFO T-rec xyrus.capture: capture: 0.6 s speech (vad 0.57 max) peak 0.05 floor 0.0020 ceil 0.0025 on_thr 0.0040 vad=silero
2026-09-16 01:08:37,585 INFO T-rec xyrus.recognizer: Whisper wake check: rejected 'You can select an iteration.' lp=-0.75 (not the name)
2026-09-16 01:08:46,994 INFO T-rec xyrus.capture: capture: 0.3 s speech (vad 0.60 max) peak 0.03 floor 0.0029 ceil 0.0050 on_thr 0.0074 vad=silero
2026-09-16 01:08:47,349 INFO T-rec xyrus.recognizer: Whisper wake check: rejected "That's it." lp=-0.68 (not the name)
2026-09-16 01:09:24,744 INFO T-rec xyrus.capture: capture: 0.9 s speech (vad 0.72 max) peak 0.10 floor 0.0020 ceil 0.0028 on_thr 0.0039 vad=silero
2026-09-16 01:09:25,257 INFO T-rec xyrus.hearing: whisper drop: '. . .' lp=-1.59 reason=logprob (advisory) no_speech=0.28
2026-09-16 01:09:25,258 INFO T-rec xyrus.recognizer: Whisper wake check: rejected '. . .' lp=-1.59 (nothing)
2026-09-16 01:09:35,995 INFO T-rec xyrus.capture: capture: 0.6 s speech (vad 0.80 max) peak 0.06 floor 0.0025 ceil 0.0055 on_thr 0.0097 vad=silero
2026-09-16 01:09:36,384 INFO T-rec xyrus.hearing: whisper drop: '.' lp=-1.15 reason=logprob (advisory) no_speech=0.52
2026-09-16 01:09:36,384 INFO T-rec xyrus.recognizer: Whisper wake check: rejected '.' lp=-1.15 (nothing)
2026-09-16 01:09:40,801 INFO T-rec xyrus.recognizer: Vosk wake 'zeros' (sound-alike, faint, name lost): the breath goes on - Whisper hears it whole at its end
2026-09-16 01:09:44,995 INFO T-rec xyrus.capture: capture: 1.9 s speech (vad 0.81 max) peak 0.10 floor 0.0026 ceil 0.0103 on_thr 0.0155 vad=silero
2026-09-16 01:09:45,463 INFO T-rec xyrus.hearing: whisper drop: 'In this way, the song will be played and the player will know that the scenario is present.' lp=-0.92 reason=logprob (advisory) no_speech=0.16
2026-09-16 01:09:45,463 INFO T-rec xyrus.recognizer: Whisper wake check: rejected 'In this way, the song will be played and the player will know that the scenario is present.' lp=-0.92 (not the name)
2026-09-16 01:09:49,495 INFO T-rec xyrus.capture: capture: 0.3 s speech (vad 0.76 max) peak 0.07 floor 0.0038 ceil 0.0114 on_thr 0.0171 vad=silero
2026-09-16 01:09:49,752 INFO T-rec xyrus.recognizer: Whisper wake check: rejected "That's it." lp=-0.87 (not the name)
2026-09-16 01:09:51,995 INFO T-rec xyrus.capture: capture: 0.2 s speech (vad 0.57 max) peak 0.03 floor 0.0026 ceil 0.0085 on_thr 0.0128 vad=silero
2026-09-16 01:09:52,219 INFO T-rec xyrus.recognizer: Whisper wake check: rejected 'Present good.' lp=-0.83 (not the name)
2026-09-16 01:09:53,995 INFO T-rec xyrus.capture: capture: 0.4 s speech (vad 0.60 max) peak 0.05 floor 0.0026 ceil 0.0085 on_thr 0.0128 vad=silero
2026-09-16 01:09:54,345 INFO T-rec xyrus.hearing: whisper drop: 'Thank you.' lp=-1.04 reason=logprob (advisory) no_speech=0.48
2026-09-16 01:09:54,346 INFO T-rec xyrus.recognizer: Whisper wake check: rejected 'Thank you.' lp=-1.04 (not the name)
2026-09-16 01:10:01,495 INFO T-rec xyrus.capture: capture: 2.7 s speech (vad 0.95 max) peak 0.07 floor 0.0025 ceil 0.0063 on_thr 0.0091 vad=silero
2026-09-16 01:10:02,072 INFO T-rec xyrus.hearing: whisper drop: 'It will give you additional digital technology with the MetaX.' lp=-1.10 reason=logprob (advisory) no_speech=0.38
2026-09-16 01:10:02,073 INFO T-rec xyrus.recognizer: Whisper wake check: rejected 'It will give you additional digital technology with the MetaX.' lp=-1.10 (not the name)
2026-09-16 01:10:04,245 INFO T-rec xyrus.capture: capture: 0.9 s speech (vad 0.80 max) peak 0.06 floor 0.0024 ceil 0.0051 on_thr 0.0073 vad=silero
2026-09-16 01:10:04,622 INFO T-rec xyrus.hearing: whisper drop: 'This is a hard legacy.' lp=-1.06 reason=logprob (advisory) no_speech=0.33
2026-09-16 01:10:04,622 INFO T-rec xyrus.recognizer: Whisper wake check: rejected 'This is a hard legacy.' lp=-1.06 (not the name)
2026-09-16 01:10:05,996 INFO T-rec xyrus.capture: capture: 0.2 s speech (vad 0.49 max) peak 0.07 floor 0.0024 ceil 0.0061 on_thr 0.0077 vad=silero
2026-09-16 01:10:06,212 INFO T-rec xyrus.recognizer: Whisper wake check: rejected 'Thank you.' lp=-0.74 (not the name)
2026-09-16 01:10:16,996 INFO T-rec xyrus.capture: capture: 0.3 s speech (vad 0.55 max) peak 0.11 floor 0.0025 ceil 0.0141 on_thr 0.0212 vad=silero
2026-09-16 01:10:17,454 INFO T-rec xyrus.hearing: whisper drop: 'We will do that.' lp=-1.32 reason=logprob (advisory) no_speech=0.49
2026-09-16 01:10:17,454 INFO T-rec xyrus.recognizer: Whisper wake check: rejected 'We will do that.' lp=-1.32 (not the name)
2026-09-16 01:10:20,496 INFO T-rec xyrus.capture: capture: 0.3 s speech (vad 0.67 max) peak 0.05 floor 0.0026 ceil 0.0082 on_thr 0.0124 vad=silero
2026-09-16 01:10:20,868 INFO T-rec xyrus.hearing: whisper drop: 'Windows navigation.' lp=-1.33 reason=logprob (advisory) no_speech=0.44
2026-09-16 01:10:20,868 INFO T-rec xyrus.recognizer: Whisper wake check: rejected 'Windows navigation.' lp=-1.33 (not the name)
2026-09-16 01:10:32,746 INFO T-rec xyrus.capture: capture: 0.5 s speech (vad 0.70 max) peak 0.08 floor 0.0021 ceil 0.0044 on_thr 0.0047 vad=silero
2026-09-16 01:10:33,395 INFO T-rec xyrus.hearing: whisper drop: "Now, let's see how our navigation works." lp=-1.11 reason=logprob (advisory) no_speech=0.18
2026-09-16 01:10:33,395 INFO T-rec xyrus.recognizer: Whisper wake check: rejected "Now, let's see how our navigation works." lp=-1.11 (not the name)
2026-09-16 01:10:39,496 INFO T-rec xyrus.capture: capture: 0.5 s speech (vad 0.69 max) peak 0.06 floor 0.0023 ceil 0.0032 on_thr 0.0046 vad=silero
2026-09-16 01:10:40,219 INFO T-rec xyrus.hearing: whisper drop: 'You can set the position as you would in an official engine car.' lp=-1.11 reason=logprob (advisory) no_speech=0.45
2026-09-16 01:10:40,219 INFO T-rec xyrus.recognizer: Whisper wake check: rejected 'You can set the position as you would in an official engine car.' lp=-1.11 (not the name)
2026-09-16 01:10:41,496 INFO T-rec xyrus.capture: capture: 0.2 s speech (vad 0.47 max) peak 0.06 floor 0.0025 ceil 0.0058 on_thr 0.0075 vad=silero
2026-09-16 01:10:41,717 INFO T-rec xyrus.recognizer: Whisper wake check: rejected "That's it." lp=-0.88 (not the name)
2026-09-16 01:10:43,996 INFO T-rec xyrus.capture: capture: 0.2 s speech (vad 0.43 max) peak 0.08 floor 0.0025 ceil 0.0066 on_thr 0.0087 vad=silero
2026-09-16 01:10:44,257 INFO T-rec xyrus.hearing: whisper drop: 'Is he on there?' lp=-0.96 reason=logprob (advisory) no_speech=0.39
2026-09-16 01:10:44,257 INFO T-rec xyrus.recognizer: Whisper wake check: rejected 'Is he on there?' lp=-0.96 (not the name)
2026-09-16 01:10:45,747 INFO T-rec xyrus.capture: capture: 0.2 s speech (vad 0.41 max) peak 0.05 floor 0.0025 ceil 0.0096 on_thr 0.0099 vad=silero
2026-09-16 01:10:46,019 INFO T-rec xyrus.hearing: whisper drop: 'Yeah.' lp=-1.06 reason=logprob (advisory) no_speech=0.45
2026-09-16 01:10:46,019 INFO T-rec xyrus.recognizer: Whisper wake check: rejected 'Yeah.' lp=-1.06 (not the name)
2026-09-16 01:10:49,996 INFO T-rec xyrus.capture: capture: 0.4 s speech (vad 0.61 max) peak 0.03 floor 0.0023 ceil 0.0036 on_thr 0.0052 vad=silero
2026-09-16 01:10:50,257 INFO T-rec xyrus.recognizer: Whisper wake check: rejected "We'll be right back." lp=-0.82 (not the name)
2026-09-16 01:10:54,243 INFO T-index xyrus.actions.apps: start menu index: 122 entries
2026-09-16 01:10:55,247 INFO T-rec xyrus.capture: capture: 0.7 s speech (vad 0.68 max) peak 0.05 floor 0.0023 ceil 0.0033 on_thr 0.0049 vad=silero
2026-09-16 01:10:55,706 INFO T-rec xyrus.hearing: whisper drop: "That's it." lp=-1.19 reason=logprob (advisory) no_speech=0.52
2026-09-16 01:10:55,707 INFO T-rec xyrus.recognizer: Whisper wake check: rejected "That's it." lp=-1.19 (not the name)
2026-09-16 01:10:57,247 INFO T-rec xyrus.capture: capture: 0.3 s speech (vad 0.59 max) peak 0.05 floor 0.0022 ceil 0.0096 on_thr 0.0073 vad=silero
2026-09-16 01:10:57,518 INFO T-rec xyrus.recognizer: Whisper wake check: rejected "I don't want to say my name." lp=-0.72 (not the name)
2026-09-16 01:11:09,497 INFO T-rec xyrus.capture: capture: 0.5 s speech (vad 0.64 max) peak 0.07 floor 0.0021 ceil 0.0053 on_thr 0.0077 vad=silero
2026-09-16 01:11:09,984 INFO T-rec xyrus.hearing: whisper drop: 'Open Chrome.' lp=-1.37 reason=logprob (advisory) no_speech=0.28
2026-09-16 01:11:09,984 INFO T-rec xyrus.recognizer: Whisper wake check: rejected 'Open Chrome.' lp=-1.37 (not the name)
2026-09-16 01:11:12,247 INFO T-rec xyrus.capture: capture: 0.2 s speech (vad 0.51 max) peak 0.04 floor 0.0028 ceil 0.0061 on_thr 0.0091 vad=silero
2026-09-16 01:11:12,537 INFO T-rec xyrus.recognizer: Whisper wake check: rejected 'Thank you so much.' lp=-0.87 (not the name)
2026-09-16 01:11:15,747 INFO T-rec xyrus.capture: capture: 0.3 s speech (vad 0.59 max) peak 0.07 floor 0.0025 ceil 0.0071 on_thr 0.0107 vad=silero
2026-09-16 01:11:16,058 INFO T-rec xyrus.recognizer: Whisper wake check: rejected "And record that it's open for the user." lp=-0.72 (not the name)
2026-09-16 01:11:17,497 INFO T-rec xyrus.capture: capture: 0.2 s speech (vad 0.45 max) peak 0.06 floor 0.0024 ceil 0.0072 on_thr 0.0107 vad=silero
2026-09-16 01:11:17,778 INFO T-rec xyrus.hearing: whisper drop: '.' lp=-1.46 reason=logprob (advisory) no_speech=0.49
2026-09-16 01:11:17,778 INFO T-rec xyrus.recognizer: Whisper wake check: rejected '.' lp=-1.46 (nothing)
2026-09-16 01:11:22,747 INFO T-rec xyrus.capture: capture: 0.3 s speech (vad 0.55 max) peak 0.03 floor 0.0021 ceil 0.0040 on_thr 0.0068 vad=silero
2026-09-16 01:11:23,061 INFO T-rec xyrus.hearing: whisper drop: 'Please hold.' lp=-1.35 reason=logprob (advisory) no_speech=0.46
2026-09-16 01:11:23,061 INFO T-rec xyrus.recognizer: Whisper wake check: rejected 'Please hold.' lp=-1.35 (not the name)
2026-09-16 01:11:31,497 INFO T-rec xyrus.capture: capture: 0.5 s speech (vad 0.71 max) peak 0.06 floor 0.0025 ceil 0.0064 on_thr 0.0109 vad=silero
2026-09-16 01:11:31,984 INFO T-rec xyrus.recognizer: Whisper wake check: rejected "That's the main thing. That's it." lp=-0.89 (not the name)
2026-09-16 01:11:52,248 INFO T-rec xyrus.capture: capture: 2.1 s speech (vad 0.79 max) peak 0.08 floor 0.0045 ceil 0.0071 on_thr 0.0105 vad=silero
2026-09-16 01:11:52,795 INFO T-rec xyrus.hearing: whisper drop: 'If you want to press the limit, menu A will click on it.' lp=-1.12 reason=logprob (advisory) no_speech=0.23
2026-09-16 01:11:52,795 INFO T-rec xyrus.recognizer: Whisper wake check: rejected 'If you want to press the limit, menu A will click on it.' lp=-1.12 (not the name)
2026-09-16 01:11:54,495 INFO T-rec xyrus.recognizer: recognizer stats: {'wake_checks': 64, 'wake_check_long': 0, 'wake_whisper': 1, 'whisper_retries': 0, 'captures': 2, 'capture_dropped': 0, 'wake_confirms': 1, 'wake_rejected': 0, 'wake_with_command': 0, 'playback_flushes': 0, 'bn_decodes': 0, 'arm_timeouts': 0, 'capture_dropped_by_reason': {}}
2026-09-16 01:11:59,748 INFO T-rec xyrus.capture: capture: 1.8 s speech (vad 0.74 max) peak 0.07 floor 0.0042 ceil 0.0063 on_thr 0.0091 vad=silero
2026-09-16 01:12:00,387 INFO T-rec xyrus.hearing: whisper drop: 'Find the information for it, and then we will let you know.' lp=-1.05 reason=logprob (advisory) no_speech=0.37
2026-09-16 01:12:00,387 INFO T-rec xyrus.recognizer: Whisper wake check: rejected 'Find the information for it, and then we will let you know.' lp=-1.05 (not the name)
2026-09-16 01:12:08,248 INFO T-rec xyrus.capture: capture: 1.1 s speech (vad 0.76 max) peak 0.03 floor 0.0045 ceil 0.0062 on_thr 0.0087 vad=silero
2026-09-16 01:12:08,609 INFO T-rec xyrus.hearing: whisper drop: 'Thank you.' lp=-1.07 reason=logprob (advisory) no_speech=0.43
2026-09-16 01:12:08,610 INFO T-rec xyrus.recognizer: Whisper wake check: rejected 'Thank you.' lp=-1.07 (not the name)
2026-09-16 01:12:10,748 INFO T-rec xyrus.capture: capture: 0.5 s speech (vad 0.63 max) peak 0.08 floor 0.0042 ceil 0.0064 on_thr 0.0093 vad=silero
2026-09-16 01:12:11,177 INFO T-rec xyrus.hearing: whisper drop: 'You should be able to answer.' lp=-1.03 reason=logprob (advisory) no_speech=0.44
2026-09-16 01:12:11,177 INFO T-rec xyrus.recognizer: Whisper wake check: rejected 'You should be able to answer.' lp=-1.03 (not the name)
2026-09-16 01:12:19,748 INFO T-rec xyrus.capture: capture: 6.0 s speech (vad 0.90 max) peak 0.07 floor 0.0046 ceil 0.0073 on_thr 0.0097 vad=silero
2026-09-16 01:12:21,998 INFO T-rec xyrus.capture: capture: 0.8 s speech (vad 0.76 max) peak 0.04 floor 0.0046 ceil 0.0073 on_thr 0.0109 vad=silero
2026-09-16 01:12:22,393 INFO T-rec xyrus.hearing: whisper drop: 'Open Chrome and play a song.' lp=-0.80 reason=prompt_echo
2026-09-16 01:12:22,393 INFO T-rec xyrus.recognizer: Whisper wake check: rejected '' lp=-0.80 (nothing)
2026-09-16 01:12:36,499 INFO T-rec xyrus.capture: capture: 7.1 s speech (vad 0.89 max) peak 0.13 floor 0.0021 ceil 0.0026 on_thr 0.0042 vad=silero
2026-09-16 01:12:45,498 INFO T-rec xyrus.capture: capture: 0.2 s speech (vad 0.64 max) peak 0.06 floor 0.0031 ceil 0.0102 on_thr 0.0153 vad=silero
2026-09-16 01:12:45,697 INFO T-rec xyrus.hearing: whisper drop: 'Second,' lp=-1.34 reason=logprob (advisory) no_speech=0.63
2026-09-16 01:12:45,697 INFO T-rec xyrus.recognizer: Whisper wake check: rejected 'Second,' lp=-1.34 (not the name)
2026-09-16 01:12:54,749 INFO T-rec xyrus.capture: capture: 0.4 s speech (vad 0.54 max) peak 0.04 floor 0.0024 ceil 0.0043 on_thr 0.0066 vad=silero
2026-09-16 01:12:55,183 INFO T-rec xyrus.hearing: whisper drop: "Let's play a song." lp=-0.96 reason=logprob (advisory) no_speech=0.47
2026-09-16 01:12:55,183 INFO T-rec xyrus.recognizer: Whisper wake check: rejected "Let's play a song." lp=-0.96 (not the name)
2026-09-16 01:13:08,249 INFO T-rec xyrus.capture: capture: 0.3 s speech (vad 0.51 max) peak 0.04 floor 0.0021 ceil 0.0073 on_thr 0.0110 vad=silero
2026-09-16 01:13:08,613 INFO T-rec xyrus.hearing: whisper drop: "Okay, let's start." lp=-0.92 reason=logprob (advisory) no_speech=0.53
2026-09-16 01:13:08,613 INFO T-rec xyrus.recognizer: Whisper wake check: rejected "Okay, let's start." lp=-0.92 (not the name)
2026-09-16 01:13:21,999 INFO T-rec xyrus.capture: capture: 3.9 s speech (vad 0.74 max) peak 0.12 floor 0.0024 ceil 0.0101 on_thr 0.0151 vad=silero
2026-09-16 01:13:39,000 INFO T-rec xyrus.capture: capture: 0.7 s speech (vad 0.68 max) peak 0.05 floor 0.0027 ceil 0.0091 on_thr 0.0138 vad=silero
2026-09-16 01:13:39,388 INFO T-rec xyrus.recognizer: Whisper wake check: rejected "If you don't know how to do it, click the link in the description." lp=-0.88 (not the name)
2026-09-16 01:13:56,500 INFO T-rec xyrus.capture: capture: 0.2 s speech (vad 0.51 max) peak 0.02 floor 0.0021 ceil 0.0034 on_thr 0.0048 vad=silero
2026-09-16 01:13:56,737 INFO T-rec xyrus.recognizer: Whisper wake check: rejected 'Please.' lp=-0.87 (not the name)
2026-09-16 01:14:04,500 INFO T-rec xyrus.capture: capture: 0.4 s speech (vad 0.68 max) peak 0.05 floor 0.0021 ceil 0.0075 on_thr 0.0090 vad=silero
2026-09-16 01:14:04,951 INFO T-rec xyrus.recognizer: Whisper wake check: rejected "He's taking a seat." lp=-0.56 (not the name)
2026-09-16 01:14:14,250 INFO T-rec xyrus.capture: capture: 0.4 s speech (vad 0.71 max) peak 0.04 floor 0.0024 ceil 0.0036 on_thr 0.0053 vad=silero
2026-09-16 01:14:14,601 INFO T-rec xyrus.recognizer: Whisper wake check: rejected "It's about to sing." lp=-0.67 (not the name)
2026-09-16 01:14:29,750 INFO T-rec xyrus.capture: capture: 1.7 s speech (vad 0.81 max) peak 0.06 floor 0.0022 ceil 0.0032 on_thr 0.0045 vad=silero
2026-09-16 01:14:30,495 INFO T-rec xyrus.hearing: whisper drop: 'If you want to listen to the song, click on the link in the description.' lp=-1.04 reason=logprob (advisory) no_speech=0.30
2026-09-16 01:14:30,495 INFO T-rec xyrus.recognizer: Whisper wake check: rejected 'If you want to listen to the song, click on the link in the description.' lp=-1.04 (not the name)
2026-09-16 01:14:38,250 INFO T-rec xyrus.capture: capture: 0.2 s speech (vad 0.67 max) peak 0.03 floor 0.0022 ceil 0.0050 on_thr 0.0070 vad=silero
2026-09-16 01:14:38,558 INFO T-rec xyrus.hearing: whisper drop: "It doesn't." lp=-0.97 reason=logprob (advisory) no_speech=0.52
2026-09-16 01:14:38,558 INFO T-rec xyrus.recognizer: Whisper wake check: rejected "It doesn't." lp=-0.97 (not the name)
2026-09-16 01:14:42,501 INFO T-rec xyrus.capture: capture: 0.2 s speech (vad 0.59 max) peak 0.03 floor 0.0030 ceil 0.0054 on_thr 0.0081 vad=silero
2026-09-16 01:14:42,764 INFO T-rec xyrus.hearing: whisper drop: 'Thank you.' lp=-0.92 reason=logprob (advisory) no_speech=0.50
2026-09-16 01:14:42,764 INFO T-rec xyrus.recognizer: Whisper wake check: rejected 'Thank you.' lp=-0.92 (not the name)
2026-09-16 01:14:47,501 INFO T-rec xyrus.capture: capture: 0.5 s speech (vad 0.47 max) peak 0.03 floor 0.0024 ceil 0.0037 on_thr 0.0084 vad=silero
2026-09-16 01:14:47,776 INFO T-rec xyrus.hearing: whisper drop: '. . . . .' lp=-1.48 reason=logprob (advisory) no_speech=0.62
2026-09-16 01:14:47,776 INFO T-rec xyrus.recognizer: Whisper wake check: rejected '. . . . .' lp=-1.48 (nothing)
2026-09-16 01:17:26,004 INFO T-rec xyrus.capture: capture: 0.8 s speech (vad 0.71 max) peak 0.02 floor 0.0020 ceil 0.0027 on_thr 0.0041 vad=silero
2026-09-16 01:17:26,347 INFO T-rec xyrus.recognizer: Whisper wake check: rejected 'Yeah!' lp=-0.68 (not the name)
2026-09-16 01:19:54,250 INFO T-index xyrus.actions.apps: start menu index: 122 entries
2026-09-16 01:21:54,506 INFO T-rec xyrus.recognizer: recognizer stats: {'wake_checks': 80, 'wake_check_long': 3, 'wake_whisper': 1, 'whisper_retries': 0, 'captures': 2, 'capture_dropped': 0, 'wake_confirms': 1, 'wake_rejected': 0, 'wake_with_command': 0, 'playback_flushes': 0, 'bn_decodes': 0, 'arm_timeouts': 0, 'capture_dropped_by_reason': {}}
2026-09-16 01:28:54,251 INFO T-index xyrus.actions.apps: start menu index: 122 entries
2026-09-16 01:31:52,020 INFO T-rec xyrus.capture: capture: 1.9 s speech (vad 0.75 max) peak 0.03 floor 0.0021 ceil 0.0027 on_thr 0.0043 vad=silero
2026-09-16 01:31:52,368 INFO T-rec xyrus.recognizer: Whisper wake check: rejected "I haven't got any videos for this tape to hang around." lp=-0.64 (not the name)
2026-09-16 01:31:54,517 INFO T-rec xyrus.recognizer: recognizer stats: {'wake_checks': 81, 'wake_check_long': 3, 'wake_whisper': 1, 'whisper_retries': 0, 'captures': 2, 'capture_dropped': 0, 'wake_confirms': 1, 'wake_rejected': 0, 'wake_with_command': 0, 'playback_flushes': 0, 'bn_decodes': 0, 'arm_timeouts': 0, 'capture_dropped_by_reason': {}}
2026-09-16 01:32:17,021 INFO T-rec xyrus.capture: capture: 0.7 s speech (vad 0.59 max) peak 0.02 floor 0.0022 ceil 0.0027 on_thr 0.0045 vad=silero
2026-09-16 01:32:17,416 INFO T-rec xyrus.hearing: whisper drop: 'Thank you.' lp=-0.97 reason=logprob (advisory) no_speech=0.61
2026-09-16 01:32:17,416 INFO T-rec xyrus.recognizer: Whisper wake check: rejected 'Thank you.' lp=-0.97 (not the name)
2026-09-16 01:32:21,521 INFO T-rec xyrus.capture: capture: 0.6 s speech (vad 0.69 max) peak 0.03 floor 0.0023 ceil 0.0037 on_thr 0.0056 vad=silero
2026-09-16 01:32:21,758 INFO T-rec xyrus.recognizer: Whisper wake check: rejected 'Beautiful.' lp=-0.53 (not the name)
2026-09-16 01:32:25,021 INFO T-rec xyrus.capture: capture: 0.2 s speech (vad 0.45 max) peak 0.01 floor 0.0026 ceil 0.0046 on_thr 0.0069 vad=silero
2026-09-16 01:32:25,308 INFO T-rec xyrus.hearing: whisper drop: 'Thank you.' lp=-1.03 reason=logprob (advisory) no_speech=0.55
2026-09-16 01:32:25,308 INFO T-rec xyrus.recognizer: Whisper wake check: rejected 'Thank you.' lp=-1.03 (not the name)
2026-09-16 01:33:31,022 INFO T-rec xyrus.capture: capture: 2.3 s speech (vad 0.82 max) peak 0.04 floor 0.0022 ceil 0.0041 on_thr 0.0050 vad=silero
2026-09-16 01:33:31,466 INFO T-rec xyrus.recognizer: Whisper wake check: rejected 'This is an example of a tape machine diagrammer.' lp=-0.66 (not the name)
2026-09-16 01:34:53,273 INFO T-rec xyrus.capture: capture: 4.7 s speech (vad 0.86 max) peak 0.06 floor 0.0023 ceil 0.0043 on_thr 0.0064 vad=silero
2026-09-16 01:34:58,023 INFO T-rec xyrus.capture: capture: 0.2 s speech (vad 0.41 max) peak 0.07 floor 0.0028 ceil 0.0087 on_thr 0.0121 vad=silero
2026-09-16 01:34:58,335 INFO T-rec xyrus.hearing: whisper drop: '.' lp=-1.05 reason=logprob (advisory) no_speech=0.56
2026-09-16 01:34:58,336 INFO T-rec xyrus.recognizer: Whisper wake check: rejected '.' lp=-1.05 (nothing)
2026-09-16 01:35:08,774 INFO T-rec xyrus.capture: capture: 0.4 s speech (vad 0.65 max) peak 0.05 floor 0.0036 ceil 0.0091 on_thr 0.0136 vad=silero
2026-09-16 01:35:09,051 INFO T-rec xyrus.hearing: whisper drop: 'Figures and changes.' lp=-0.91 reason=logprob (advisory) no_speech=0.23
2026-09-16 01:35:09,052 INFO T-rec xyrus.recognizer: Whisper wake check: rejected 'Figures and changes.' lp=-0.91 (not the name)
2026-09-16 01:35:10,523 INFO T-rec xyrus.capture: capture: 0.3 s speech (vad 0.60 max) peak 0.05 floor 0.0036 ceil 0.0091 on_thr 0.0136 vad=silero
2026-09-16 01:35:10,779 INFO T-rec xyrus.recognizer: Whisper wake check: rejected 'This is helpful for me.' lp=-0.52 (not the name)
2026-09-16 01:35:27,842 INFO T-rec xyrus.recognizer: Vosk wake 'cirrus' (sound-alike, faint, name lost): the breath goes on - Whisper hears it whole at its end
2026-09-16 01:35:29,813 INFO T-rec xyrus.recognizer: Vosk wake 'virus' (sound-alike, faint, name lost): the breath goes on - Whisper hears it whole at its end
2026-09-16 01:35:33,774 INFO T-rec xyrus.capture: capture: 12.0 s speech (vad 0.97 max) peak 0.06 floor 0.0025 ceil 0.0060 on_thr 0.0089 vad=silero
2026-09-16 01:35:37,838 INFO T-rec xyrus.recognizer: Whisper wake check: rejected 'First time to build it.' lp=-0.82 (not the name)
2026-09-16 01:35:37,840 INFO T-rec xyrus.recognizer: Vosk wake 'virus' (sound-alike, faint, name lost) not confirmed by Whisper: 'First time to build it.'
2026-09-16 01:35:40,024 INFO T-rec xyrus.capture: capture: 0.3 s speech (vad 0.51 max) peak 0.05 floor 0.0034 ceil 0.0092 on_thr 0.0138 vad=silero
2026-09-16 01:35:40,265 INFO T-rec xyrus.recognizer: Whisper wake check: rejected 'This process is...' lp=-0.88 (not the name)
2026-09-16 01:35:43,524 INFO T-rec xyrus.capture: capture: 0.4 s speech (vad 0.59 max) peak 0.05 floor 0.0038 ceil 0.0106 on_thr 0.0154 vad=silero
2026-09-16 01:35:43,816 INFO T-rec xyrus.recognizer: Whisper wake check: rejected 'What would be the stage?' lp=-0.82 (not the name)
2026-09-16 01:35:52,025 INFO T-rec xyrus.capture: capture: 1.9 s speech (vad 0.62 max) peak 0.05 floor 0.0028 ceil 0.0074 on_thr 0.0120 vad=silero
2026-09-16 01:35:52,433 INFO T-rec xyrus.recognizer: Whisper wake check: rejected 'Because the ATM is obviously idle and waiting.' lp=-0.44 (not the name)
2026-09-16 01:35:53,524 INFO T-rec xyrus.capture: capture: 0.2 s speech (vad 0.44 max) peak 0.05 floor 0.0028 ceil 0.0078 on_thr 0.0111 vad=silero
2026-09-16 01:35:53,855 INFO T-rec xyrus.hearing: whisper drop: 'Open Chrome and play a song.' lp=-0.58 reason=prompt_echo
2026-09-16 01:35:53,855 INFO T-rec xyrus.recognizer: Whisper wake check: rejected '' lp=-0.58 (nothing)
2026-09-16 01:36:00,066 INFO T-rec xyrus.recognizer: Vosk wake 'zeros' (sound-alike, faint, name lost): the breath goes on - Whisper hears it whole at its end
2026-09-16 01:36:05,025 INFO T-rec xyrus.capture: capture: 1.7 s speech (vad 0.71 max) peak 0.07 floor 0.0031 ceil 0.0091 on_thr 0.0137 vad=silero
2026-09-16 01:36:10,282 INFO T-rec xyrus.recognizer: Whisper wake check: rejected 'The ATM need to perform self-diagnostics and send information to the server.' lp=-0.46 (not the name)
2026-09-16 01:36:10,284 INFO T-rec xyrus.recognizer: Vosk wake 'cirrus' (sound-alike, faint, name lost) not confirmed by Whisper: 'The ATM need to perform self-diagnostics and send information to the server.'
2026-09-16 01:36:11,307 INFO T-rec xyrus.recognizer: Vosk wake 'cirrus' (sound-alike, faint, name lost): the breath goes on - Whisper hears it whole at its end
2026-09-16 01:36:15,524 INFO T-rec xyrus.capture: capture: 1.0 s speech (vad 0.72 max) peak 0.05 floor 0.0036 ceil 0.0112 on_thr 0.0135 vad=silero
2026-09-16 01:36:16,070 INFO T-rec xyrus.recognizer: Whisper wake check: rejected 'I am a technician working on fixing something meaning there should be some kind of meter.' lp=-0.66 (not the name)
2026-09-16 01:36:25,350 INFO T-rec xyrus.recognizer: Vosk wake 'cirrus' (sound-alike, faint, name lost): the breath goes on - Whisper hears it whole at its end
2026-09-16 01:36:26,025 INFO T-rec xyrus.capture: capture: 3.5 s speech (vad 0.83 max) peak 0.05 floor 0.0041 ceil 0.0122 on_thr 0.0184 vad=silero
2026-09-16 01:36:27,775 INFO T-rec xyrus.capture: capture: 0.6 s speech (vad 0.71 max) peak 0.03 floor 0.0044 ceil 0.0122 on_thr 0.0184 vad=silero
2026-09-16 01:36:28,235 INFO T-rec xyrus.recognizer: Whisper wake check: rejected 'A little steep and wait for it.' lp=-0.76 (not the name)
2026-09-16 01:37:38,826 INFO T-rec xyrus.recognizer: Vosk wake 'zeros' (sound-alike, faint, name lost): the breath goes on - Whisper hears it whole at its end
2026-09-16 01:37:46,777 INFO T-rec xyrus.capture: capture: 11.1 s speech (vad 0.97 max) peak 0.06 floor 0.0023 ceil 0.0035 on_thr 0.0049 vad=silero
2026-09-16 01:37:47,649 INFO T-rec xyrus.hearing: whisper drop: 'Now, at March of 2018, sign, work, and...' lp=-0.98 reason=logprob (advisory) no_speech=0.41
2026-09-16 01:37:47,650 INFO T-rec xyrus.recognizer: Whisper wake check: rejected 'Now, at March of 2018, sign, work, and...' lp=-0.98 (not the name)
2026-09-16 01:37:47,656 INFO T-rec xyrus.recognizer: Vosk wake '[unk] cyrus' (faint, name lost): Whisper wrote 'Now, at March of 2018, sign, work, and...' - the name was clear to Vosk, kept
2026-09-16 01:37:47,656 INFO T-rec xyrus.recognizer: heard '[unk] cyrus' [wake] (2.8 s of audio)
2026-09-16 01:37:47,657 INFO T-engine xyrus.engine: heard: [unk] cyrus
2026-09-16 01:37:47,657 INFO T-engine xyrus.engine: say: At your service, sir.
2026-09-16 01:37:54,254 INFO T-index xyrus.actions.apps: start menu index: 122 entries
2026-09-16 01:37:59,776 INFO T-rec xyrus.capture: capture: 0.6 s speech (vad 0.54 max) peak 0.05 floor 0.0023 ceil 0.0091 on_thr 0.0111 vad=silero
2026-09-16 01:38:00,299 INFO T-rec xyrus.recognizer: heard (command capture, en, 0.6 s of speech, peak 0.05, ended by silence) lp=-0.37 fb=0 vad=0.6s alts=4: 'What you can do here is to combine them into a song.'
2026-09-16 01:38:00,299 INFO T-rec xyrus.recognizer: heard 'what you can do here is to combine them into a song' [command] (3.1 s of audio) free='what you can do here is to combine them into a song'
2026-09-16 01:38:00,300 INFO T-engine xyrus.engine: heard: what you can do here is to combine them into a song
2026-09-16 01:38:00,304 INFO T-engine xyrus.engine: cmd: help
2026-09-16 01:38:00,304 INFO T-engine xyrus.engine: say: Here's everything I can do, sir.
2026-09-16 01:38:08,277 INFO T-rec xyrus.capture: capture: 0.2 s speech (vad 0.43 max) peak 0.02 floor 0.0024 ceil 0.0045 on_thr 0.0067 vad=silero
2026-09-16 01:38:08,759 INFO T-rec xyrus.hearing: whisper drop: 'Thank you.' lp=-1.00 reason=logprob (advisory) no_speech=0.59
2026-09-16 01:38:08,760 INFO T-rec xyrus.recognizer: Whisper wake check: rejected 'Thank you.' lp=-1.00 (not the name)
2026-09-16 01:41:38,031 INFO T-rec xyrus.capture: capture: 2.0 s speech (vad 0.86 max) peak 0.05 floor 0.0024 ceil 0.0036 on_thr 0.0049 vad=silero
2026-09-16 01:41:38,333 INFO T-rec xyrus.recognizer: Whisper wake check: rejected 'Single state, not too much, overplay.' lp=-0.86 (not the name)
2026-09-16 01:41:54,528 INFO T-rec xyrus.recognizer: recognizer stats: {'wake_checks': 99, 'wake_check_long': 8, 'wake_whisper': 1, 'whisper_retries': 0, 'captures': 3, 'capture_dropped': 0, 'wake_confirms': 4, 'wake_rejected': 2, 'wake_with_command': 0, 'playback_flushes': 0, 'bn_decodes': 0, 'arm_timeouts': 0, 'capture_dropped_by_reason': {}}
2026-09-16 01:41:58,076 INFO T-rec xyrus.recognizer: Vosk wake 'virus' (sound-alike, faint, name lost): the breath goes on - Whisper hears it whole at its end
2026-09-16 01:42:01,031 INFO T-rec xyrus.capture: capture: 2.7 s speech (vad 0.85 max) peak 0.03 floor 0.0027 ceil 0.0041 on_thr 0.0062 vad=silero
2026-09-16 01:42:01,443 INFO T-rec xyrus.recognizer: Whisper wake check: rejected 'The movie starts in the standby room.' lp=-0.49 (not the name)
2026-09-16 01:42:06,839 INFO T-rec xyrus.recognizer: Vosk wake 'cirrus' (sound-alike, faint, name lost): the breath goes on - Whisper hears it whole at its end
2026-09-16 01:42:11,347 INFO T-rec xyrus.recognizer: Vosk wake 'virus' (sound-alike, faint, name lost): the breath goes on - Whisper hears it whole at its end
2026-09-16 01:42:12,281 INFO T-rec xyrus.capture: capture: 6.7 s speech (vad 0.94 max) peak 0.03 floor 0.0024 ceil 0.0040 on_thr 0.0057 vad=silero
2026-09-16 01:43:03,032 INFO T-rec xyrus.capture: capture: 0.3 s speech (vad 0.53 max) peak 0.02 floor 0.0025 ceil 0.0044 on_thr 0.0067 vad=silero
2026-09-16 01:43:03,485 INFO T-rec xyrus.hearing: whisper drop: 'Thank you.' lp=-0.91 reason=logprob (advisory) no_speech=0.52
2026-09-16 01:43:03,485 INFO T-rec xyrus.recognizer: Whisper wake check: rejected 'Thank you.' lp=-0.91 (not the name)
2026-09-16 01:43:28,533 INFO T-rec xyrus.capture: capture: 0.7 s speech (vad 0.61 max) peak 0.02 floor 0.0023 ceil 0.0032 on_thr 0.0045 vad=silero
2026-09-16 01:43:28,878 INFO T-rec xyrus.recognizer: Whisper wake check: rejected "Please don't give up." lp=-0.82 (not the name)
2026-09-16 01:43:35,033 INFO T-rec xyrus.capture: capture: 0.3 s speech (vad 0.60 max) peak 0.02 floor 0.0023 ceil 0.0026 on_thr 0.0045 vad=silero
2026-09-16 01:43:35,333 INFO T-rec xyrus.hearing: whisper drop: 'Hello?' lp=-1.21 reason=logprob (advisory) no_speech=0.53
2026-09-16 01:43:35,333 INFO T-rec xyrus.recognizer: Whisper wake check: rejected 'Hello?' lp=-1.21 (not the name)
2026-09-16 01:45:38,786 INFO T-rec xyrus.capture: capture: 3.1 s speech (vad 0.93 max) peak 0.02 floor 0.0023 ceil 0.0036 on_thr 0.0054 vad=silero
2026-09-16 01:45:39,128 INFO T-rec xyrus.recognizer: Whisper wake check: rejected 'Designed a context variable based on the design of the level.' lp=-0.75 (not the name)
2026-09-16 01:45:43,035 INFO T-rec xyrus.capture: capture: 0.3 s speech (vad 0.58 max) peak 0.03 floor 0.0022 ceil 0.0032 on_thr 0.0052 vad=silero
2026-09-16 01:45:43,369 INFO T-rec xyrus.hearing: whisper drop: 'You never know.' lp=-1.32 reason=logprob (advisory) no_speech=0.57
2026-09-16 01:45:43,369 INFO T-rec xyrus.recognizer: Whisper wake check: rejected 'You never know.' lp=-1.32 (not the name)
2026-09-16 01:46:22,536 INFO T-rec xyrus.capture: capture: 1.2 s speech (vad 0.68 max) peak 0.03 floor 0.0022 ceil 0.0044 on_thr 0.0057 vad=silero
2026-09-16 01:46:22,841 INFO T-rec xyrus.recognizer: Whisper wake check: rejected "I'm just about to get there." lp=-0.84 (not the name)
2026-09-16 01:46:54,265 INFO T-index xyrus.actions.apps: start menu index: 122 entries
2026-09-16 01:51:07,792 INFO T-rec xyrus.capture: capture: 0.2 s speech (vad 0.64 max) peak 0.03 floor 0.0028 ceil 0.0045 on_thr 0.0067 vad=silero
2026-09-16 01:51:08,241 INFO T-rec xyrus.hearing: whisper drop: '.' lp=-1.27 reason=logprob (advisory) no_speech=0.35
2026-09-16 01:51:08,241 INFO T-rec xyrus.recognizer: Whisper wake check: rejected '.' lp=-1.27 (nothing)
2026-09-16 01:51:54,540 INFO T-rec xyrus.recognizer: recognizer stats: {'wake_checks': 107, 'wake_check_long': 9, 'wake_whisper': 1, 'whisper_retries': 0, 'captures': 3, 'capture_dropped': 0, 'wake_confirms': 4, 'wake_rejected': 2, 'wake_with_command': 0, 'playback_flushes': 0, 'bn_decodes': 0, 'arm_timeouts': 0, 'capture_dropped_by_reason': {}}
2026-09-16 01:52:46,543 INFO T-rec xyrus.capture: capture: 1.7 s speech (vad 0.77 max) peak 0.07 floor 0.0029 ceil 0.0041 on_thr 0.0059 vad=silero
2026-09-16 01:52:47,056 INFO T-rec xyrus.hearing: whisper drop: "I think it's kind of crazy to take a video like this." lp=-1.09 reason=logprob (advisory) no_speech=0.36
2026-09-16 01:52:47,056 INFO T-rec xyrus.recognizer: Whisper wake check: rejected "I think it's kind of crazy to take a video like this." lp=-1.09 (not the name)
2026-09-16 01:52:50,793 INFO T-rec xyrus.capture: capture: 0.8 s speech (vad 0.84 max) peak 0.03 floor 0.0023 ceil 0.0040 on_thr 0.0060 vad=silero
2026-09-16 01:52:51,181 INFO T-rec xyrus.hearing: whisper drop: 'If the user says that...' lp=-1.04 reason=logprob (advisory) no_speech=0.43
2026-09-16 01:52:51,181 INFO T-rec xyrus.recognizer: Whisper wake check: rejected 'If the user says that...' lp=-1.04 (not the name)
2026-09-16 01:52:58,294 INFO T-rec xyrus.capture: capture: 5.1 s speech (vad 0.89 max) peak 0.03 floor 0.0023 ceil 0.0041 on_thr 0.0061 vad=silero
2026-09-16 01:53:01,044 INFO T-rec xyrus.capture: capture: 0.8 s speech (vad 0.70 max) peak 0.02 floor 0.0025 ceil 0.0041 on_thr 0.0061 vad=silero
2026-09-16 01:53:01,424 INFO T-rec xyrus.recognizer: Whisper wake check: rejected 'Let us speak.' lp=-0.68 (not the name)
2026-09-16 01:55:54,272 INFO T-index xyrus.actions.apps: start menu index: 122 entries
2026-09-16 01:56:44,048 INFO T-rec xyrus.capture: capture: 0.4 s speech (vad 0.58 max) peak 0.19 floor 0.0024 ceil 0.0199 on_thr 0.0226 vad=silero
2026-09-16 01:56:44,314 INFO T-rec xyrus.recognizer: Whisper wake check: rejected 'Thank you so much.' lp=-0.74 (not the name)
2026-09-16 01:56:46,048 INFO T-rec xyrus.capture: capture: 0.2 s speech (vad 0.40 max) peak 0.19 floor 0.0042 ceil 0.0228 on_thr 0.0338 vad=silero
2026-09-16 01:56:46,421 INFO T-rec xyrus.hearing: whisper drop: 'You can do this in there.' lp=-1.20 reason=logprob (advisory) no_speech=0.45
2026-09-16 01:56:46,422 INFO T-rec xyrus.recognizer: Whisper wake check: rejected 'You can do this in there.' lp=-1.20 (not the name)
2026-09-16 01:58:15,050 INFO T-rec xyrus.capture: capture: 0.4 s speech (vad 0.61 max) peak 0.17 floor 0.0185 ceil 0.0377 on_thr 0.0562 vad=silero
2026-09-16 01:58:15,429 INFO T-rec xyrus.hearing: whisper drop: '.' lp=-1.26 reason=logprob (advisory) no_speech=0.63
2026-09-16 01:58:15,429 INFO T-rec xyrus.recognizer: Whisper wake check: rejected '.' lp=-1.26 (nothing)
2026-09-16 01:58:24,299 INFO T-rec xyrus.capture: capture: 1.2 s speech (vad 0.57 max) peak 0.18 floor 0.0026 ceil 0.0162 on_thr 0.0254 vad=silero
2026-09-16 01:58:24,739 INFO T-rec xyrus.recognizer: Whisper wake check: rejected "Also, I can't follow you for a minute." lp=-0.55 (not the name)
2026-09-16 01:58:48,550 INFO T-rec xyrus.capture: capture: 0.5 s speech (vad 0.64 max) peak 0.04 floor 0.0023 ceil 0.0032 on_thr 0.0050 vad=silero
2026-09-16 01:58:48,932 INFO T-rec xyrus.hearing: whisper drop: '.' lp=-0.98 reason=logprob (advisory) no_speech=0.56
2026-09-16 01:58:48,932 INFO T-rec xyrus.recognizer: Whisper wake check: rejected '.' lp=-0.98 (nothing)
2026-09-16 02:00:00,302 INFO T-rec xyrus.capture: capture: 0.3 s speech (vad 0.51 max) peak 0.01 floor 0.0022 ceil 0.0034 on_thr 0.0046 vad=silero
2026-09-16 02:00:00,545 INFO T-rec xyrus.hearing: whisper drop: 'Thank you.' lp=-0.94 reason=logprob (advisory) no_speech=0.60
2026-09-16 02:00:00,545 INFO T-rec xyrus.recognizer: Whisper wake check: rejected 'Thank you.' lp=-0.94 (not the name)
2026-09-16 02:01:22,803 INFO T-rec xyrus.capture: capture: 2.5 s speech (vad 0.81 max) peak 0.03 floor 0.0022 ceil 0.0026 on_thr 0.0044 vad=silero
2026-09-16 02:01:23,058 INFO T-rec xyrus.hearing: whisper drop: 'Hurry, hurry, hurry, hurry' lp=-0.83 reason=repeat
2026-09-16 02:01:23,058 INFO T-rec xyrus.recognizer: Whisper wake check: rejected '' lp=-0.83 (nothing)
2026-09-16 02:01:54,551 INFO T-rec xyrus.recognizer: recognizer stats: {'wake_checks': 117, 'wake_check_long': 10, 'wake_whisper': 1, 'whisper_retries': 0, 'captures': 3, 'capture_dropped': 0, 'wake_confirms': 4, 'wake_rejected': 2, 'wake_with_command': 0, 'playback_flushes': 0, 'bn_decodes': 0, 'arm_timeouts': 0, 'capture_dropped_by_reason': {}}
2026-09-16 02:03:11,555 INFO T-rec xyrus.capture: capture: 0.2 s speech (vad 0.63 max) peak 0.02 floor 0.0023 ceil 0.0026 on_thr 0.0045 vad=silero
2026-09-16 02:03:11,944 INFO T-rec xyrus.recognizer: Whisper wake check: rejected "That's how we do this." lp=-0.76 (not the name)
2026-09-16 02:03:14,055 INFO T-rec xyrus.capture: capture: 0.8 s speech (vad 0.60 max) peak 0.04 floor 0.0023 ceil 0.0027 on_thr 0.0045 vad=silero
2026-09-16 02:03:14,306 INFO T-rec xyrus.recognizer: Whisper wake check: rejected 'Diagram.' lp=-0.86 (not the name)
2026-09-16 02:03:34,305 INFO T-rec xyrus.capture: capture: 0.8 s speech (vad 0.51 max) peak 0.04 floor 0.0023 ceil 0.0069 on_thr 0.0104 vad=silero
2026-09-16 02:03:34,557 INFO T-rec xyrus.recognizer: Whisper wake check: rejected 'Minus two minutes of running away.' lp=-0.70 (not the name)
2026-09-16 02:04:54,289 INFO T-index xyrus.actions.apps: start menu index: 122 entries
2026-09-16 02:05:17,058 INFO T-rec xyrus.capture: capture: 0.6 s speech (vad 0.83 max) peak 0.07 floor 0.0023 ceil 0.0074 on_thr 0.0112 vad=silero
2026-09-16 02:05:17,533 INFO T-rec xyrus.hearing: whisper drop: 'University of...' lp=-1.40 reason=logprob (advisory) no_speech=0.44
2026-09-16 02:05:17,534 INFO T-rec xyrus.recognizer: Whisper wake check: rejected 'University of...' lp=-1.40 (not the name)
2026-09-16 02:05:20,808 INFO T-rec xyrus.capture: capture: 1.2 s speech (vad 0.58 max) peak 0.05 floor 0.0026 ceil 0.0080 on_thr 0.0120 vad=silero
2026-09-16 02:05:21,122 INFO T-rec xyrus.recognizer: Whisper wake check: rejected 'Analyze some syllables, we have...' lp=-0.55 (not the name)
2026-09-16 02:05:24,309 INFO T-rec xyrus.capture: capture: 0.3 s speech (vad 0.43 max) peak 0.07 floor 0.0048 ceil 0.0135 on_thr 0.0203 vad=silero
2026-09-16 02:05:24,585 INFO T-rec xyrus.recognizer: Whisper wake check: rejected 'So the name of the diet.' lp=-0.60 (not the name)
2026-09-16 02:05:50,558 INFO T-rec xyrus.capture: capture: 6.4 s speech (vad 0.92 max) peak 0.06 floor 0.0023 ceil 0.0028 on_thr 0.0046 vad=silero
2026-09-16 02:06:09,058 INFO T-rec xyrus.capture: capture: 0.2 s speech (vad 0.42 max) peak 0.03 floor 0.0027 ceil 0.0046 on_thr 0.0070 vad=silero
2026-09-16 02:06:09,457 INFO T-rec xyrus.hearing: whisper drop: '.' lp=-1.29 reason=logprob (advisory) no_speech=0.64
2026-09-16 02:06:09,457 INFO T-rec xyrus.recognizer: Whisper wake check: rejected '.' lp=-1.29 (nothing)
2026-09-16 02:06:11,558 INFO T-rec xyrus.capture: capture: 1.0 s speech (vad 0.74 max) peak 0.04 floor 0.0028 ceil 0.0056 on_thr 0.0074 vad=silero
2026-09-16 02:06:11,842 INFO T-rec xyrus.recognizer: Whisper wake check: rejected 'I can read that too, I guess.' lp=-0.35 (not the name)
2026-09-16 02:06:15,808 INFO T-rec xyrus.capture: capture: 1.5 s speech (vad 0.65 max) peak 0.02 floor 0.0027 ceil 0.0056 on_thr 0.0084 vad=silero
2026-09-16 02:06:16,101 INFO T-rec xyrus.recognizer: Whisper wake check: rejected 'This is a great fishing diagram.' lp=-0.73 (not the name)
2026-09-16 02:06:22,059 INFO T-rec xyrus.capture: capture: 2.5 s speech (vad 0.93 max) peak 0.04 floor 0.0023 ceil 0.0030 on_thr 0.0045 vad=silero
2026-09-16 02:06:22,449 INFO T-rec xyrus.recognizer: Whisper wake check: rejected 'State machine diagram and just create the program as I guess.' lp=-0.67 (not the name)
2026-09-16 02:06:47,309 INFO T-rec xyrus.capture: capture: 0.9 s speech (vad 0.61 max) peak 0.02 floor 0.0023 ceil 0.0040 on_thr 0.0051 vad=silero
2026-09-16 02:06:47,584 INFO T-rec xyrus.hearing: whisper drop: "Let's go." lp=-1.17 reason=logprob (advisory) no_speech=0.50
2026-09-16 02:06:47,585 INFO T-rec xyrus.recognizer: Whisper wake check: rejected "Let's go." lp=-1.17 (not the name)
2026-09-16 02:08:39,811 INFO T-rec xyrus.capture: capture: 1.0 s speech (vad 0.54 max) peak 0.02 floor 0.0022 ceil 0.0040 on_thr 0.0054 vad=silero
2026-09-16 02:08:40,357 INFO T-rec xyrus.hearing: whisper drop: 'It makes me happy.' lp=-1.43 reason=logprob (advisory) no_speech=0.45
2026-09-16 02:08:40,357 INFO T-rec xyrus.recognizer: Whisper wake check: rejected 'It makes me happy.' lp=-1.43 (not the name)
2026-09-16 02:09:01,061 INFO T-rec xyrus.capture: capture: 1.2 s speech (vad 0.79 max) peak 0.03 floor 0.0023 ceil 0.0041 on_thr 0.0053 vad=silero
2026-09-16 02:09:01,708 INFO T-rec xyrus.hearing: whisper drop: "I'm going to play a song." lp=-1.14 reason=logprob (advisory) no_speech=0.36
2026-09-16 02:09:01,708 INFO T-rec xyrus.recognizer: Whisper wake check: rejected "I'm going to play a song." lp=-1.14 (not the name)
2026-09-16 02:11:54,562 INFO T-rec xyrus.recognizer: recognizer stats: {'wake_checks': 130, 'wake_check_long': 11, 'wake_whisper': 1, 'whisper_retries': 0, 'captures': 3, 'capture_dropped': 0, 'wake_confirms': 4, 'wake_rejected': 2, 'wake_with_command': 0, 'playback_flushes': 0, 'bn_decodes': 0, 'arm_timeouts': 0, 'capture_dropped_by_reason': {}}
2026-09-16 02:12:48,066 INFO T-rec xyrus.capture: capture: 0.2 s speech (vad 0.53 max) peak 0.03 floor 0.0026 ceil 0.0041 on_thr 0.0060 vad=silero
2026-09-16 02:12:48,494 INFO T-rec xyrus.recognizer: Whisper wake check: rejected "That's it." lp=-0.48 (not the name)
2026-09-16 02:13:36,817 INFO T-rec xyrus.capture: capture: 2.7 s speech (vad 0.96 max) peak 0.06 floor 0.0024 ceil 0.0032 on_thr 0.0048 vad=silero
2026-09-16 02:13:37,352 INFO T-rec xyrus.hearing: whisper drop: "You know what time it is? I'll put the whole thing." lp=-0.97 reason=logprob (advisory) no_speech=0.24
2026-09-16 02:13:37,352 INFO T-rec xyrus.recognizer: Whisper wake check: rejected "You know what time it is? I'll put the whole thing." lp=-0.97 (not the name)
2026-09-16 02:13:40,317 INFO T-rec xyrus.capture: capture: 1.7 s speech (vad 0.87 max) peak 0.04 floor 0.0025 ceil 0.0034 on_thr 0.0050 vad=silero
2026-09-16 02:13:40,624 INFO T-rec xyrus.recognizer: Whisper wake check: rejected "I don't have to use the 18." lp=-0.75 (not the name)
2026-09-16 02:13:42,817 INFO T-rec xyrus.capture: capture: 1.0 s speech (vad 0.76 max) peak 0.02 floor 0.0025 ceil 0.0044 on_thr 0.0051 vad=silero
2026-09-16 02:13:43,109 INFO T-rec xyrus.recognizer: Whisper wake check: rejected 'We shall be in a minute.' lp=-0.81 (not the name)
2026-09-16 02:13:54,305 INFO T-index xyrus.actions.apps: start menu index: 122 entries
2026-09-16 02:16:45,070 INFO T-rec xyrus.capture: capture: 0.6 s speech (vad 0.72 max) peak 0.02 floor 0.0022 ceil 0.0024 on_thr 0.0045 vad=silero
2026-09-16 02:16:45,415 INFO T-rec xyrus.hearing: whisper drop: 'Thank you.' lp=-1.04 reason=logprob (advisory) no_speech=0.32
2026-09-16 02:16:45,415 INFO T-rec xyrus.recognizer: Whisper wake check: rejected 'Thank you.' lp=-1.04 (not the name)
2026-09-16 02:19:44,823 INFO T-rec xyrus.capture: capture: 2.0 s speech (vad 0.85 max) peak 0.02 floor 0.0023 ceil 0.0034 on_thr 0.0050 vad=silero
2026-09-16 02:19:45,409 INFO T-rec xyrus.recognizer: Whisper wake check: rejected "I'm doing something cool right here." lp=-0.86 (not the name)
2026-09-16 02:20:02,574 INFO T-rec xyrus.capture: capture: 0.5 s speech (vad 0.72 max) peak 0.01 floor 0.0023 ceil 0.0028 on_thr 0.0045 vad=silero
2026-09-16 02:20:02,911 INFO T-rec xyrus.recognizer: Whisper wake check: rejected 'Thank you.' lp=-0.90 (not the name)
2026-09-16 02:21:54,573 INFO T-rec xyrus.recognizer: recognizer stats: {'wake_checks': 137, 'wake_check_long': 11, 'wake_whisper': 1, 'whisper_retries': 0, 'captures': 3, 'capture_dropped': 0, 'wake_confirms': 4, 'wake_rejected': 2, 'wake_with_command': 0, 'playback_flushes': 0, 'bn_decodes': 0, 'arm_timeouts': 0, 'capture_dropped_by_reason': {}}
2026-09-16 02:22:54,320 INFO T-index xyrus.actions.apps: start menu index: 122 entries
2026-09-16 02:23:38,578 INFO T-rec xyrus.capture: capture: 1.5 s speech (vad 0.83 max) peak 0.08 floor 0.0028 ceil 0.0042 on_thr 0.0061 vad=silero
2026-09-16 02:23:38,975 INFO T-rec xyrus.hearing: whisper drop: "It's TV day today, fellas." lp=-0.91 reason=logprob (advisory) no_speech=0.27
2026-09-16 02:23:38,975 INFO T-rec xyrus.recognizer: Whisper wake check: rejected "It's TV day today, fellas." lp=-0.91 (not the name)
2026-09-16 02:24:56,329 INFO T-rec xyrus.capture: capture: 0.3 s speech (vad 0.69 max) peak 0.02 floor 0.0028 ceil 0.0034 on_thr 0.0057 vad=silero
2026-09-16 02:24:56,716 INFO T-rec xyrus.recognizer: Whisper wake check: rejected 'Easy.' lp=-0.78 (not the name)
2026-09-16 02:25:43,080 INFO T-rec xyrus.capture: capture: 0.4 s speech (vad 0.67 max) peak 0.02 floor 0.0031 ceil 0.0041 on_thr 0.0063 vad=silero
2026-09-16 02:25:43,566 INFO T-rec xyrus.recognizer: Whisper wake check: rejected 'Thank you.' lp=-0.70 (not the name)
2026-09-16 02:26:18,081 INFO T-rec xyrus.capture: capture: 2.0 s speech (vad 0.73 max) peak 0.02 floor 0.0025 ceil 0.0033 on_thr 0.0051 vad=silero
2026-09-16 02:26:18,335 INFO T-rec xyrus.recognizer: Whisper wake check: rejected 'Thank you.' lp=-0.80 (not the name)
2026-09-16 02:27:08,582 INFO T-rec xyrus.capture: capture: 1.5 s speech (vad 0.84 max) peak 0.02 floor 0.0023 ceil 0.0028 on_thr 0.0047 vad=silero
2026-09-16 02:27:09,087 INFO T-rec xyrus.hearing: whisper drop: 'Play a song.' lp=-1.23 reason=logprob (advisory) no_speech=0.44
2026-09-16 02:27:09,087 INFO T-rec xyrus.recognizer: Whisper wake check: rejected 'Play a song.' lp=-1.23 (not the name)
2026-09-16 02:27:16,332 INFO T-rec xyrus.capture: capture: 1.2 s speech (vad 0.80 max) peak 0.10 floor 0.0026 ceil 0.0045 on_thr 0.0057 vad=silero
2026-09-16 02:27:16,747 INFO T-rec xyrus.recognizer: Whisper wake check: rejected 'Take a listen.' lp=-0.62 (not the name)
2026-09-16 02:27:28,332 INFO T-rec xyrus.capture: capture: 1.1 s speech (vad 0.88 max) peak 0.02 floor 0.0021 ceil 0.0024 on_thr 0.0043 vad=silero
2026-09-16 02:27:28,741 INFO T-rec xyrus.recognizer: Whisper wake check: rejected 'How you been?' lp=-0.84 (not the name)
2026-09-16 02:27:35,582 INFO T-rec xyrus.capture: capture: 3.1 s speech (vad 0.72 max) peak 0.03 floor 0.0021 ceil 0.0031 on_thr 0.0043 vad=silero
2026-09-16 02:27:35,957 INFO T-rec xyrus.recognizer: Whisper wake check: rejected 'Thank you.' lp=-0.86 (not the name)
2026-09-16 02:31:54,339 INFO T-index xyrus.actions.apps: start menu index: 122 entries
2026-09-16 02:31:54,585 INFO T-rec xyrus.recognizer: recognizer stats: {'wake_checks': 145, 'wake_check_long': 11, 'wake_whisper': 1, 'whisper_retries': 0, 'captures': 3, 'capture_dropped': 0, 'wake_confirms': 4, 'wake_rejected': 2, 'wake_with_command': 0, 'playback_flushes': 0, 'bn_decodes': 0, 'arm_timeouts': 0, 'capture_dropped_by_reason': {}}
2026-09-16 02:40:54,337 INFO T-index xyrus.actions.apps: start menu index: 122 entries
2026-09-16 02:41:54,596 INFO T-rec xyrus.recognizer: recognizer stats: {'wake_checks': 145, 'wake_check_long': 11, 'wake_whisper': 1, 'whisper_retries': 0, 'captures': 3, 'capture_dropped': 0, 'wake_confirms': 4, 'wake_rejected': 2, 'wake_with_command': 0, 'playback_flushes': 0, 'bn_decodes': 0, 'arm_timeouts': 0, 'capture_dropped_by_reason': {}}
2026-09-16 02:49:54,350 INFO T-index xyrus.actions.apps: start menu index: 122 entries
2026-09-16 02:50:02,607 INFO T-rec xyrus.capture: capture: 0.9 s speech (vad 0.80 max) peak 0.02 floor 0.0023 ceil 0.0032 on_thr 0.0048 vad=silero
2026-09-16 02:50:02,964 INFO T-rec xyrus.recognizer: Whisper wake check: rejected 'Easy.' lp=-0.72 (not the name)
2026-09-16 02:50:10,858 INFO T-rec xyrus.capture: capture: 0.5 s speech (vad 0.67 max) peak 0.02 floor 0.0023 ceil 0.0042 on_thr 0.0053 vad=silero
2026-09-16 02:50:11,317 INFO T-rec xyrus.hearing: whisper drop: "It's easy." lp=-1.04 reason=logprob (advisory) no_speech=0.44
2026-09-16 02:50:11,317 INFO T-rec xyrus.recognizer: Whisper wake check: rejected "It's easy." lp=-1.04 (not the name)
2026-09-16 02:50:19,357 INFO T-rec xyrus.capture: capture: 1.1 s speech (vad 0.70 max) peak 0.02 floor 0.0024 ceil 0.0040 on_thr 0.0049 vad=silero
2026-09-16 02:50:19,656 INFO T-rec xyrus.recognizer: Whisper wake check: rejected "Why don't you listen?" lp=-0.66 (not the name)
2026-09-16 02:50:21,108 INFO T-rec xyrus.capture: capture: 0.3 s speech (vad 0.57 max) peak 0.02 floor 0.0025 ceil 0.0040 on_thr 0.0060 vad=silero
2026-09-16 02:50:21,311 INFO T-rec xyrus.recognizer: Whisper wake check: rejected 'Thank you.' lp=-0.70 (not the name)
2026-09-16 02:50:22,858 INFO T-rec xyrus.capture: capture: 0.2 s speech (vad 0.63 max) peak 0.03 floor 0.0024 ceil 0.0040 on_thr 0.0060 vad=silero
2026-09-16 02:50:23,069 INFO T-rec xyrus.recognizer: Whisper wake check: rejected "Let's go." lp=-0.82 (not the name)
2026-09-16 02:51:02,359 INFO T-rec xyrus.capture: capture: 1.3 s speech (vad 0.86 max) peak 0.09 floor 0.0034 ceil 0.0043 on_thr 0.0069 vad=silero
2026-09-16 02:51:02,611 INFO T-rec xyrus.recognizer: Whisper wake check: rejected 'Please come how I call.' lp=-0.72 (not the name)
2026-09-16 02:51:28,359 INFO T-rec xyrus.capture: capture: 0.6 s speech (vad 0.79 max) peak 0.08 floor 0.0041 ceil 0.0079 on_thr 0.0118 vad=silero
2026-09-16 02:51:28,641 INFO T-rec xyrus.recognizer: Whisper wake check: rejected "It's when they eat it." lp=-0.85 (not the name)
2026-09-16 02:51:44,859 INFO T-rec xyrus.capture: capture: 0.4 s speech (vad 0.62 max) peak 0.04 floor 0.0025 ceil 0.0030 on_thr 0.0049 vad=silero
2026-09-16 02:51:45,305 INFO T-rec xyrus.hearing: whisper drop: 'We live on it.' lp=-1.09 reason=logprob (advisory) no_speech=0.46
2026-09-16 02:51:45,305 INFO T-rec xyrus.recognizer: Whisper wake check: rejected 'We live on it.' lp=-1.09 (not the name)
2026-09-16 02:51:52,109 INFO T-rec xyrus.capture: capture: 0.3 s speech (vad 0.58 max) peak 0.02 floor 0.0024 ceil 0.0038 on_thr 0.0051 vad=silero
2026-09-16 02:51:52,436 INFO T-rec xyrus.hearing: whisper drop: 'Read.' lp=-0.94 reason=logprob (advisory) no_speech=0.47
2026-09-16 02:51:52,436 INFO T-rec xyrus.recognizer: Whisper wake check: rejected 'Read.' lp=-0.94 (not the name)
2026-09-16 02:51:54,607 INFO T-rec xyrus.recognizer: recognizer stats: {'wake_checks': 154, 'wake_check_long': 11, 'wake_whisper': 1, 'whisper_retries': 0, 'captures': 3, 'capture_dropped': 0, 'wake_confirms': 4, 'wake_rejected': 2, 'wake_with_command': 0, 'playback_flushes': 0, 'bn_decodes': 0, 'arm_timeouts': 0, 'capture_dropped_by_reason': {}}
2026-09-16 02:52:18,860 INFO T-rec xyrus.capture: capture: 0.7 s speech (vad 0.79 max) peak 0.58 floor 0.0052 ceil 0.0104 on_thr 0.0179 vad=silero
2026-09-16 02:52:19,073 INFO T-rec xyrus.recognizer: Whisper wake check: rejected 'Yeah.' lp=-0.77 (not the name)
2026-09-16 02:52:28,110 INFO T-rec xyrus.capture: capture: 0.6 s speech (vad 0.78 max) peak 0.04 floor 0.0030 ceil 0.0038 on_thr 0.0060 vad=silero
2026-09-16 02:52:28,394 INFO T-rec xyrus.recognizer: Whisper wake check: rejected 'Rolling, rolling.' lp=-0.54 (not the name)
2026-09-16 02:52:48,610 INFO T-rec xyrus.capture: capture: 7.4 s speech (vad 0.99 max) peak 0.49 floor 0.0028 ceil 0.0247 on_thr 0.0370 vad=silero
2026-09-16 02:52:56,361 INFO T-rec xyrus.capture: capture: 4.3 s speech (vad 0.92 max) peak 0.06 floor 0.0060 ceil 0.0151 on_thr 0.0226 vad=silero
2026-09-16 02:52:56,848 INFO T-rec xyrus.recognizer: Whisper wake check: rejected "On the mountains they're calling on the fire brigade" lp=-0.57 (not the name)
2026-09-16 02:53:05,611 INFO T-rec xyrus.capture: capture: 4.8 s speech (vad 0.89 max) peak 1.00 floor 0.0032 ceil 0.0061 on_thr 0.0091 vad=silero
2026-09-16 02:53:06,112 INFO T-rec xyrus.recognizer: Whisper wake check: rejected 'Play all the pictures and tell the kids how to play.' lp=-0.51 (not the name)
2026-09-16 02:53:15,611 INFO T-rec xyrus.capture: capture: 1.5 s speech (vad 0.60 max) peak 0.03 floor 0.0049 ceil 0.0081 on_thr 0.0128 vad=silero
2026-09-16 02:53:16,029 INFO T-rec xyrus.recognizer: Whisper wake check: rejected 'Remember me by today.' lp=-0.51 (not the name)
2026-09-16 02:53:18,611 INFO T-rec xyrus.capture: capture: 1.7 s speech (vad 0.85 max) peak 0.04 floor 0.0048 ceil 0.0078 on_thr 0.0117 vad=silero
2026-09-16 02:53:18,904 INFO T-rec xyrus.hearing: whisper drop: 'Oh.' lp=-1.27 reason=logprob (advisory) no_speech=0.54
2026-09-16 02:53:18,904 INFO T-rec xyrus.recognizer: Whisper wake check: rejected 'Oh.' lp=-1.27 (not the name)
2026-09-16 02:53:24,861 INFO T-rec xyrus.capture: capture: 4.3 s speech (vad 0.76 max) peak 0.06 floor 0.0041 ceil 0.0077 on_thr 0.0110 vad=silero
2026-09-16 02:53:25,194 INFO T-rec xyrus.hearing: whisper drop: "I'm gonna play a song." lp=-1.55 reason=logprob (advisory) no_speech=0.38
2026-09-16 02:53:25,195 INFO T-rec xyrus.recognizer: Whisper wake check: rejected "I'm gonna play a song." lp=-1.55 (not the name)
2026-09-16 02:53:29,361 INFO T-rec xyrus.capture: capture: 2.5 s speech (vad 0.84 max) peak 0.05 floor 0.0041 ceil 0.0077 on_thr 0.0116 vad=silero
2026-09-16 02:53:29,601 INFO T-rec xyrus.hearing: whisper drop: 'Thank you.' lp=-0.94 reason=logprob (advisory) no_speech=0.48
2026-09-16 02:53:29,601 INFO T-rec xyrus.recognizer: Whisper wake check: rejected 'Thank you.' lp=-0.94 (not the name)
2026-09-16 02:53:32,111 INFO T-rec xyrus.capture: capture: 1.4 s speech (vad 0.62 max) peak 0.05 floor 0.0041 ceil 0.0088 on_thr 0.0122 vad=silero
2026-09-16 02:53:32,429 INFO T-rec xyrus.hearing: whisper drop: '.' lp=-1.43 reason=logprob (advisory) no_speech=0.45
2026-09-16 02:53:32,429 INFO T-rec xyrus.recognizer: Whisper wake check: rejected '.' lp=-1.43 (nothing)
2026-09-16 02:53:40,611 INFO T-rec xyrus.capture: capture: 0.2 s speech (vad 0.41 max) peak 0.05 floor 0.0066 ceil 0.0111 on_thr 0.0166 vad=silero
2026-09-16 02:53:40,970 INFO T-rec xyrus.recognizer: Whisper wake check: rejected 'Thank you.' lp=-0.82 (not the name)
2026-09-16 02:53:48,861 INFO T-rec xyrus.capture: capture: 1.0 s speech (vad 0.71 max) peak 0.05 floor 0.0046 ceil 0.0078 on_thr 0.0124 vad=silero
2026-09-16 02:53:49,273 INFO T-rec xyrus.hearing: whisper drop: 'You can play a song.' lp=-1.50 reason=logprob (advisory) no_speech=0.44
2026-09-16 02:53:49,273 INFO T-rec xyrus.recognizer: Whisper wake check: rejected 'You can play a song.' lp=-1.50 (not the name)
2026-09-16 02:53:57,362 INFO T-rec xyrus.capture: capture: 0.2 s speech (vad 0.41 max) peak 0.07 floor 0.0078 ceil 0.0100 on_thr 0.0154 vad=silero
2026-09-16 02:53:57,633 INFO T-rec xyrus.hearing: whisper drop: '.' lp=-1.64 reason=logprob (advisory) no_speech=0.43
2026-09-16 02:53:57,633 INFO T-rec xyrus.recognizer: Whisper wake check: rejected '.' lp=-1.64 (nothing)
2026-09-16 02:54:20,862 INFO T-rec xyrus.capture: capture: 0.9 s speech (vad 0.94 max) peak 0.02 floor 0.0046 ceil 0.0085 on_thr 0.0127 vad=silero
2026-09-16 02:54:21,119 INFO T-rec xyrus.recognizer: Whisper wake check: rejected "Let's play a song." lp=-0.78 (not the name)
2026-09-16 02:54:23,612 INFO T-rec xyrus.capture: capture: 1.3 s speech (vad 0.87 max) peak 0.05 floor 0.0040 ceil 0.0069 on_thr 0.0113 vad=silero
2026-09-16 02:54:23,844 INFO T-rec xyrus.hearing: whisper drop: 'Thank you.' lp=-0.99 reason=logprob (advisory) no_speech=0.63
2026-09-16 02:54:23,844 INFO T-rec xyrus.recognizer: Whisper wake check: rejected 'Thank you.' lp=-0.99 (not the name)
2026-09-16 02:54:53,613 INFO T-rec xyrus.capture: capture: 22.7 s speech (vad 0.97 max) peak 0.06 floor 0.0039 ceil 0.0063 on_thr 0.0097 vad=silero
2026-09-16 02:54:58,363 INFO T-rec xyrus.capture: capture: 2.3 s speech (vad 0.92 max) peak 0.07 floor 0.0039 ceil 0.0063 on_thr 0.0094 vad=silero
2026-09-16 02:54:58,844 INFO T-rec xyrus.hearing: whisper drop: 'Thank you.' lp=-1.04 reason=logprob (advisory) no_speech=0.27
2026-09-16 02:54:58,844 INFO T-rec xyrus.recognizer: Whisper wake check: rejected 'Thank you.' lp=-1.04 (not the name)
2026-09-16 02:55:06,363 INFO T-rec xyrus.capture: capture: 5.9 s speech (vad 0.89 max) peak 0.05 floor 0.0039 ceil 0.0060 on_thr 0.0089 vad=silero
2026-09-16 02:55:16,113 INFO T-rec xyrus.capture: capture: 7.0 s speech (vad 0.96 max) peak 0.15 floor 0.0040 ceil 0.0062 on_thr 0.0090 vad=silero
2026-09-16 02:56:32,364 INFO T-rec xyrus.capture: capture: 0.2 s speech (vad 0.66 max) peak 0.50 floor 0.0507 ceil 0.0932 on_thr 0.1392 vad=silero
2026-09-16 02:56:32,793 INFO T-rec xyrus.recognizer: Whisper wake check: rejected "That's it." lp=-0.61 (not the name)
2026-09-16 02:57:06,865 INFO T-rec xyrus.capture: capture: 0.2 s speech (vad 0.52 max) peak 0.57 floor 0.0434 ceil 0.0976 on_thr 0.1261 vad=silero
2026-09-16 02:57:07,191 INFO T-rec xyrus.recognizer: Whisper wake check: rejected 'We late.' lp=-0.70 (not the name)
2026-09-16 02:58:50,867 INFO T-rec xyrus.capture: capture: 11.6 s speech (vad 0.91 max) peak 0.73 floor 0.0040 ceil 0.0201 on_thr 0.0333 vad=silero
2026-09-16 02:58:54,354 INFO T-index xyrus.actions.apps: start menu index: 122 entries
2026-09-16 02:59:00,867 INFO T-rec xyrus.capture: capture: 0.3 s speech (vad 0.55 max) peak 0.33 floor 0.0307 ceil 0.0567 on_thr 0.0851 vad=silero
2026-09-16 02:59:01,196 INFO T-rec xyrus.recognizer: Whisper wake check: rejected 'Ha ha ha.' lp=-0.68 (not the name)
2026-09-16 02:59:08,617 INFO T-rec xyrus.capture: capture: 1.2 s speech (vad 0.91 max) peak 0.41 floor 0.0372 ceil 0.0553 on_thr 0.0859 vad=silero
2026-09-16 02:59:09,025 INFO T-rec xyrus.recognizer: Whisper wake check: rejected 'Every mistake is a reason to respond.' lp=-0.64 (not the name)
2026-09-16 03:00:14,119 INFO T-rec xyrus.capture: capture: 9.0 s speech (vad 0.92 max) peak 0.16 floor 0.0071 ceil 0.0132 on_thr 0.0199 vad=silero
2026-09-16 03:00:28,119 INFO T-rec xyrus.capture: capture: 11.0 s speech (vad 0.79 max) peak 0.11 floor 0.0069 ceil 0.0106 on_thr 0.0188 vad=silero
2026-09-16 03:00:44,120 INFO T-rec xyrus.capture: capture: 1.5 s speech (vad 0.69 max) peak 0.06 floor 0.0084 ceil 0.0125 on_thr 0.0203 vad=silero
2026-09-16 03:00:44,450 INFO T-rec xyrus.recognizer: Whisper wake check: rejected 'And let it go.' lp=-0.69 (not the name)
2026-09-16 03:01:24,870 INFO T-rec xyrus.capture: capture: 11.0 s speech (vad 0.92 max) peak 0.40 floor 0.0058 ceil 0.0133 on_thr 0.0200 vad=silero
2026-09-16 03:01:42,370 INFO T-rec xyrus.capture: capture: 8.6 s speech (vad 0.93 max) peak 0.06 floor 0.0069 ceil 0.0093 on_thr 0.0139 vad=silero
2026-09-16 03:01:46,620 INFO T-rec xyrus.capture: capture: 2.2 s speech (vad 0.93 max) peak 0.07 floor 0.0062 ceil 0.0091 on_thr 0.0139 vad=silero
2026-09-16 03:01:46,880 INFO T-rec xyrus.recognizer: Whisper wake check: rejected 'There it is.' lp=-0.74 (not the name)
2026-09-16 03:01:51,370 INFO T-rec xyrus.capture: capture: 0.5 s speech (vad 0.62 max) peak 0.07 floor 0.0040 ceil 0.0052 on_thr 0.0079 vad=silero
2026-09-16 03:01:51,615 INFO T-rec xyrus.recognizer: Whisper wake check: rejected 'Thank you.' lp=-0.69 (not the name)
2026-09-16 03:01:54,618 INFO T-rec xyrus.recognizer: recognizer stats: {'wake_checks': 176, 'wake_check_long': 20, 'wake_whisper': 1, 'whisper_retries': 0, 'captures': 3, 'capture_dropped': 0, 'wake_confirms': 4, 'wake_rejected': 2, 'wake_with_command': 0, 'playback_flushes': 0, 'bn_decodes': 0, 'arm_timeouts': 0, 'capture_dropped_by_reason': {}}
2026-09-16 03:01:56,371 INFO T-rec xyrus.capture: capture: 1.4 s speech (vad 0.68 max) peak 0.05 floor 0.0054 ceil 0.0098 on_thr 0.0141 vad=silero
2026-09-16 03:01:56,635 INFO T-rec xyrus.hearing: whisper drop: 'Thank you.' lp=-0.94 reason=logprob (advisory) no_speech=0.50
2026-09-16 03:01:56,635 INFO T-rec xyrus.recognizer: Whisper wake check: rejected 'Thank you.' lp=-0.94 (not the name)
2026-09-16 03:02:01,371 INFO T-rec xyrus.capture: capture: 0.3 s speech (vad 0.49 max) peak 0.04 floor 0.0058 ceil 0.0101 on_thr 0.0152 vad=silero
2026-09-16 03:02:01,629 INFO T-rec xyrus.recognizer: Whisper wake check: rejected 'Here we go.' lp=-0.59 (not the name)
2026-09-16 03:02:34,871 INFO T-rec xyrus.capture: capture: 0.2 s speech (vad 0.61 max) peak 1.00 floor 0.1362 ceil 0.2764 on_thr 0.4146 vad=silero
2026-09-16 03:02:35,075 INFO T-rec xyrus.recognizer: Whisper wake check: rejected 'Thank you.' lp=-0.70 (not the name)
2026-09-16 03:07:35,877 INFO T-rec xyrus.capture: capture: 0.6 s speech (vad 0.78 max) peak 0.08 floor 0.0079 ceil 0.0142 on_thr 0.0204 vad=silero
2026-09-16 03:07:36,257 INFO T-rec xyrus.recognizer: Whisper wake check: rejected "I don't know what we're doing." lp=-0.73 (not the name)
2026-09-16 03:07:52,127 INFO T-rec xyrus.capture: capture: 0.2 s speech (vad 0.55 max) peak 0.08 floor 0.0055 ceil 0.0076 on_thr 0.0115 vad=silero
2026-09-16 03:07:52,497 INFO T-rec xyrus.hearing: whisper drop: '.' lp=-1.28 reason=logprob (advisory) no_speech=0.50
2026-09-16 03:07:52,497 INFO T-rec xyrus.recognizer: Whisper wake check: rejected '.' lp=-1.28 (nothing)
2026-09-16 03:07:54,360 INFO T-index xyrus.actions.apps: start menu index: 122 entries
2026-09-16 03:08:02,877 INFO T-rec xyrus.capture: capture: 0.4 s speech (vad 0.52 max) peak 0.04 floor 0.0056 ceil 0.0082 on_thr 0.0130 vad=silero
2026-09-16 03:08:03,238 INFO T-rec xyrus.recognizer: Whisper wake check: rejected 'Thank you.' lp=-0.78 (not the name)
2026-09-16 03:08:07,628 INFO T-rec xyrus.capture: capture: 1.0 s speech (vad 0.67 max) peak 0.05 floor 0.0059 ceil 0.0085 on_thr 0.0127 vad=silero
2026-09-16 03:08:07,954 INFO T-rec xyrus.hearing: whisper drop: 'No!' lp=-1.74 reason=logprob (advisory) no_speech=0.44
2026-09-16 03:08:07,954 INFO T-rec xyrus.recognizer: Whisper wake check: rejected 'No!' lp=-1.74 (not the name)
2026-09-16 03:08:27,878 INFO T-rec xyrus.capture: capture: 3.3 s speech (vad 0.72 max) peak 0.23 floor 0.0048 ceil 0.0102 on_thr 0.0153 vad=silero
2026-09-16 03:08:28,279 INFO T-rec xyrus.hearing: whisper drop: 'Thank you.' lp=-1.07 reason=logprob (advisory) no_speech=0.41
2026-09-16 03:08:28,279 INFO T-rec xyrus.recognizer: Whisper wake check: rejected 'Thank you.' lp=-1.07 (not the name)
2026-09-16 03:08:30,879 INFO T-rec xyrus.capture: capture: 0.9 s speech (vad 0.55 max) peak 0.04 floor 0.0048 ceil 0.0101 on_thr 0.0153 vad=silero
2026-09-16 03:08:31,120 INFO T-rec xyrus.hearing: whisper drop: 'Thank you.' lp=-0.95 reason=logprob (advisory) no_speech=0.54
2026-09-16 03:08:31,120 INFO T-rec xyrus.recognizer: Whisper wake check: rejected 'Thank you.' lp=-0.95 (not the name)
2026-09-16 03:08:41,628 INFO T-rec xyrus.capture: capture: 7.3 s speech (vad 0.70 max) peak 0.16 floor 0.0050 ceil 0.0107 on_thr 0.0160 vad=silero
2026-09-16 03:09:42,630 INFO T-rec xyrus.capture: capture: 0.4 s speech (vad 0.81 max) peak 0.09 floor 0.0037 ceil 0.0089 on_thr 0.0168 vad=silero
2026-09-16 03:09:43,067 INFO T-rec xyrus.hearing: whisper drop: 'Sweet.' lp=-1.06 reason=logprob (advisory) no_speech=0.52
2026-09-16 03:09:43,067 INFO T-rec xyrus.recognizer: Whisper wake check: rejected 'Sweet.' lp=-1.06 (not the name)
2026-09-16 03:09:56,628 INFO T-rec xyrus.recognizer: clap pattern heard - switching the display
2026-09-16 03:09:56,779 INFO T-clap xyrus.app: clap: display off
2026-09-16 03:09:56,779 INFO T-engine xyrus.engine: info: clap: display off
2026-09-16 03:10:05,630 INFO T-rec xyrus.capture: capture: 4.3 s speech (vad 0.97 max) peak 1.00 floor 0.0029 ceil 0.0937 on_thr 0.1405 vad=silero
2026-09-16 03:10:06,009 INFO T-rec xyrus.recognizer: Whisper wake check: rejected 'Bro, this is Triple Clapporgasa. Triple Clapporgasa.' lp=-0.74 (not the name)
2026-09-16 03:10:13,630 INFO T-rec xyrus.capture: capture: 4.1 s speech (vad 0.98 max) peak 0.22 floor 0.0029 ceil 0.0100 on_thr 0.0118 vad=silero
2026-09-16 03:10:14,191 INFO T-rec xyrus.recognizer: Whisper wake check: rejected 'My monitor bleeds a lot. It bleeds a lot. Fix this in the game.' lp=-0.54 (not the name)
2026-09-16 03:10:36,130 INFO T-rec xyrus.capture: capture: 0.4 s speech (vad 0.85 max) peak 0.05 floor 0.0027 ceil 0.0037 on_thr 0.0055 vad=silero
2026-09-16 03:10:36,439 INFO T-rec xyrus.recognizer: Whisper wake check: rejected 'Great book.' lp=-0.68 (not the name)
2026-09-16 03:10:38,630 INFO T-rec xyrus.capture: capture: 0.2 s speech (vad 0.83 max) peak 0.11 floor 0.0028 ceil 0.0055 on_thr 0.0070 vad=silero
2026-09-16 03:10:38,843 INFO T-rec xyrus.recognizer: Whisper wake check: rejected 'I am.' lp=-0.31 (not the name)
2026-09-16 03:10:41,630 INFO T-rec xyrus.capture: capture: 0.3 s speech (vad 0.49 max) peak 0.20 floor 0.0030 ceil 0.0055 on_thr 0.0081 vad=silero
2026-09-16 03:10:41,863 INFO T-rec xyrus.recognizer: Whisper wake check: rejected 'Ha ha!' lp=-0.88 (not the name)
2026-09-16 03:10:45,880 INFO T-rec xyrus.capture: capture: 0.7 s speech (vad 0.86 max) peak 0.02 floor 0.0028 ceil 0.0030 on_thr 0.0056 vad=silero
2026-09-16 03:10:46,104 INFO T-rec xyrus.recognizer: Whisper wake check: rejected 'Thank you.' lp=-0.74 (not the name)
2026-09-16 03:11:01,881 INFO T-rec xyrus.capture: capture: 2.7 s speech (vad 0.82 max) peak 0.07 floor 0.0033 ceil 0.0052 on_thr 0.0075 vad=silero
2026-09-16 03:11:02,335 INFO T-rec xyrus.hearing: whisper drop: '. . . .' lp=-1.64 reason=logprob (advisory) no_speech=0.54
2026-09-16 03:11:02,335 INFO T-rec xyrus.recognizer: Whisper wake check: rejected '. . . .' lp=-1.64 (nothing)
2026-09-16 03:11:04,881 INFO T-rec xyrus.capture: capture: 1.2 s speech (vad 0.77 max) peak 0.05 floor 0.0034 ceil 0.0050 on_thr 0.0075 vad=silero
2026-09-16 03:11:05,167 INFO T-rec xyrus.recognizer: Whisper wake check: rejected "Let's go see what's going on." lp=-0.86 (not the name)
2026-09-16 03:11:13,131 INFO T-rec xyrus.capture: capture: 1.6 s speech (vad 0.90 max) peak 0.07 floor 0.0041 ceil 0.0065 on_thr 0.0085 vad=silero
2026-09-16 03:11:13,700 INFO T-rec xyrus.hearing: whisper drop: "When I come back, I'll play a song." lp=-1.25 reason=logprob (advisory) no_speech=0.22
2026-09-16 03:11:13,700 INFO T-rec xyrus.recognizer: Whisper wake check: rejected "When I come back, I'll play a song." lp=-1.25 (not the name)
2026-09-16 03:11:15,131 INFO T-rec xyrus.capture: capture: 0.4 s speech (vad 0.51 max) peak 0.05 floor 0.0041 ceil 0.0068 on_thr 0.0102 vad=silero
2026-09-16 03:11:15,344 INFO T-rec xyrus.hearing: whisper drop: "That's it." lp=-1.12 reason=logprob (advisory) no_speech=0.66
2026-09-16 03:11:15,344 INFO T-rec xyrus.recognizer: Whisper wake check: rejected "That's it." lp=-1.12 (not the name)
2026-09-16 03:11:21,631 INFO T-rec xyrus.capture: capture: 1.7 s speech (vad 0.93 max) peak 0.70 floor 0.0032 ceil 0.0045 on_thr 0.0067 vad=silero
2026-09-16 03:11:21,995 INFO T-rec xyrus.hearing: whisper drop: '. . . . .' lp=-1.30 reason=logprob (advisory) no_speech=0.32
2026-09-16 03:11:21,996 INFO T-rec xyrus.recognizer: Whisper wake check: rejected '. . . . .' lp=-1.30 (nothing)
2026-09-16 03:11:35,382 INFO T-rec xyrus.capture: capture: 5.2 s speech (vad 0.97 max) peak 0.06 floor 0.0033 ceil 0.0051 on_thr 0.0077 vad=silero
2026-09-16 03:11:39,382 INFO T-rec xyrus.capture: capture: 0.5 s speech (vad 0.96 max) peak 0.09 floor 0.0037 ceil 0.0058 on_thr 0.0088 vad=silero
2026-09-16 03:11:39,649 INFO T-rec xyrus.recognizer: Whisper wake check: rejected 'Howdy.' lp=-0.65 (not the name)
2026-09-16 03:11:52,382 INFO T-rec xyrus.capture: capture: 7.1 s speech (vad 1.00 max) peak 1.00 floor 0.0037 ceil 0.0060 on_thr 0.0087 vad=silero
2026-09-16 03:11:54,629 INFO T-rec xyrus.recognizer: recognizer stats: {'wake_checks': 198, 'wake_check_long': 23, 'wake_whisper': 1, 'whisper_retries': 0, 'captures': 3, 'capture_dropped': 0, 'wake_confirms': 4, 'wake_rejected': 2, 'wake_with_command': 0, 'playback_flushes': 0, 'bn_decodes': 0, 'arm_timeouts': 0, 'capture_dropped_by_reason': {}}
2026-09-16 03:12:20,882 INFO T-rec xyrus.capture: capture: 18.6 s speech (vad 0.99 max) peak 0.20 floor 0.0034 ceil 0.0059 on_thr 0.0084 vad=silero
2026-09-16 03:12:32,632 INFO T-rec xyrus.capture: capture: 1.1 s speech (vad 0.96 max) peak 0.18 floor 0.0038 ceil 0.0061 on_thr 0.0091 vad=silero
2026-09-16 03:12:33,000 INFO T-rec xyrus.recognizer: Whisper wake check: rejected 'Wow.' lp=-0.82 (not the name)
2026-09-16 03:12:45,133 INFO T-rec xyrus.capture: capture: 8.8 s speech (vad 1.00 max) peak 0.08 floor 0.0039 ceil 0.0061 on_thr 0.0091 vad=silero
2026-09-16 03:12:55,384 INFO T-rec xyrus.capture: capture: 3.5 s speech (vad 0.86 max) peak 0.03 floor 0.0031 ceil 0.0046 on_thr 0.0067 vad=silero
2026-09-16 03:12:55,632 INFO T-rec xyrus.hearing: whisper drop: 'Well then.' lp=-0.96 reason=logprob (advisory) no_speech=0.33
2026-09-16 03:12:55,632 INFO T-rec xyrus.recognizer: Whisper wake check: rejected 'Well then.' lp=-0.96 (not the name)
2026-09-16 03:12:58,383 INFO T-rec xyrus.capture: capture: 0.4 s speech (vad 0.91 max) peak 0.04 floor 0.0030 ceil 0.0041 on_thr 0.0061 vad=silero
2026-09-16 03:12:58,641 INFO T-rec xyrus.recognizer: Whisper wake check: rejected 'Thank you.' lp=-0.86 (not the name)
2026-09-16 03:13:02,133 INFO T-rec xyrus.capture: capture: 0.7 s speech (vad 0.51 max) peak 0.19 floor 0.0030 ceil 0.0039 on_thr 0.0061 vad=silero
2026-09-16 03:13:02,387 INFO T-rec xyrus.recognizer: Whisper wake check: rejected 'Thank you.' lp=-0.87 (not the name)
2026-09-16 03:13:17,633 INFO T-rec xyrus.capture: capture: 0.5 s speech (vad 0.48 max) peak 0.02 floor 0.0032 ceil 0.0043 on_thr 0.0067 vad=silero
2026-09-16 03:13:18,000 INFO T-rec xyrus.hearing: whisper drop: 'Thank you.' lp=-0.91 reason=logprob (advisory) no_speech=0.51
2026-09-16 03:13:18,000 INFO T-rec xyrus.recognizer: Whisper wake check: rejected 'Thank you.' lp=-0.91 (not the name)
2026-09-16 03:16:54,374 INFO T-index xyrus.actions.apps: start menu index: 122 entries
2026-09-16 03:18:32,390 INFO T-rec xyrus.capture: capture: 0.4 s speech (vad 0.80 max) peak 1.00 floor 0.0253 ceil 0.0952 on_thr 0.1691 vad=silero
2026-09-16 03:18:32,652 INFO T-rec xyrus.recognizer: Whisper wake check: rejected 'Speed.' lp=-0.24 (not the name)
2026-09-16 03:20:32,642 INFO T-rec xyrus.capture: capture: 0.6 s speech (vad 0.74 max) peak 0.51 floor 0.0392 ceil 0.0689 on_thr 0.1033 vad=silero
2026-09-16 03:20:33,200 INFO T-rec xyrus.hearing: whisper drop: 'We got to breathe.' lp=-1.00 reason=logprob (advisory) no_speech=0.46
2026-09-16 03:20:33,200 INFO T-rec xyrus.recognizer: Whisper wake check: rejected 'We got to breathe.' lp=-1.00 (not the name)
2026-09-16 03:21:54,640 INFO T-rec xyrus.recognizer: recognizer stats: {'wake_checks': 205, 'wake_check_long': 25, 'wake_whisper': 1, 'whisper_retries': 0, 'captures': 3, 'capture_dropped': 0, 'wake_confirms': 4, 'wake_rejected': 2, 'wake_with_command': 0, 'playback_flushes': 0, 'bn_decodes': 0, 'arm_timeouts': 0, 'capture_dropped_by_reason': {}}
2026-09-16 03:25:52,148 INFO T-rec xyrus.capture: capture: 5.7 s speech (vad 0.77 max) peak 0.06 floor 0.0047 ceil 0.0132 on_thr 0.0218 vad=silero
2026-09-16 03:25:54,386 INFO T-index xyrus.actions.apps: start menu index: 122 entries
2026-09-16 03:25:59,148 INFO T-rec xyrus.capture: capture: 0.3 s speech (vad 0.47 max) peak 0.05 floor 0.0040 ceil 0.0097 on_thr 0.0146 vad=silero
2026-09-16 03:25:59,584 INFO T-rec xyrus.hearing: whisper drop: 'Please stand.' lp=-1.20 reason=logprob (advisory) no_speech=0.49
2026-09-16 03:25:59,584 INFO T-rec xyrus.recognizer: Whisper wake check: rejected 'Please stand.' lp=-1.20 (not the name)
2026-09-16 03:26:14,398 INFO T-rec xyrus.capture: capture: 3.8 s speech (vad 0.88 max) peak 0.07 floor 0.0035 ceil 0.0081 on_thr 0.0118 vad=silero
2026-09-16 03:26:15,051 INFO T-rec xyrus.recognizer: Whisper wake check: rejected 'We should, we should make sure we leave the body of the lion man.' lp=-0.59 (not the name)
2026-09-16 03:26:30,398 INFO T-rec xyrus.capture: capture: 1.2 s speech (vad 0.57 max) peak 0.02 floor 0.0042 ceil 0.0139 on_thr 0.0208 vad=silero
2026-09-16 03:26:30,810 INFO T-rec xyrus.recognizer: Whisper wake check: rejected 'Thank you.' lp=-0.74 (not the name)
2026-09-16 03:27:16,649 INFO T-rec xyrus.capture: capture: 0.9 s speech (vad 0.62 max) peak 0.05 floor 0.0045 ceil 0.0143 on_thr 0.0214 vad=silero
2026-09-16 03:27:17,065 INFO T-rec xyrus.recognizer: Whisper wake check: rejected 'All right.' lp=-0.68 (not the name)
2026-09-16 03:27:45,900 INFO T-rec xyrus.capture: capture: 0.3 s speech (vad 0.49 max) peak 0.07 floor 0.0043 ceil 0.0117 on_thr 0.0175 vad=silero
2026-09-16 03:27:46,293 INFO T-rec xyrus.recognizer: Whisper wake check: rejected 'Hand, hand, hand.' lp=-0.32 (not the name)
2026-09-16 03:27:51,900 INFO T-rec xyrus.capture: capture: 4.3 s speech (vad 0.91 max) peak 0.14 floor 0.0044 ceil 0.0117 on_thr 0.0175 vad=silero
2026-09-16 03:27:52,557 INFO T-rec xyrus.hearing: whisper drop: "I'm going to play a song." lp=-1.28 reason=logprob (advisory) no_speech=0.52
2026-09-16 03:27:52,557 INFO T-rec xyrus.recognizer: Whisper wake check: rejected "I'm going to play a song." lp=-1.28 (not the name)
2026-09-16 03:27:58,648 INFO T-rec xyrus.recognizer: clap pattern heard - switching the display
2026-09-16 03:27:58,660 INFO T-clap xyrus.app: clap: display off
2026-09-16 03:27:58,660 INFO T-engine xyrus.engine: info: clap: display off
2026-09-16 03:29:09,401 INFO T-rec xyrus.capture: capture: 0.5 s speech (vad 0.61 max) peak 0.03 floor 0.0035 ceil 0.0048 on_thr 0.0071 vad=silero
2026-09-16 03:29:09,856 INFO T-rec xyrus.hearing: whisper drop: 'Oh, I need the RA.' lp=-0.92 reason=logprob (advisory) no_speech=0.39
2026-09-16 03:29:09,856 INFO T-rec xyrus.recognizer: Whisper wake check: rejected 'Oh, I need the RA.' lp=-0.92 (not the name)
2026-09-16 03:29:11,151 INFO T-rec xyrus.capture: capture: 0.2 s speech (vad 0.53 max) peak 0.05 floor 0.0035 ceil 0.0058 on_thr 0.0081 vad=silero
2026-09-16 03:29:11,354 INFO T-rec xyrus.recognizer: Whisper wake check: rejected 'Thank you.' lp=-0.73 (not the name)
2026-09-16 03:29:17,652 INFO T-rec xyrus.capture: capture: 4.2 s speech (vad 0.85 max) peak 0.07 floor 0.0035 ceil 0.0128 on_thr 0.0099 vad=silero
2026-09-16 03:29:18,095 INFO T-rec xyrus.hearing: whisper drop: "I'm sure." lp=-1.21 reason=logprob (advisory) no_speech=0.39
2026-09-16 03:29:18,095 INFO T-rec xyrus.recognizer: Whisper wake check: rejected "I'm sure." lp=-1.21 (not the name)
2026-09-16 03:31:07,154 INFO T-rec xyrus.capture: capture: 0.4 s speech (vad 0.55 max) peak 0.04 floor 0.0038 ceil 0.0071 on_thr 0.0109 vad=silero
2026-09-16 03:31:07,526 INFO T-rec xyrus.recognizer: Whisper wake check: rejected 'Play with me now.' lp=-0.83 (not the name)
2026-09-16 03:31:54,652 INFO T-rec xyrus.recognizer: recognizer stats: {'wake_checks': 215, 'wake_check_long': 26, 'wake_whisper': 1, 'whisper_retries': 0, 'captures': 3, 'capture_dropped': 0, 'wake_confirms': 4, 'wake_rejected': 2, 'wake_with_command': 0, 'playback_flushes': 0, 'bn_decodes': 0, 'arm_timeouts': 0, 'capture_dropped_by_reason': {}}
2026-09-16 03:33:30,406 INFO T-rec xyrus.capture: capture: 1.0 s speech (vad 0.86 max) peak 0.05 floor 0.0042 ceil 0.0083 on_thr 0.0124 vad=silero
2026-09-16 03:33:30,864 INFO T-rec xyrus.recognizer: Whisper wake check: rejected 'Al-Fatiha.' lp=-0.89 (not the name)
2026-09-16 03:33:35,906 INFO T-rec xyrus.capture: capture: 0.3 s speech (vad 0.58 max) peak 0.04 floor 0.0044 ceil 0.0072 on_thr 0.0101 vad=silero
2026-09-16 03:33:36,133 INFO T-rec xyrus.recognizer: Whisper wake check: rejected 'One minute.' lp=-0.86 (not the name)
2026-09-16 03:33:49,906 INFO T-rec xyrus.capture: capture: 0.7 s speech (vad 0.69 max) peak 0.04 floor 0.0029 ceil 0.0046 on_thr 0.0067 vad=silero
2026-09-16 03:33:50,338 INFO T-rec xyrus.hearing: whisper drop: 'Thank you.' lp=-1.03 reason=logprob (advisory) no_speech=0.38
2026-09-16 03:33:50,338 INFO T-rec xyrus.recognizer: Whisper wake check: rejected 'Thank you.' lp=-1.03 (not the name)
2026-09-16 03:34:49,158 INFO T-rec xyrus.capture: capture: 1.4 s speech (vad 0.90 max) peak 0.01 floor 0.0006 ceil 0.0014 on_thr 0.0019 vad=silero
2026-09-16 03:34:49,670 INFO T-rec xyrus.hearing: whisper drop: "It's getting a little hot." lp=-1.14 reason=logprob (advisory) no_speech=0.50
2026-09-16 03:34:49,670 INFO T-rec xyrus.recognizer: Whisper wake check: rejected "It's getting a little hot." lp=-1.14 (not the name)
2026-09-16 03:34:54,394 INFO T-index xyrus.actions.apps: start menu index: 122 entries
2026-09-16 03:34:54,993 INFO T-rec xyrus.recognizer: Vosk wake 'cyrus' (sound-alike, faint): the breath goes on - Whisper hears it whole at its end
2026-09-16 03:34:55,158 INFO T-rec xyrus.capture: capture: 0.4 s speech (vad 0.75 max) peak 0.08 floor 0.0006 ceil 0.0018 on_thr 0.0025 vad=silero
2026-09-16 03:34:55,378 INFO T-rec xyrus.recognizer: Whisper wake check: rejected 'Sayos.' lp=-0.59 (not the name)
2026-09-16 03:34:59,503 INFO T-rec xyrus.recognizer: heard 'cyrus' [command, wake re-decode] (4.2 s of audio)
2026-09-16 03:34:59,504 INFO T-engine xyrus.engine: heard: cyrus
2026-09-16 03:34:59,504 INFO T-engine xyrus.engine: say: Yes, sir?
2026-09-16 03:35:03,407 INFO T-rec xyrus.capture: capture: 0.4 s speech (vad 0.96 max) peak 0.04 floor 0.0008 ceil 0.0067 on_thr 0.0101 vad=silero
2026-09-16 03:35:03,751 INFO T-rec xyrus.recognizer: heard (command capture, en, 0.4 s of speech, peak 0.04, ended by silence) lp=-0.13 fb=0 vad=0.4s alts=0: 'Sleep.'
2026-09-16 03:35:03,751 INFO T-rec xyrus.recognizer: heard 'sleep' [command] (0.8 s of audio) free='sleep'
2026-09-16 03:35:03,752 INFO T-engine xyrus.engine: heard: sleep
2026-09-16 03:35:03,753 INFO T-engine xyrus.engine: info: sleep heard faintly - asking first
2026-09-16 03:35:03,764 INFO T-engine xyrus.engine: ask: Did you say sleep? Yes or no.
2026-09-16 03:35:14,657 INFO T-rec xyrus.capture: capture: 0.5 s speech (vad 0.96 max) peak 0.12 floor 0.0007 ceil 0.0010 on_thr 0.0015 vad=silero
2026-09-16 03:35:15,143 INFO T-rec xyrus.recognizer: heard (command capture, en, 0.5 s of speech, peak 0.12, ended by silence) lp=-0.50 fb=0 vad=0.5s alts=2: 'Cyrus.'
2026-09-16 03:35:15,143 INFO T-rec xyrus.recognizer: heard 'cyrus' [confirm] (1.2 s of audio) free='cyrus'
2026-09-16 03:35:18,907 INFO T-rec xyrus.capture: capture: 0.4 s speech (vad 0.96 max) peak 0.04 floor 0.0007 ceil 0.0010 on_thr 0.0015 vad=silero
2026-09-16 03:35:19,176 INFO T-rec xyrus.recognizer: heard (command capture, en, 0.4 s of speech, peak 0.04, ended by silence) lp=-0.28 fb=0 vad=0.4s alts=0: 'Yes.'
2026-09-16 03:35:19,176 INFO T-rec xyrus.recognizer: heard 'yes' [confirm] (1.1 s of audio) free='yes'
2026-09-16 03:35:19,177 INFO T-engine xyrus.engine: heard: yes
2026-09-16 03:35:19,177 INFO T-engine xyrus.engine: cmd: sleep
2026-09-16 03:35:19,177 INFO T-engine xyrus.engine: say: Going to sleep, sir.
2026-09-16 03:35:24,197 WARNING T-watch xyrus.audio: microphone stalled (no audio for 3.0 s) - reopening
2026-09-16 03:35:24,397 INFO T-watch xyrus.audio: microphone: mic error, retrying
2026-09-16 03:35:24,476 INFO T-watch xyrus.audio: microphone open: device 1 (default, MME)
2026-09-16 03:35:24,476 INFO T-watch xyrus.audio: microphone: listening
2026-09-16 03:35:29,517 WARNING T-watch xyrus.audio: microphone stalled (no audio for 3.3 s) - reopening
2026-09-16 04:17:10,336 INFO T-watch xyrus.audio: microphone: mic error, retrying
2026-09-16 04:17:10,856 INFO T-watch xyrus.audio: microphone open: device 1 (default, MME)
2026-09-16 04:17:10,856 INFO T-watch xyrus.audio: microphone: listening
2026-09-16 04:17:11,128 INFO T-rec xyrus.recognizer: recognizer stats: {'wake_checks': 220, 'wake_check_long': 26, 'wake_whisper': 1, 'whisper_retries': 0, 'captures': 6, 'capture_dropped': 0, 'wake_confirms': 4, 'wake_rejected': 2, 'wake_with_command': 0, 'playback_flushes': 0, 'bn_decodes': 0, 'arm_timeouts': 0, 'capture_dropped_by_reason': {}}
2026-09-16 04:17:39,220 INFO T-rec xyrus.recognizer: Vosk wake 'hi' (sound-alike, faint, name lost): the breath goes on - Whisper hears it whole at its end
2026-09-16 04:17:40,631 INFO T-rec xyrus.capture: capture: 1.0 s speech (vad 0.71 max) peak 0.04 floor 0.0029 ceil 0.0050 on_thr 0.0076 vad=silero
2026-09-16 04:17:42,466 INFO T-rec xyrus.recognizer: Whisper wake check: rejected 'Bye.' lp=-0.46 (not the name)
2026-09-16 04:19:41,883 INFO T-rec xyrus.capture: capture: 0.2 s speech (vad 0.58 max) peak 0.06 floor 0.0028 ceil 0.0088 on_thr 0.0135 vad=silero
2026-09-16 04:19:42,098 INFO T-rec xyrus.hearing: whisper drop: "Let's see." lp=-1.18 reason=logprob (advisory) no_speech=0.61
2026-09-16 04:19:42,098 INFO T-rec xyrus.recognizer: Whisper wake check: rejected "Let's see." lp=-1.18 (not the name)
2026-09-16 04:20:00,974 INFO T-rec xyrus.recognizer: Vosk wake 'virus' (sound-alike, faint, name lost): the breath goes on - Whisper hears it whole at its end
2026-09-16 04:20:05,976 INFO T-rec xyrus.recognizer: Vosk wake 'files' (sound-alike, name lost): the breath goes on - Whisper hears it whole at its end
2026-09-16 04:20:06,633 INFO T-rec xyrus.capture: capture: 14.4 s speech (vad 0.94 max) peak 0.12 floor 0.0029 ceil 0.0081 on_thr 0.0121 vad=silero
2026-09-16 04:20:37,158 INFO T-rec xyrus.recognizer: Vosk wake 'cyrus' (faint, name lost): the breath goes on - Whisper hears it whole at its end
2026-09-16 04:20:49,884 INFO T-rec xyrus.capture: capture: 22.8 s speech (vad 0.93 max) peak 0.06 floor 0.0031 ceil 0.0080 on_thr 0.0128 vad=silero
2026-09-16 04:21:43,385 INFO T-rec xyrus.capture: capture: 0.4 s speech (vad 0.57 max) peak 0.02 floor 0.0029 ceil 0.0065 on_thr 0.0098 vad=silero
2026-09-16 04:21:43,595 INFO T-rec xyrus.recognizer: Whisper wake check: rejected 'Thank you.' lp=-0.77 (not the name)
2026-09-16 04:22:18,886 INFO T-rec xyrus.capture: capture: 1.6 s speech (vad 0.76 max) peak 0.07 floor 0.0050 ceil 0.0110 on_thr 0.0161 vad=silero
2026-09-16 04:22:19,464 INFO T-rec xyrus.recognizer: Whisper wake check: rejected 'To unlock Microsoft EFT without knowing the password, you guys can see here I have a password.' lp=-0.31 (not the name)
2026-09-16 04:22:19,917 INFO T-rec xyrus.recognizer: Vosk wake 'virus [unk]' (sound-alike, faint, name lost): the breath goes on - Whisper hears it whole at its end
2026-09-16 04:22:22,636 INFO T-rec xyrus.capture: capture: 1.0 s speech (vad 0.61 max) peak 0.05 floor 0.0040 ceil 0.0102 on_thr 0.0153 vad=silero
2026-09-16 04:22:22,995 INFO T-rec xyrus.recognizer: Whisper wake check: rejected 'This is actually really simple. Go to Google, type in' lp=-0.50 (not the name)
2026-09-16 04:22:27,636 INFO T-rec xyrus.capture: capture: 1.3 s speech (vad 0.74 max) peak 0.02 floor 0.0029 ceil 0.0060 on_thr 0.0087 vad=silero
2026-09-16 04:22:28,075 INFO T-rec xyrus.hearing: whisper drop: 'See you in the next video.' lp=-1.07 reason=logprob (advisory) no_speech=0.37
2026-09-16 04:22:28,075 INFO T-rec xyrus.recognizer: Whisper wake check: rejected 'See you in the next video.' lp=-1.07 (not the name)
2026-09-16 04:23:02,138 INFO T-rec xyrus.capture: capture: 0.2 s speech (vad 0.54 max) peak 0.04 floor 0.0029 ceil 0.0058 on_thr 0.0088 vad=silero
2026-09-16 04:23:02,509 INFO T-rec xyrus.recognizer: Whisper wake check: rejected 'Thank you.' lp=-0.76 (not the name)
2026-09-16 04:23:14,637 INFO T-rec xyrus.capture: capture: 6.8 s speech (vad 0.89 max) peak 0.05 floor 0.0042 ceil 0.0061 on_thr 0.0092 vad=silero
2026-09-16 04:23:19,637 INFO T-rec xyrus.capture: capture: 2.7 s speech (vad 0.79 max) peak 0.04 floor 0.0039 ceil 0.0061 on_thr 0.0092 vad=silero
2026-09-16 04:23:20,118 INFO T-rec xyrus.recognizer: Whisper wake check: rejected 'People have lost connection with the balance.' lp=-0.49 (not the name)
2026-09-16 04:23:26,637 INFO T-rec xyrus.capture: capture: 1.5 s speech (vad 0.93 max) peak 0.03 floor 0.0027 ceil 0.0057 on_thr 0.0082 vad=silero
2026-09-16 04:23:27,117 INFO T-rec xyrus.hearing: whisper drop: "We'll finally check down to you." lp=-0.98 reason=logprob (advisory) no_speech=0.36
2026-09-16 04:23:27,117 INFO T-rec xyrus.recognizer: Whisper wake check: rejected "We'll finally check down to you." lp=-0.98 (not the name)
2026-09-16 04:23:33,138 INFO T-rec xyrus.capture: capture: 4.7 s speech (vad 0.95 max) peak 0.04 floor 0.0033 ceil 0.0057 on_thr 0.0085 vad=silero
2026-09-16 04:23:33,557 INFO T-rec xyrus.recognizer: Whisper wake check: rejected "I don't know, it's usually a little bit of a delay, but there's another big issue." lp=-0.63 (not the name)
2026-09-16 04:24:12,888 INFO T-rec xyrus.capture: capture: 3.0 s speech (vad 0.93 max) peak 0.04 floor 0.0026 ceil 0.0032 on_thr 0.0051 vad=silero
2026-09-16 04:24:13,457 INFO T-rec xyrus.hearing: whisper drop: 'There is a lot of movement.' lp=-1.01 reason=logprob (advisory) no_speech=0.55
2026-09-16 04:24:13,457 INFO T-rec xyrus.recognizer: Whisper wake check: rejected 'There is a lot of movement.' lp=-1.01 (not the name)
2026-09-16 04:25:04,889 INFO T-rec xyrus.capture: capture: 0.7 s speech (vad 0.84 max) peak 0.03 floor 0.0028 ceil 0.0061 on_thr 0.0096 vad=silero
2026-09-16 04:25:05,314 INFO T-rec xyrus.recognizer: Whisper wake check: rejected 'Come on.' lp=-0.34 (not the name)
2026-09-16 04:25:26,750 INFO T-index xyrus.actions.apps: start menu index: 122 entries
2026-09-16 04:25:44,890 INFO T-rec xyrus.capture: capture: 3.7 s speech (vad 0.95 max) peak 0.11 floor 0.0028 ceil 0.0033 on_thr 0.0057 vad=silero
2026-09-16 04:25:45,381 INFO T-rec xyrus.recognizer: Whisper wake check: rejected '10 times, 10 times, 10 times, 15 times.' lp=-0.87 (not the name)
2026-09-16 04:25:50,140 INFO T-rec xyrus.capture: capture: 0.2 s speech (vad 0.52 max) peak 0.05 floor 0.0030 ceil 0.0078 on_thr 0.0118 vad=silero
2026-09-16 04:25:50,386 INFO T-rec xyrus.recognizer: Whisper wake check: rejected 'There you go.' lp=-0.63 (not the name)
2026-09-16 04:27:11,139 INFO T-rec xyrus.recognizer: recognizer stats: {'wake_checks': 234, 'wake_check_long': 29, 'wake_whisper': 1, 'whisper_retries': 0, 'captures': 6, 'capture_dropped': 0, 'wake_confirms': 4, 'wake_rejected': 2, 'wake_with_command': 0, 'playback_flushes': 0, 'bn_decodes': 0, 'arm_timeouts': 0, 'capture_dropped_by_reason': {}}
2026-09-16 04:27:19,142 INFO T-rec xyrus.capture: capture: 1.0 s speech (vad 0.83 max) peak 0.02 floor 0.0027 ceil 0.0091 on_thr 0.0140 vad=silero
2026-09-16 04:27:19,546 INFO T-rec xyrus.recognizer: Whisper wake check: rejected 'Determinates a nation.' lp=-0.64 (not the name)
2026-09-16 04:27:30,642 INFO T-rec xyrus.capture: capture: 8.1 s speech (vad 0.98 max) peak 0.04 floor 0.0027 ceil 0.0068 on_thr 0.0127 vad=silero
2026-09-16 04:27:34,392 INFO T-rec xyrus.capture: capture: 1.8 s speech (vad 0.90 max) peak 0.09 floor 0.0027 ceil 0.0039 on_thr 0.0053 vad=silero
2026-09-16 04:27:34,995 INFO T-rec xyrus.hearing: whisper drop: "It's like a taco, taco one." lp=-1.20 reason=logprob (advisory) no_speech=0.47
2026-09-16 04:27:34,995 INFO T-rec xyrus.recognizer: Whisper wake check: rejected "It's like a taco, taco one." lp=-1.20 (not the name)
2026-09-16 04:28:30,393 INFO T-rec xyrus.capture: capture: 0.4 s speech (vad 0.46 max) peak 0.02 floor 0.0027 ceil 0.0050 on_thr 0.0055 vad=silero
2026-09-16 04:28:30,609 INFO T-rec xyrus.recognizer: Whisper wake check: rejected 'Thank you.' lp=-0.88 (not the name)
2026-09-16 04:29:09,894 INFO T-rec xyrus.capture: capture: 1.3 s speech (vad 0.88 max) peak 0.06 floor 0.0030 ceil 0.0079 on_thr 0.0064 vad=silero
2026-09-16 04:29:10,474 INFO T-rec xyrus.hearing: whisper drop: "I'm going to play a song." lp=-1.06 reason=logprob (advisory) no_speech=0.35
2026-09-16 04:29:10,474 INFO T-rec xyrus.recognizer: Whisper wake check: rejected "I'm going to play a song." lp=-1.06 (not the name)
2026-09-16 04:29:15,394 INFO T-rec xyrus.capture: capture: 3.8 s speech (vad 0.92 max) peak 0.05 floor 0.0030 ceil 0.0100 on_thr 0.0131 vad=silero
2026-09-16 04:29:15,745 INFO T-rec xyrus.recognizer: Whisper wake check: rejected 'I mentioned about a system of ignoring the black people.' lp=-0.35 (not the name)
2026-09-16 04:29:41,645 INFO T-rec xyrus.capture: capture: 4.7 s speech (vad 0.89 max) peak 0.04 floor 0.0028 ceil 0.0114 on_thr 0.0171 vad=silero
2026-09-16 04:29:42,168 INFO T-rec xyrus.hearing: whisper drop: 'I mentioned about a system to create a match.' lp=-0.98 reason=logprob (advisory) no_speech=0.15
2026-09-16 04:29:42,168 INFO T-rec xyrus.recognizer: Whisper wake check: rejected 'I mentioned about a system to create a match.' lp=-0.98 (not the name)
2026-09-16 04:32:47,148 INFO T-rec xyrus.capture: capture: 0.2 s speech (vad 0.78 max) peak 0.02 floor 0.0025 ceil 0.0035 on_thr 0.0053 vad=silero
2026-09-16 04:32:47,500 INFO T-rec xyrus.recognizer: Whisper wake check: rejected 'Thank you.' lp=-0.62 (not the name)
2026-09-16 04:34:26,755 INFO T-index xyrus.actions.apps: start menu index: 122 entries
2026-09-16 04:36:15,401 INFO T-rec xyrus.capture: capture: 0.3 s speech (vad 0.67 max) peak 0.02 floor 0.0031 ceil 0.0054 on_thr 0.0079 vad=silero
2026-09-16 04:36:15,748 INFO T-rec xyrus.recognizer: Whisper wake check: rejected "Okay, let's see." lp=-0.74 (not the name)
2026-09-16 04:37:11,150 INFO T-rec xyrus.recognizer: recognizer stats: {'wake_checks': 242, 'wake_check_long': 30, 'wake_whisper': 1, 'whisper_retries': 0, 'captures': 6, 'capture_dropped': 0, 'wake_confirms': 4, 'wake_rejected': 2, 'wake_with_command': 0, 'playback_flushes': 0, 'bn_decodes': 0, 'arm_timeouts': 0, 'capture_dropped_by_reason': {}}
2026-09-16 04:38:14,404 INFO T-rec xyrus.capture: capture: 1.3 s speech (vad 0.77 max) peak 0.03 floor 0.0028 ceil 0.0040 on_thr 0.0060 vad=silero
2026-09-16 04:38:14,753 INFO T-rec xyrus.hearing: whisper drop: "Now we're on the road." lp=-1.04 reason=logprob (advisory) no_speech=0.46
2026-09-16 04:38:14,753 INFO T-rec xyrus.recognizer: Whisper wake check: rejected "Now we're on the road." lp=-1.04 (not the name)
2026-09-16 04:38:33,154 INFO T-rec xyrus.capture: capture: 0.3 s speech (vad 0.43 max) peak 0.02 floor 0.0027 ceil 0.0036 on_thr 0.0054 vad=silero
2026-09-16 04:38:33,518 INFO T-rec xyrus.recognizer: Whisper wake check: rejected 'Thank you.' lp=-0.82 (not the name)
2026-09-16 04:39:59,915 INFO T-rec xyrus.capture: capture: 3.6 s speech (vad 0.83 max) peak 0.09 floor 0.0028 ceil 0.0034 on_thr 0.0056 vad=silero
2026-09-16 04:40:00,389 INFO T-rec xyrus.hearing: whisper drop: '.' lp=-1.70 reason=logprob (advisory) no_speech=0.19
2026-09-16 04:40:00,389 INFO T-rec xyrus.recognizer: Whisper wake check: rejected '.' lp=-1.70 (nothing)
2026-09-16 04:40:44,656 INFO T-rec xyrus.capture: capture: 0.7 s speech (vad 0.94 max) peak 0.04 floor 0.0035 ceil 0.0089 on_thr 0.0100 vad=silero
2026-09-16 04:40:45,117 INFO T-rec xyrus.hearing: whisper drop: 'Opa, zona.' lp=-1.06 reason=logprob (advisory) no_speech=0.42
2026-09-16 04:40:45,118 INFO T-rec xyrus.recognizer: Whisper wake check: rejected 'Opa, zona.' lp=-1.06 (not the name)
2026-09-16 04:41:09,157 INFO T-rec xyrus.capture: capture: 1.2 s speech (vad 0.59 max) peak 0.02 floor 0.0028 ceil 0.0072 on_thr 0.0108 vad=silero
2026-09-16 04:41:09,574 INFO T-rec xyrus.hearing: whisper drop: '.' lp=-1.31 reason=logprob (advisory) no_speech=0.42
2026-09-16 04:41:09,574 INFO T-rec xyrus.recognizer: Whisper wake check: rejected '.' lp=-1.31 (nothing)
2026-09-16 04:43:26,754 INFO T-index xyrus.actions.apps: start menu index: 122 entries
2026-09-16 04:45:32,412 INFO T-rec xyrus.capture: capture: 0.8 s speech (vad 0.60 max) peak 0.02 floor 0.0027 ceil 0.0035 on_thr 0.0073 vad=silero
2026-09-16 04:45:32,666 INFO T-rec xyrus.recognizer: Whisper wake check: rejected 'Three, two, one.' lp=-0.65 (not the name)
2026-09-16 04:45:35,662 INFO T-rec xyrus.capture: capture: 0.5 s speech (vad 0.66 max) peak 0.04 floor 0.0028 ceil 0.0049 on_thr 0.0056 vad=silero
2026-09-16 04:45:35,946 INFO T-rec xyrus.recognizer: Whisper wake check: rejected 'Come on, baby.' lp=-0.88 (not the name)
2026-09-16 04:46:56,414 INFO T-rec xyrus.capture: capture: 0.4 s speech (vad 0.59 max) peak 0.03 floor 0.0032 ceil 0.0086 on_thr 0.0129 vad=silero
2026-09-16 04:46:56,841 INFO T-rec xyrus.hearing: whisper drop: 'Mmm.' lp=-1.01 reason=logprob (advisory) no_speech=0.55
2026-09-16 04:46:56,842 INFO T-rec xyrus.recognizer: Whisper wake check: rejected 'Mmm.' lp=-1.01 (not the name)
2026-09-16 04:47:11,161 INFO T-rec xyrus.recognizer: recognizer stats: {'wake_checks': 250, 'wake_check_long': 30, 'wake_whisper': 1, 'whisper_retries': 0, 'captures': 6, 'capture_dropped': 0, 'wake_confirms': 4, 'wake_rejected': 2, 'wake_with_command': 0, 'playback_flushes': 0, 'bn_decodes': 0, 'arm_timeouts': 0, 'capture_dropped_by_reason': {}}
2026-09-16 04:47:13,164 INFO T-rec xyrus.capture: capture: 0.5 s speech (vad 0.81 max) peak 0.06 floor 0.0027 ceil 0.0071 on_thr 0.0081 vad=silero
2026-09-16 04:47:13,402 INFO T-rec xyrus.recognizer: Whisper wake check: rejected 'See you.' lp=-0.87 (not the name)
2026-09-16 04:47:46,665 INFO T-rec xyrus.capture: capture: 2.9 s speech (vad 0.99 max) peak 0.14 floor 0.0029 ceil 0.0071 on_thr 0.0106 vad=silero
2026-09-16 04:47:46,989 INFO T-rec xyrus.recognizer: Whisper wake check: rejected "Mahit's world." lp=-0.72 (not the name)
2026-09-16 04:47:53,914 INFO T-rec xyrus.capture: capture: 0.6 s speech (vad 0.87 max) peak 0.08 floor 0.0053 ceil 0.0156 on_thr 0.0195 vad=silero
2026-09-16 04:47:54,374 INFO T-rec xyrus.hearing: whisper drop: 'Power it, my sonny.' lp=-1.00 reason=logprob (advisory) no_speech=0.22
2026-09-16 04:47:54,374 INFO T-rec xyrus.recognizer: Whisper wake check: rejected 'Power it, my sonny.' lp=-1.00 (not the name)
2026-09-16 04:48:52,416 INFO T-rec xyrus.capture: capture: 19.6 s speech (vad 0.98 max) peak 0.10 floor 0.0035 ceil 0.0042 on_thr 0.0069 vad=silero
2026-09-16 04:48:54,916 INFO T-rec xyrus.capture: capture: 0.2 s speech (vad 0.51 max) peak 0.04 floor 0.0035 ceil 0.0076 on_thr 0.0115 vad=silero
2026-09-16 04:48:55,397 INFO T-rec xyrus.hearing: whisper drop: '.' lp=-1.31 reason=logprob (advisory) no_speech=0.46
2026-09-16 04:48:55,397 INFO T-rec xyrus.recognizer: Whisper wake check: rejected '.' lp=-1.31 (nothing)
2026-09-16 04:49:00,666 INFO T-rec xyrus.capture: capture: 0.5 s speech (vad 0.47 max) peak 0.05 floor 0.0050 ceil 0.0080 on_thr 0.0110 vad=silero
2026-09-16 04:49:01,013 INFO T-rec xyrus.hearing: whisper drop: '. . . . .' lp=-1.24 reason=logprob (advisory) no_speech=0.36
2026-09-16 04:49:01,013 INFO T-rec xyrus.recognizer: Whisper wake check: rejected '. . . . .' lp=-1.24 (nothing)
2026-09-16 04:49:24,666 INFO T-rec xyrus.capture: capture: 11.1 s speech (vad 0.95 max) peak 0.26 floor 0.0036 ceil 0.0094 on_thr 0.0141 vad=silero
2026-09-16 04:49:26,917 INFO T-rec xyrus.capture: capture: 0.5 s speech (vad 0.86 max) peak 0.12 floor 0.0037 ceil 0.0098 on_thr 0.0150 vad=silero
2026-09-16 04:49:27,357 INFO T-rec xyrus.recognizer: Whisper wake check: rejected 'There you go.' lp=-0.51 (not the name)
2026-09-16 04:49:32,417 INFO T-rec xyrus.capture: capture: 1.2 s speech (vad 0.76 max) peak 0.06 floor 0.0036 ceil 0.0085 on_thr 0.0083 vad=silero
2026-09-16 04:49:32,712 INFO T-rec xyrus.hearing: whisper drop: 'I will show you how to play this song.' lp=-0.93 reason=logprob (advisory) no_speech=0.15
2026-09-16 04:49:32,712 INFO T-rec xyrus.recognizer: Whisper wake check: rejected 'I will show you how to play this song.' lp=-0.93 (not the name)
2026-09-16 04:50:02,668 INFO T-rec xyrus.capture: capture: 25.8 s speech (vad 0.96 max) peak 0.12 floor 0.0036 ceil 0.0090 on_thr 0.0131 vad=silero
2026-09-16 04:50:10,420 INFO T-rec xyrus.capture: capture: 6.0 s speech (vad 0.90 max) peak 0.29 floor 0.0036 ceil 0.0090 on_thr 0.0134 vad=silero
2026-09-16 04:50:15,417 INFO T-rec xyrus.capture: capture: 1.0 s speech (vad 0.54 max) peak 0.16 floor 0.0038 ceil 0.0074 on_thr 0.0111 vad=silero
2026-09-16 04:50:15,918 INFO T-rec xyrus.hearing: whisper drop: "I'm going to play a song." lp=-1.20 reason=logprob (advisory) no_speech=0.26
2026-09-16 04:50:15,918 INFO T-rec xyrus.recognizer: Whisper wake check: rejected "I'm going to play a song." lp=-1.20 (not the name)
2026-09-16 04:50:50,418 INFO T-rec xyrus.capture: capture: 25.1 s speech (vad 0.96 max) peak 0.08 floor 0.0053 ceil 0.0105 on_thr 0.0158 vad=silero
2026-09-16 04:51:02,168 INFO T-rec xyrus.capture: capture: 8.1 s speech (vad 0.92 max) peak 0.06 floor 0.0053 ceil 0.0105 on_thr 0.0158 vad=silero
2026-09-16 04:51:13,168 INFO T-rec xyrus.capture: capture: 7.5 s speech (vad 0.84 max) peak 0.06 floor 0.0056 ceil 0.0105 on_thr 0.0158 vad=silero
2026-09-16 04:51:43,169 INFO T-rec xyrus.capture: capture: 26.0 s speech (vad 0.94 max) peak 0.06 floor 0.0056 ceil 0.0105 on_thr 0.0158 vad=silero
2026-09-16 04:51:58,169 INFO T-rec xyrus.capture: capture: 11.6 s speech (vad 0.91 max) peak 0.24 floor 0.0031 ceil 0.0092 on_thr 0.0147 vad=silero
2026-09-16 04:52:01,669 INFO T-rec xyrus.capture: capture: 2.0 s speech (vad 0.75 max) peak 0.05 floor 0.0030 ceil 0.0076 on_thr 0.0117 vad=silero
2026-09-16 04:52:02,170 INFO T-rec xyrus.hearing: whisper drop: '. . . . .' lp=-1.30 reason=logprob (advisory) no_speech=0.33
2026-09-16 04:52:02,170 INFO T-rec xyrus.recognizer: Whisper wake check: rejected '. . . . .' lp=-1.30 (nothing)
2026-09-16 04:52:05,419 INFO T-rec xyrus.capture: capture: 0.7 s speech (vad 0.57 max) peak 0.05 floor 0.0030 ceil 0.0074 on_thr 0.0117 vad=silero
2026-09-16 04:52:05,794 INFO T-rec xyrus.hearing: whisper drop: "I'm not leaving this part of the car." lp=-1.52 reason=logprob (advisory) no_speech=0.35
2026-09-16 04:52:05,795 INFO T-rec xyrus.recognizer: Whisper wake check: rejected "I'm not leaving this part of the car." lp=-1.52 (not the name)
2026-09-16 04:52:19,170 INFO T-rec xyrus.capture: capture: 5.0 s speech (vad 0.70 max) peak 0.06 floor 0.0039 ceil 0.0098 on_thr 0.0147 vad=silero
2026-09-16 04:52:21,920 INFO T-rec xyrus.capture: capture: 0.5 s speech (vad 0.46 max) peak 0.03 floor 0.0038 ceil 0.0061 on_thr 0.0102 vad=silero
2026-09-16 04:52:22,387 INFO T-rec xyrus.hearing: whisper drop: 'Open Chrome.' lp=-1.26 reason=logprob (advisory) no_speech=0.42
2026-09-16 04:52:22,387 INFO T-rec xyrus.recognizer: Whisper wake check: rejected 'Open Chrome.' lp=-1.26 (not the name)
2026-09-16 04:52:26,769 INFO T-index xyrus.actions.apps: start menu index: 122 entries
2026-09-16 04:52:28,169 INFO T-rec xyrus.capture: capture: 1.7 s speech (vad 0.83 max) peak 0.13 floor 0.0043 ceil 0.0101 on_thr 0.0152 vad=silero
2026-09-16 04:52:28,442 INFO T-rec xyrus.hearing: whisper drop: 'Amma! Amma!' lp=-0.93 reason=logprob (advisory) no_speech=0.22
2026-09-16 04:52:28,442 INFO T-rec xyrus.recognizer: Whisper wake check: rejected 'Amma! Amma!' lp=-0.93 (not the name)
2026-09-16 04:52:56,170 INFO T-rec xyrus.capture: capture: 16.5 s speech (vad 0.98 max) peak 0.11 floor 0.0027 ceil 0.0037 on_thr 0.0055 vad=silero
2026-09-16 04:53:03,920 INFO T-rec xyrus.capture: capture: 3.2 s speech (vad 0.98 max) peak 0.05 floor 0.0031 ceil 0.0077 on_thr 0.0115 vad=silero
2026-09-16 04:53:04,415 INFO T-rec xyrus.hearing: whisper drop: 'Thank you.' lp=-1.05 reason=logprob (advisory) no_speech=0.57
2026-09-16 04:53:04,415 INFO T-rec xyrus.recognizer: Whisper wake check: rejected 'Thank you.' lp=-1.05 (not the name)
2026-09-16 04:53:10,670 INFO T-rec xyrus.capture: capture: 1.8 s speech (vad 0.85 max) peak 0.03 floor 0.0028 ceil 0.0042 on_thr 0.0061 vad=silero
2026-09-16 04:53:11,045 INFO T-rec xyrus.recognizer: Whisper wake check: rejected 'Do you want to play? Yes.' lp=-0.79 (not the name)
2026-09-16 04:53:16,421 INFO T-rec xyrus.capture: capture: 2.2 s speech (vad 0.92 max) peak 0.10 floor 0.0029 ceil 0.0125 on_thr 0.0180 vad=silero
2026-09-16 04:53:16,827 INFO T-rec xyrus.hearing: whisper drop: "Take a short break and we'll come back." lp=-1.13 reason=logprob (advisory) no_speech=0.41
2026-09-16 04:53:16,827 INFO T-rec xyrus.recognizer: Whisper wake check: rejected "Take a short break and we'll come back." lp=-1.13 (not the name)
2026-09-16 04:53:21,921 INFO T-rec xyrus.capture: capture: 3.1 s speech (vad 0.86 max) peak 0.08 floor 0.0029 ceil 0.0120 on_thr 0.0180 vad=silero
2026-09-16 04:53:22,238 INFO T-rec xyrus.recognizer: Whisper wake check: rejected "Our monitor doesn't know how to do this." lp=-0.84 (not the name)
2026-09-16 04:53:38,171 INFO T-rec xyrus.capture: capture: 8.0 s speech (vad 0.99 max) peak 0.09 floor 0.0027 ceil 0.0071 on_thr 0.0106 vad=silero
2026-09-16 04:53:46,672 INFO T-rec xyrus.capture: capture: 2.8 s speech (vad 0.99 max) peak 0.09 floor 0.0027 ceil 0.0052 on_thr 0.0073 vad=silero
2026-09-16 04:53:47,068 INFO T-rec xyrus.recognizer: Whisper wake check: rejected '9,436 hours have passed.' lp=-0.65 (not the name)
2026-09-17 00:22:24,909 INFO T-index xyrus.actions.apps: start menu index: 122 entries
2026-09-17 00:22:24,913 INFO T-mic xyrus.audio: microphone open: device 1 (default, MME)
2026-09-17 00:22:24,913 INFO T-mic xyrus.audio: microphone: listening
2026-09-17 00:22:26,266 INFO T-rec xyrus.recognizer: speech model loaded in 0.4 s
2026-09-17 00:22:27,656 INFO MainThread xyrus.vad: vad: Silero ready (silero_vad_v6.onnx)
2026-09-17 00:22:27,657 INFO MainThread xyrus.app: commands after the wake reply and free text: Whisper when loaded (hearing.py), Vosk until then
2026-09-17 00:22:27,658 INFO MainThread xyrus.app: Xyrus 2.0.0 started (live)
2026-09-17 00:22:27,911 INFO T-engine xyrus.engine: say: Hello, Refath. Xyrus online. Nothing on the calendar today.
2026-09-17 00:22:31,643 INFO whisper-load faster_whisper: Processing audio with duration 00:01.000
2026-09-17 00:22:33,583 INFO whisper-load faster_whisper: Processing audio with duration 00:01.455
2026-09-17 00:22:33,962 INFO whisper-load xyrus.hearing: whisper ready in 6.3 s: whisper-large-v3 on cuda (float16)
2026-09-17 00:22:37,669 INFO whisper-load faster_whisper: Processing audio with duration 00:01.000
2026-09-17 00:22:38,096 INFO whisper-load faster_whisper: Processing audio with duration 00:01.455
2026-09-17 00:22:38,477 INFO whisper-load xyrus.hearing: whisper ready in 4.5 s: whisper-large-v3-bn on cuda (float16)
2026-09-17 00:22:42,167 INFO T-rec xyrus.capture: capture: 0.4 s speech (vad 0.51 max) peak 0.10 floor 0.0037 ceil 0.0159 on_thr 0.0239 vad=silero
2026-09-17 00:22:42,460 INFO T-rec xyrus.hearing: whisper drop: 'Okay.' lp=-0.92 reason=logprob (advisory) no_speech=0.47
2026-09-17 00:22:42,460 INFO T-rec xyrus.recognizer: Whisper wake check: rejected 'Okay.' lp=-0.92 (not the name)
2026-09-17 00:22:55,441 INFO T-rec xyrus.recognizer: heard "what's [unk]" [wake] (15.8 s of audio)
2026-09-17 00:22:57,917 INFO T-rec xyrus.capture: capture: 1.8 s speech (vad 0.98 max) peak 0.10 floor 0.0045 ceil 0.0075 on_thr 0.0113 vad=silero
2026-09-17 00:22:58,444 INFO T-rec xyrus.recognizer: Whisper wake check: rejected "Haha, they're blind to the look." lp=-0.64 (not the name)
2026-09-17 00:23:17,668 INFO T-rec xyrus.capture: capture: 3.2 s speech (vad 0.99 max) peak 0.20 floor 0.0048 ceil 0.0092 on_thr 0.0138 vad=silero
2026-09-17 00:23:18,575 INFO T-rec xyrus.hearing: whisper drop: 'What are you doing here? I am cleaning the house.' lp=-1.14 reason=logprob (advisory) no_speech=0.19
2026-09-17 00:23:18,575 INFO T-rec xyrus.recognizer: Whisper wake check: rejected 'What are you doing here? I am cleaning the house.' lp=-1.14 (not the name)
2026-09-17 00:23:19,668 INFO T-rec xyrus.capture: capture: 0.3 s speech (vad 0.78 max) peak 0.08 floor 0.0050 ceil 0.0094 on_thr 0.0140 vad=silero
2026-09-17 00:23:20,018 INFO T-rec xyrus.hearing: whisper drop: 'Thank you.' lp=-0.95 reason=logprob (advisory) no_speech=0.66
2026-09-17 00:23:20,018 INFO T-rec xyrus.recognizer: Whisper wake check: rejected 'Thank you.' lp=-0.95 (not the name)
2026-09-17 00:23:24,418 INFO T-rec xyrus.capture: capture: 1.2 s speech (vad 0.87 max) peak 0.07 floor 0.0052 ceil 0.0121 on_thr 0.0181 vad=silero
2026-09-17 00:23:24,880 INFO T-rec xyrus.recognizer: Whisper wake check: rejected "What? What's going on?" lp=-0.54 (not the name)
2026-09-17 00:23:53,418 INFO T-rec xyrus.capture: capture: 2.3 s speech (vad 0.97 max) peak 0.07 floor 0.0061 ceil 0.0175 on_thr 0.0239 vad=silero
2026-09-17 00:23:53,890 INFO T-rec xyrus.hearing: whisper drop: 'Keep your hair. Hair, hair.' lp=-0.91 reason=logprob (advisory) no_speech=0.31
2026-09-17 00:23:53,891 INFO T-rec xyrus.recognizer: Whisper wake check: rejected 'Keep your hair. Hair, hair.' lp=-0.91 (not the name)
2026-09-17 00:23:58,669 INFO T-rec xyrus.capture: capture: 1.5 s speech (vad 0.98 max) peak 0.98 floor 0.0048 ceil 0.1515 on_thr 0.2272 vad=silero
2026-09-17 00:23:59,152 INFO T-rec xyrus.recognizer: Whisper wake check: rejected 'Ah, put it like this. Shit.' lp=-0.77 (not the name)
2026-09-17 00:24:02,669 INFO T-rec xyrus.capture: capture: 0.6 s speech (vad 0.74 max) peak 0.10 floor 0.0048 ceil 0.1515 on_thr 0.2272 vad=silero
2026-09-17 00:24:03,002 INFO T-rec xyrus.recognizer: Whisper wake check: rejected 'Allah.' lp=-0.70 (not the name)
2026-09-17 00:24:05,419 INFO T-rec xyrus.capture: capture: 1.0 s speech (vad 0.89 max) peak 0.07 floor 0.0048 ceil 0.0572 on_thr 0.2272 vad=silero
2026-09-17 00:24:05,988 INFO T-rec xyrus.recognizer: Whisper wake check: rejected "And that's it." lp=-0.84 (not the name)
2026-09-17 00:24:14,419 INFO T-rec xyrus.capture: capture: 5.6 s speech (vad 0.99 max) peak 0.24 floor 0.0048 ceil 0.0097 on_thr 0.0175 vad=silero
2026-09-17 00:24:20,169 INFO T-rec xyrus.capture: capture: 1.2 s speech (vad 0.79 max) peak 0.06 floor 0.0041 ceil 0.0113 on_thr 0.0169 vad=silero
2026-09-17 00:24:20,517 INFO T-rec xyrus.recognizer: Whisper wake check: rejected 'Wow.' lp=-0.83 (not the name)
2026-09-17 00:24:33,168 INFO T-rec xyrus.capture: capture: 0.2 s speech (vad 0.44 max) peak 0.05 floor 0.0041 ceil 0.0072 on_thr 0.0090 vad=silero
2026-09-17 00:24:33,386 INFO T-rec xyrus.recognizer: Whisper wake check: rejected 'Wow.' lp=-0.23 (not the name)
2026-09-17 00:24:34,918 INFO T-rec xyrus.capture: capture: 0.4 s speech (vad 0.80 max) peak 0.05 floor 0.0042 ceil 0.0072 on_thr 0.0108 vad=silero
2026-09-17 00:24:35,146 INFO T-rec xyrus.hearing: whisper drop: 'Quote it.' lp=-0.91 reason=logprob (advisory) no_speech=0.34
2026-09-17 00:24:35,146 INFO T-rec xyrus.recognizer: Whisper wake check: rejected 'Quote it.' lp=-0.91 (not the name)
2026-09-17 00:25:07,670 INFO T-rec xyrus.capture: capture: 0.6 s speech (vad 0.94 max) peak 0.19 floor 0.0056 ceil 0.0115 on_thr 0.0149 vad=silero
2026-09-17 00:25:08,038 INFO T-rec xyrus.recognizer: Whisper wake check: rejected 'And Vandal.' lp=-0.51 (not the name)
2026-09-17 00:25:11,420 INFO T-rec xyrus.capture: capture: 0.9 s speech (vad 0.83 max) peak 0.17 floor 0.0075 ceil 0.0132 on_thr 0.0198 vad=silero
2026-09-17 00:25:11,664 INFO T-rec xyrus.hearing: whisper drop: 'Here we go.' lp=-0.99 reason=logprob (advisory) no_speech=0.32
2026-09-17 00:25:11,664 INFO T-rec xyrus.recognizer: Whisper wake check: rejected 'Here we go.' lp=-0.99 (not the name)
2026-09-17 00:25:25,170 INFO T-rec xyrus.capture: capture: 0.6 s speech (vad 0.94 max) peak 0.31 floor 0.0060 ceil 0.0153 on_thr 0.0191 vad=silero
2026-09-17 00:25:25,538 INFO T-rec xyrus.recognizer: Whisper wake check: rejected 'Oh.' lp=-0.83 (not the name)
2026-09-17 00:25:28,671 INFO T-rec xyrus.capture: capture: 2.0 s speech (vad 0.93 max) peak 0.06 floor 0.0060 ceil 0.0178 on_thr 0.0267 vad=silero
2026-09-17 00:25:29,550 INFO T-rec xyrus.hearing: whisper drop: "I don't know what I'm doing." lp=-1.05 reason=logprob (advisory) no_speech=0.27
2026-09-17 00:25:29,550 INFO T-rec xyrus.recognizer: Whisper wake check: rejected "I don't know what I'm doing." lp=-1.05 (not the name)
2026-09-17 00:25:30,421 INFO T-rec xyrus.capture: capture: 0.2 s speech (vad 0.63 max) peak 0.03 floor 0.0054 ceil 0.0178 on_thr 0.0267 vad=silero
2026-09-17 00:25:30,825 INFO T-rec xyrus.hearing: whisper drop: 'Okay.' lp=-1.13 reason=logprob (advisory) no_speech=0.70
2026-09-17 00:25:30,825 INFO T-rec xyrus.recognizer: Whisper wake check: rejected 'Okay.' lp=-1.13 (not the name)
2026-09-17 00:25:32,421 INFO T-rec xyrus.capture: capture: 0.8 s speech (vad 0.84 max) peak 0.10 floor 0.0054 ceil 0.0178 on_thr 0.0267 vad=silero
2026-09-17 00:25:32,898 INFO T-rec xyrus.recognizer: Whisper wake check: rejected "You don't need to." lp=-0.58 (not the name)
2026-09-17 00:25:37,921 INFO T-rec xyrus.capture: capture: 0.7 s speech (vad 0.82 max) peak 0.11 floor 0.0064 ceil 0.0187 on_thr 0.0280 vad=silero
2026-09-17 00:25:38,360 INFO T-rec xyrus.hearing: whisper drop: 'Hello. Hello.' lp=-0.97 reason=logprob (advisory) no_speech=0.33
2026-09-17 00:25:38,360 INFO T-rec xyrus.recognizer: Whisper wake check: rejected 'Hello. Hello.' lp=-0.97 (not the name)
2026-09-17 00:25:47,671 INFO T-rec xyrus.capture: capture: 5.1 s speech (vad 0.91 max) peak 0.09 floor 0.0052 ceil 0.0104 on_thr 0.0156 vad=silero
2026-09-17 00:25:54,921 INFO T-rec xyrus.capture: capture: 4.5 s speech (vad 0.98 max) peak 0.16 floor 0.0052 ceil 0.0116 on_thr 0.0175 vad=silero
2026-09-17 00:25:55,715 INFO T-rec xyrus.hearing: whisper drop: 'Now, sing a song.' lp=-1.02 reason=logprob (advisory) no_speech=0.14
2026-09-17 00:25:55,715 INFO T-rec xyrus.recognizer: Whisper wake check: rejected 'Now, sing a song.' lp=-1.02 (not the name)
2026-09-17 00:25:59,921 INFO T-rec xyrus.capture: capture: 1.7 s speech (vad 0.86 max) peak 0.08 floor 0.0047 ceil 0.0225 on_thr 0.0337 vad=silero
2026-09-17 00:26:00,476 INFO T-rec xyrus.hearing: whisper drop: "And then I'm going to have some lunch." lp=-0.93 reason=logprob (advisory) no_speech=0.27
2026-09-17 00:26:00,476 INFO T-rec xyrus.recognizer: Whisper wake check: rejected "And then I'm going to have some lunch." lp=-0.93 (not the name)
2026-09-17 00:26:28,422 INFO T-rec xyrus.capture: capture: 2.0 s speech (vad 0.89 max) peak 0.05 floor 0.0047 ceil 0.0112 on_thr 0.0129 vad=silero
2026-09-17 00:26:28,902 INFO T-rec xyrus.recognizer: Whisper wake check: rejected "I don't want to be able to teach him." lp=-0.75 (not the name)
2026-09-17 00:26:34,421 INFO T-rec xyrus.capture: capture: 1.7 s speech (vad 0.93 max) peak 0.06 floor 0.0042 ceil 0.0079 on_thr 0.0130 vad=silero
2026-09-17 00:26:34,779 INFO T-rec xyrus.hearing: whisper drop: "I'm going to turn off the music." lp=-0.93 reason=logprob (advisory) no_speech=0.23
2026-09-17 00:26:34,780 INFO T-rec xyrus.recognizer: Whisper wake check: rejected "I'm going to turn off the music." lp=-0.93 (not the name)
2026-09-17 00:27:01,210 INFO T-rec xyrus.recognizer: Vosk wake '[unk] [unk] virus [unk]' (sound-alike, name lost): the breath goes on - Whisper hears it whole at its end
2026-09-17 00:27:02,673 INFO T-rec xyrus.capture: capture: 6.7 s speech (vad 0.99 max) peak 0.49 floor 0.0057 ceil 0.0137 on_thr 0.0183 vad=silero
2026-09-17 00:27:03,181 INFO T-rec xyrus.recognizer: Whisper wake check: rejected 'That was a lot.' lp=-0.59 (not the name)
2026-09-17 00:27:05,923 INFO T-rec xyrus.capture: capture: 0.2 s speech (vad 0.46 max) peak 0.08 floor 0.0043 ceil 0.0111 on_thr 0.0176 vad=silero
2026-09-17 00:27:06,441 INFO T-rec xyrus.recognizer: Whisper wake check: rejected "Yeah, let's go." lp=-0.46 (not the name)
2026-09-17 00:27:17,423 INFO T-rec xyrus.capture: capture: 1.1 s speech (vad 0.91 max) peak 0.05 floor 0.0042 ceil 0.0090 on_thr 0.0128 vad=silero
2026-09-17 00:27:18,061 INFO T-rec xyrus.hearing: whisper drop: 'Oh, coronavirus, nice.' lp=-0.97 reason=logprob (advisory) no_speech=0.40
2026-09-17 00:27:18,061 INFO T-rec xyrus.recognizer: Whisper wake check: rejected 'Oh, coronavirus, nice.' lp=-0.97 (not the name)
2026-09-17 00:27:31,673 INFO T-rec xyrus.capture: capture: 3.3 s speech (vad 0.84 max) peak 0.06 floor 0.0042 ceil 0.0074 on_thr 0.0146 vad=silero
2026-09-17 00:27:32,235 INFO T-rec xyrus.hearing: whisper drop: 'I love you baby.' lp=-1.38 reason=logprob (advisory) no_speech=0.44
2026-09-17 00:27:32,235 INFO T-rec xyrus.recognizer: Whisper wake check: rejected 'I love you baby.' lp=-1.38 (not the name)
2026-09-17 00:27:37,673 INFO T-rec xyrus.capture: capture: 0.7 s speech (vad 0.63 max) peak 0.08 floor 0.0050 ceil 0.0165 on_thr 0.0247 vad=silero
2026-09-17 00:27:38,036 INFO T-rec xyrus.hearing: whisper drop: 'Now you can.' lp=-0.99 reason=logprob (advisory) no_speech=0.52
2026-09-17 00:27:38,037 INFO T-rec xyrus.recognizer: Whisper wake check: rejected 'Now you can.' lp=-0.99 (not the name)
2026-09-17 00:27:41,173 INFO T-rec xyrus.capture: capture: 0.7 s speech (vad 0.86 max) peak 0.03 floor 0.0034 ceil 0.0072 on_thr 0.0108 vad=silero
2026-09-17 00:27:41,575 INFO T-rec xyrus.recognizer: Whisper wake check: rejected 'Last people come.' lp=-0.86 (not the name)
2026-09-17 00:27:57,673 INFO T-rec xyrus.capture: capture: 2.1 s speech (vad 0.92 max) peak 0.09 floor 0.0049 ceil 0.0080 on_thr 0.0115 vad=silero
2026-09-17 00:27:58,089 INFO T-rec xyrus.hearing: whisper drop: 'Open Chrome and play a song.' lp=-0.88 reason=prompt_echo
2026-09-17 00:27:58,089 INFO T-rec xyrus.recognizer: Whisper wake check: rejected '' lp=-0.88 (nothing)
2026-09-17 00:28:23,174 INFO T-rec xyrus.capture: capture: 0.2 s speech (vad 0.40 max) peak 0.04 floor 0.0047 ceil 0.0100 on_thr 0.0149 vad=silero
2026-09-17 00:28:23,503 INFO T-rec xyrus.recognizer: Whisper wake check: rejected 'Thank you.' lp=-0.67 (not the name)
2026-09-17 00:28:33,174 INFO T-rec xyrus.capture: capture: 0.8 s speech (vad 0.96 max) peak 0.09 floor 0.0040 ceil 0.0104 on_thr 0.0151 vad=silero
2026-09-17 00:28:33,568 INFO T-rec xyrus.recognizer: Whisper wake check: rejected 'Rain along.' lp=-0.51 (not the name)
2026-09-17 00:28:39,425 INFO T-rec xyrus.capture: capture: 2.2 s speech (vad 0.98 max) peak 0.10 floor 0.0035 ceil 0.0061 on_thr 0.0094 vad=silero
2026-09-17 00:28:39,987 INFO T-rec xyrus.recognizer: Whisper wake check: rejected "This guy is organized. Let's kill him." lp=-0.76 (not the name)
2026-09-17 00:28:42,675 INFO T-rec xyrus.capture: capture: 1.3 s speech (vad 0.86 max) peak 0.04 floor 0.0035 ceil 0.0069 on_thr 0.0098 vad=silero
2026-09-17 00:28:43,213 INFO T-rec xyrus.recognizer: Whisper wake check: rejected "You know what I'm talking about." lp=-0.90 (not the name)
2026-09-17 00:29:13,425 INFO T-rec xyrus.capture: capture: 1.1 s speech (vad 0.74 max) peak 0.07 floor 0.0044 ceil 0.0169 on_thr 0.0245 vad=silero
2026-09-17 00:29:13,820 INFO T-rec xyrus.recognizer: Whisper wake check: rejected "Today's the day." lp=-0.87 (not the name)
2026-09-17 00:29:15,675 INFO T-rec xyrus.capture: capture: 0.5 s speech (vad 0.90 max) peak 0.05 floor 0.0052 ceil 0.0169 on_thr 0.0254 vad=silero
2026-09-17 00:29:16,058 INFO T-rec xyrus.recognizer: Whisper wake check: rejected 'Thank you.' lp=-0.82 (not the name)
2026-09-17 00:29:20,176 INFO T-rec xyrus.capture: capture: 0.2 s speech (vad 0.66 max) peak 0.11 floor 0.0071 ceil 0.0131 on_thr 0.0192 vad=silero
2026-09-17 00:29:20,590 INFO T-rec xyrus.hearing: whisper drop: 'Okay.' lp=-1.06 reason=logprob (advisory) no_speech=0.68
2026-09-17 00:29:20,590 INFO T-rec xyrus.recognizer: Whisper wake check: rejected 'Okay.' lp=-1.06 (not the name)
2026-09-17 00:29:58,426 INFO T-rec xyrus.capture: capture: 2.7 s speech (vad 0.91 max) peak 0.07 floor 0.0052 ceil 0.0121 on_thr 0.0173 vad=silero
2026-09-17 00:29:59,060 INFO T-rec xyrus.hearing: whisper drop: "No, don't put too much on your feet though." lp=-0.92 reason=logprob (advisory) no_speech=0.24
2026-09-17 00:29:59,060 INFO T-rec xyrus.recognizer: Whisper wake check: rejected "No, don't put too much on your feet though." lp=-0.92 (not the name)
2026-09-17 00:30:04,926 INFO T-rec xyrus.capture: capture: 0.9 s speech (vad 0.95 max) peak 0.07 floor 0.0054 ceil 0.0199 on_thr 0.0299 vad=silero
2026-09-17 00:30:05,381 INFO T-rec xyrus.recognizer: Whisper wake check: rejected 'Let them in, bro.' lp=-0.26 (not the name)
2026-09-17 00:30:08,676 INFO T-rec xyrus.capture: capture: 0.8 s speech (vad 0.89 max) peak 0.11 floor 0.0055 ceil 0.0109 on_thr 0.0163 vad=silero
2026-09-17 00:30:09,400 INFO T-rec xyrus.hearing: whisper drop: 'What the hell is this?' lp=-1.23 reason=logprob (advisory) no_speech=0.27
2026-09-17 00:30:09,400 INFO T-rec xyrus.recognizer: Whisper wake check: rejected 'What the hell is this?' lp=-1.23 (not the name)
2026-09-17 00:30:52,427 INFO T-rec xyrus.capture: capture: 1.5 s speech (vad 0.96 max) peak 0.21 floor 0.0048 ceil 0.0111 on_thr 0.0177 vad=silero
2026-09-17 00:30:52,972 INFO T-rec xyrus.recognizer: Whisper wake check: rejected "Allah! He's 120." lp=-0.59 (not the name)
2026-09-17 00:30:56,678 INFO T-rec xyrus.capture: capture: 0.7 s speech (vad 0.99 max) peak 0.14 floor 0.0055 ceil 0.0121 on_thr 0.0172 vad=silero
2026-09-17 00:30:57,201 INFO T-rec xyrus.recognizer: Whisper wake check: rejected 'Just go for Dev.' lp=-0.41 (not the name)
2026-09-17 00:31:07,428 INFO T-rec xyrus.capture: capture: 0.4 s speech (vad 0.87 max) peak 0.04 floor 0.0067 ceil 0.0130 on_thr 0.0195 vad=silero
2026-09-17 00:31:07,944 INFO T-rec xyrus.recognizer: Whisper wake check: rejected 'Move over to the scene.' lp=-0.72 (not the name)
2026-09-17 00:31:24,935 INFO T-index xyrus.actions.apps: start menu index: 122 entries
2026-09-17 00:31:26,178 INFO T-rec xyrus.capture: capture: 1.6 s speech (vad 0.97 max) peak 0.09 floor 0.0044 ceil 0.0083 on_thr 0.0152 vad=silero
2026-09-17 00:31:26,875 INFO T-rec xyrus.hearing: whisper drop: "Let's play a map." lp=-1.10 reason=logprob (advisory) no_speech=0.37
2026-09-17 00:31:26,875 INFO T-rec xyrus.recognizer: Whisper wake check: rejected "Let's play a map." lp=-1.10 (not the name)
2026-09-17 00:31:34,678 INFO T-rec xyrus.capture: capture: 3.5 s speech (vad 0.92 max) peak 0.09 floor 0.0039 ceil 0.0079 on_thr 0.0134 vad=silero
2026-09-17 00:31:35,202 INFO T-rec xyrus.recognizer: Whisper wake check: rejected 'You can do what you see now.' lp=-0.86 (not the name)
2026-09-17 00:32:12,179 INFO T-rec xyrus.capture: capture: 2.2 s speech (vad 0.91 max) peak 0.08 floor 0.0038 ceil 0.0173 on_thr 0.0212 vad=silero
2026-09-17 00:32:12,930 INFO T-rec xyrus.hearing: whisper drop: 'Open the door. Open the door.' lp=-1.10 reason=logprob (advisory) no_speech=0.22
2026-09-17 00:32:12,930 INFO T-rec xyrus.recognizer: Whisper wake check: rejected 'Open the door. Open the door.' lp=-1.10 (not the name)
2026-09-17 00:32:18,929 INFO T-rec xyrus.capture: capture: 2.5 s speech (vad 0.91 max) peak 0.13 floor 0.0047 ceil 0.0156 on_thr 0.0234 vad=silero
2026-09-17 00:32:19,766 INFO T-rec xyrus.recognizer: Whisper wake check: rejected "Wait, wait, wait. Don't, don't, don't peek, bro. My name." lp=-0.34 (not the name)
2026-09-17 00:32:25,176 INFO T-rec xyrus.recognizer: recognizer stats: {'wake_checks': 47, 'wake_check_long': 2, 'wake_whisper': 0, 'whisper_retries': 0, 'captures': 0, 'capture_dropped': 0, 'wake_confirms': 0, 'wake_rejected': 0, 'wake_with_command': 0, 'playback_flushes': 0, 'bn_decodes': 0, 'arm_timeouts': 0, 'capture_dropped_by_reason': {}}
2026-09-17 00:33:09,180 INFO T-rec xyrus.capture: capture: 0.6 s speech (vad 0.89 max) peak 0.08 floor 0.0037 ceil 0.0117 on_thr 0.0174 vad=silero
2026-09-17 00:33:09,593 INFO T-rec xyrus.recognizer: Whisper wake check: rejected 'Maybe a...' lp=-0.58 (not the name)
2026-09-17 00:33:12,180 INFO T-rec xyrus.capture: capture: 0.2 s speech (vad 0.73 max) peak 0.05 floor 0.0050 ceil 0.0097 on_thr 0.0146 vad=silero
2026-09-17 00:33:12,632 INFO T-rec xyrus.recognizer: Whisper wake check: rejected "That's it." lp=-0.68 (not the name)
2026-09-17 00:33:14,282 INFO T-rec xyrus.recognizer: Vosk wake 'several' (sound-alike, name lost): the breath goes on - Whisper hears it whole at its end
2026-09-17 00:33:14,930 INFO T-rec xyrus.capture: capture: 0.8 s speech (vad 0.99 max) peak 0.12 floor 0.0053 ceil 0.0159 on_thr 0.0239 vad=silero
2026-09-17 00:33:15,581 INFO T-rec xyrus.recognizer: Whisper wake check: rejected "It's a, it's a bro." lp=-0.47 (not the name)
2026-09-17 00:33:44,931 INFO T-rec xyrus.capture: capture: 0.6 s speech (vad 0.79 max) peak 0.07 floor 0.0053 ceil 0.0107 on_thr 0.0159 vad=silero
2026-09-17 00:33:45,331 INFO T-rec xyrus.recognizer: Whisper wake check: rejected 'Ha!' lp=-0.85 (not the name)
2026-09-17 00:34:25,432 INFO T-rec xyrus.capture: capture: 4.0 s speech (vad 0.98 max) peak 0.08 floor 0.0036 ceil 0.0080 on_thr 0.0113 vad=silero
2026-09-17 00:34:26,018 INFO T-rec xyrus.recognizer: Whisper wake check: rejected 'Someone go be bro. Go be, go be, go be.' lp=-0.54 (not the name)
2026-09-17 00:34:27,432 INFO T-rec xyrus.capture: capture: 0.2 s speech (vad 0.55 max) peak 0.05 floor 0.0052 ceil 0.0111 on_thr 0.0137 vad=silero
2026-09-17 00:34:27,806 INFO T-rec xyrus.recognizer: Whisper wake check: rejected 'Thank you.' lp=-0.88 (not the name)
2026-09-17 00:34:32,182 INFO T-rec xyrus.capture: capture: 1.7 s speech (vad 0.88 max) peak 0.06 floor 0.0041 ceil 0.0094 on_thr 0.0136 vad=silero
2026-09-17 00:34:32,617 INFO T-rec xyrus.recognizer: Whisper wake check: rejected 'Oh, fuck, suddenly, suddenly, suddenly.' lp=-0.56 (not the name)
2026-09-17 00:34:34,932 INFO T-rec xyrus.capture: capture: 0.2 s speech (vad 0.49 max) peak 0.05 floor 0.0051 ceil 0.0139 on_thr 0.0209 vad=silero
2026-09-17 00:34:35,260 INFO T-rec xyrus.recognizer: Whisper wake check: rejected 'Bye.' lp=-0.81 (not the name)
2026-09-17 00:34:45,182 INFO T-rec xyrus.capture: capture: 1.8 s speech (vad 0.97 max) peak 0.11 floor 0.0051 ceil 0.0088 on_thr 0.0117 vad=silero
2026-09-17 00:34:45,622 INFO T-rec xyrus.recognizer: Whisper wake check: rejected 'Shundor Syria.' lp=-0.84 (not the name)
2026-09-17 00:34:53,433 INFO T-rec xyrus.capture: capture: 4.1 s speech (vad 0.94 max) peak 0.09 floor 0.0061 ceil 0.0104 on_thr 0.0193 vad=silero
2026-09-17 00:34:53,893 INFO T-rec xyrus.hearing: whisper drop: 'Waste.' lp=-1.21 reason=logprob (advisory) no_speech=0.29
2026-09-17 00:34:53,893 INFO T-rec xyrus.recognizer: Whisper wake check: rejected 'Waste.' lp=-1.21 (not the name)
2026-09-17 00:34:57,183 INFO T-rec xyrus.capture: capture: 0.8 s speech (vad 0.88 max) peak 0.22 floor 0.0058 ceil 0.0136 on_thr 0.0198 vad=silero
2026-09-17 00:34:57,613 INFO T-rec xyrus.recognizer: Whisper wake check: rejected 'What are you doing?' lp=-0.70 (not the name)
2026-09-17 00:35:26,933 INFO T-rec xyrus.capture: capture: 8.1 s speech (vad 0.77 max) peak 0.10 floor 0.0036 ceil 0.0090 on_thr 0.0135 vad=silero
2026-09-17 00:35:51,683 INFO T-rec xyrus.capture: capture: 0.5 s speech (vad 0.85 max) peak 0.38 floor 0.0051 ceil 0.0126 on_thr 0.0192 vad=silero
2026-09-17 00:35:52,024 INFO T-rec xyrus.recognizer: Whisper wake check: rejected 'Aww.' lp=-0.52 (not the name)
2026-09-17 00:35:56,934 INFO T-rec xyrus.capture: capture: 1.5 s speech (vad 0.95 max) peak 0.07 floor 0.0029 ceil 0.0156 on_thr 0.0234 vad=silero
2026-09-17 00:35:57,375 INFO T-rec xyrus.recognizer: Whisper wake check: rejected "Oh f*** I'm so blind." lp=-0.47 (not the name)
2026-09-17 00:36:11,185 INFO T-rec xyrus.capture: capture: 1.2 s speech (vad 0.98 max) peak 0.27 floor 0.0046 ceil 0.0076 on_thr 0.0114 vad=silero
2026-09-17 00:36:11,656 INFO T-rec xyrus.recognizer: Whisper wake check: rejected 'Give me some time, wait wait wait.' lp=-0.33 (not the name)
2026-09-17 00:36:19,935 INFO T-rec xyrus.capture: capture: 1.4 s speech (vad 0.98 max) peak 0.14 floor 0.0044 ceil 0.0095 on_thr 0.0191 vad=silero
2026-09-17 00:36:20,351 INFO T-rec xyrus.hearing: whisper drop: 'Up up up up, careful.' lp=-0.49 reason=repeat
2026-09-17 00:36:20,351 INFO T-rec xyrus.recognizer: Whisper wake check: rejected '' lp=-0.49 (nothing)
2026-09-17 00:36:26,935 INFO T-rec xyrus.capture: capture: 1.1 s speech (vad 0.97 max) peak 0.19 floor 0.0053 ceil 0.0127 on_thr 0.0183 vad=silero
2026-09-17 00:36:27,402 INFO T-rec xyrus.hearing: whisper drop: 'Allah is the Greatest.' lp=-0.97 reason=logprob (advisory) no_speech=0.18
2026-09-17 00:36:27,402 INFO T-rec xyrus.recognizer: Whisper wake check: rejected 'Allah is the Greatest.' lp=-0.97 (not the name)
2026-09-17 00:36:34,185 INFO T-rec xyrus.capture: capture: 3.9 s speech (vad 0.98 max) peak 0.49 floor 0.0043 ceil 0.0103 on_thr 0.0155 vad=silero
2026-09-17 00:36:34,737 INFO T-rec xyrus.recognizer: Whisper wake check: rejected 'Just get him get him get him' lp=-0.50 (not the name)
2026-09-17 00:36:38,435 INFO T-rec xyrus.capture: capture: 1.3 s speech (vad 0.95 max) peak 0.18 floor 0.0043 ceil 0.0100 on_thr 0.0144 vad=silero
2026-09-17 00:36:38,905 INFO T-rec xyrus.recognizer: Whisper wake check: rejected 'Just do a ho.' lp=-0.45 (not the name)
2026-09-17 00:36:41,435 INFO T-rec xyrus.capture: capture: 0.7 s speech (vad 0.81 max) peak 0.09 floor 0.0044 ceil 0.0103 on_thr 0.0155 vad=silero
2026-09-17 00:36:41,825 INFO T-rec xyrus.recognizer: Whisper wake check: rejected 'Oof.' lp=-0.68 (not the name)
2026-09-17 00:36:43,185 INFO T-rec xyrus.capture: capture: 0.4 s speech (vad 0.90 max) peak 0.13 floor 0.0044 ceil 0.0106 on_thr 0.0155 vad=silero
2026-09-17 00:36:43,616 INFO T-rec xyrus.recognizer: Whisper wake check: rejected 'Take the hope.' lp=-0.63 (not the name)
2026-09-17 00:37:21,186 INFO T-rec xyrus.capture: capture: 1.2 s speech (vad 0.93 max) peak 0.04 floor 0.0049 ceil 0.0109 on_thr 0.0164 vad=silero
2026-09-17 00:37:21,605 INFO T-rec xyrus.recognizer: Whisper wake check: rejected "Here's the answer." lp=-0.79 (not the name)
2026-09-17 00:37:25,686 INFO T-rec xyrus.capture: capture: 1.4 s speech (vad 0.92 max) peak 0.06 floor 0.0044 ceil 0.0142 on_thr 0.0213 vad=silero
2026-09-17 00:37:26,027 INFO T-rec xyrus.recognizer: Whisper wake check: rejected 'Nice.' lp=-0.45 (not the name)
2026-09-17 00:37:28,186 INFO T-rec xyrus.capture: capture: 1.1 s speech (vad 0.97 max) peak 0.14 floor 0.0044 ceil 0.0142 on_thr 0.0213 vad=silero
2026-09-17 00:37:28,611 INFO T-rec xyrus.recognizer: Whisper wake check: rejected 'You can leave it to me.' lp=-0.21 (not the name)
2026-09-17 00:37:37,436 INFO T-rec xyrus.capture: capture: 3.0 s speech (vad 0.99 max) peak 0.21 floor 0.0038 ceil 0.0097 on_thr 0.0146 vad=silero
2026-09-17 00:37:37,844 INFO T-rec xyrus.recognizer: Whisper wake check: rejected 'Just leave me it, bro.' lp=-0.65 (not the name)
2026-09-17 00:37:41,436 INFO T-rec xyrus.capture: capture: 0.9 s speech (vad 0.97 max) peak 0.07 floor 0.0040 ceil 0.0074 on_thr 0.0103 vad=silero
2026-09-17 00:37:41,847 INFO T-rec xyrus.recognizer: Whisper wake check: rejected "I'm coming too." lp=-0.24 (not the name)
2026-09-17 00:37:53,186 INFO T-rec xyrus.capture: capture: 0.5 s speech (vad 0.61 max) peak 0.06 floor 0.0052 ceil 0.0134 on_thr 0.0193 vad=silero
2026-09-17 00:37:53,663 INFO T-rec xyrus.recognizer: Whisper wake check: rejected "It's like this." lp=-0.75 (not the name)
2026-09-17 00:38:02,687 INFO T-rec xyrus.capture: capture: 0.9 s speech (vad 0.94 max) peak 0.07 floor 0.0057 ceil 0.0155 on_thr 0.0232 vad=silero
2026-09-17 00:38:03,298 INFO T-rec xyrus.recognizer: Whisper wake check: rejected "I'm not gonna peek anymore." lp=-0.41 (not the name)
2026-09-17 00:38:05,187 INFO T-rec xyrus.capture: capture: 0.6 s speech (vad 0.98 max) peak 0.10 floor 0.0053 ceil 0.0155 on_thr 0.0232 vad=silero
2026-09-17 00:38:05,653 INFO T-rec xyrus.recognizer: Whisper wake check: rejected 'Just play time.' lp=-0.32 (not the name)
2026-09-17 00:38:12,437 INFO T-rec xyrus.capture: capture: 1.0 s speech (vad 0.98 max) peak 0.28 floor 0.0046 ceil 0.0133 on_thr 0.0158 vad=silero
2026-09-17 00:38:13,014 INFO T-rec xyrus.recognizer: Whisper wake check: rejected "Don't die, don't die champ." lp=-0.26 (not the name)
2026-09-17 00:38:16,187 INFO T-rec xyrus.capture: capture: 0.7 s speech (vad 0.95 max) peak 0.12 floor 0.0056 ceil 0.0102 on_thr 0.0141 vad=silero
2026-09-17 00:38:16,630 INFO T-rec xyrus.recognizer: Whisper wake check: rejected 'Let him plant.' lp=-0.21 (not the name)
2026-09-17 00:38:22,437 INFO T-rec xyrus.capture: capture: 0.3 s speech (vad 0.85 max) peak 0.08 floor 0.0062 ceil 0.0289 on_thr 0.0434 vad=silero
2026-09-17 00:38:22,920 INFO T-rec xyrus.hearing: whisper drop: 'Okay.' lp=-1.20 reason=logprob (advisory) no_speech=0.64
2026-09-17 00:38:22,921 INFO T-rec xyrus.recognizer: Whisper wake check: rejected 'Okay.' lp=-1.20 (not the name)
2026-09-17 00:38:26,937 INFO T-rec xyrus.capture: capture: 0.4 s speech (vad 0.71 max) peak 0.38 floor 0.0079 ceil 0.0366 on_thr 0.0550 vad=silero
2026-09-17 00:38:27,475 INFO T-rec xyrus.recognizer: Whisper wake check: rejected 'I need a camera.' lp=-0.76 (not the name)
2026-09-17 00:38:31,188 INFO T-rec xyrus.capture: capture: 2.3 s speech (vad 0.97 max) peak 0.63 floor 0.0049 ceil 0.0208 on_thr 0.0312 vad=silero
2026-09-17 00:38:31,948 INFO T-rec xyrus.recognizer: Whisper wake check: rejected 'Up on your right, right, right. Yeah, I got one too.' lp=-0.42 (not the name)
2026-09-17 00:38:32,937 INFO T-rec xyrus.capture: capture: 0.2 s speech (vad 0.71 max) peak 0.17 floor 0.0049 ceil 0.0205 on_thr 0.0312 vad=silero
2026-09-17 00:38:33,312 INFO T-rec xyrus.recognizer: Whisper wake check: rejected 'Ha ha ha.' lp=-0.75 (not the name)
2026-09-17 00:38:38,187 INFO T-rec xyrus.capture: capture: 0.6 s speech (vad 0.86 max) peak 0.05 floor 0.0041 ceil 0.0068 on_thr 0.0115 vad=silero
2026-09-17 00:38:38,649 INFO T-rec xyrus.recognizer: Whisper wake check: rejected 'Okay, almost.' lp=-0.61 (not the name)
2026-09-17 00:38:53,188 INFO T-rec xyrus.capture: capture: 7.2 s speech (vad 0.99 max) peak 0.11 floor 0.0046 ceil 0.0091 on_thr 0.0164 vad=silero
2026-09-17 00:39:01,438 INFO T-rec xyrus.capture: capture: 1.6 s speech (vad 0.91 max) peak 0.07 floor 0.0051 ceil 0.0085 on_thr 0.0127 vad=silero
2026-09-17 00:39:01,976 INFO T-rec xyrus.recognizer: Whisper wake check: rejected "There's a lot to add in here." lp=-0.81 (not the name)
2026-09-17 00:39:11,438 INFO T-rec xyrus.capture: capture: 1.1 s speech (vad 0.81 max) peak 0.04 floor 0.0037 ceil 0.0102 on_thr 0.0152 vad=silero
2026-09-17 00:39:12,055 INFO T-rec xyrus.recognizer: Whisper wake check: rejected 'You do this. You do this.' lp=-0.72 (not the name)
2026-09-17 00:39:17,688 INFO T-rec xyrus.capture: capture: 0.4 s speech (vad 0.87 max) peak 0.21 floor 0.0054 ceil 0.0176 on_thr 0.0227 vad=silero
2026-09-17 00:39:18,019 INFO T-rec xyrus.recognizer: Whisper wake check: rejected 'Great!' lp=-0.54 (not the name)
2026-09-17 00:39:20,938 INFO T-rec xyrus.capture: capture: 1.3 s speech (vad 0.94 max) peak 0.24 floor 0.0056 ceil 0.0188 on_thr 0.0264 vad=silero
2026-09-17 00:39:21,362 INFO T-rec xyrus.recognizer: Whisper wake check: rejected "Don't need to pick, bro." lp=-0.38 (not the name)
2026-09-17 00:39:42,939 INFO T-rec xyrus.capture: capture: 1.2 s speech (vad 0.96 max) peak 0.10 floor 0.0033 ceil 0.0097 on_thr 0.0128 vad=silero
2026-09-17 00:39:43,364 INFO T-rec xyrus.recognizer: Whisper wake check: rejected "Nice. Don't peek." lp=-0.60 (not the name)
2026-09-17 00:39:48,938 INFO T-rec xyrus.capture: capture: 1.1 s speech (vad 0.98 max) peak 0.23 floor 0.0036 ceil 0.0099 on_thr 0.0145 vad=silero
2026-09-17 00:39:49,550 INFO T-rec xyrus.recognizer: Whisper wake check: rejected "I'll go HM, you wait." lp=-0.23 (not the name)
2026-09-17 00:39:53,939 INFO T-rec xyrus.capture: capture: 0.8 s speech (vad 0.98 max) peak 0.15 floor 0.0039 ceil 0.0086 on_thr 0.0146 vad=silero
2026-09-17 00:39:54,364 INFO T-rec xyrus.recognizer: Whisper wake check: rejected 'One mid, one mid champ.' lp=-0.29 (not the name)
2026-09-17 00:40:05,189 INFO T-rec xyrus.capture: capture: 1.9 s speech (vad 0.99 max) peak 0.24 floor 0.0064 ceil 0.0205 on_thr 0.0295 vad=silero
2026-09-17 00:40:05,654 INFO T-rec xyrus.hearing: whisper drop: 'Right, right, right, right, right.' lp=-0.35 reason=repeat
2026-09-17 00:40:05,654 INFO T-rec xyrus.recognizer: Whisper wake check: rejected '' lp=-0.35 (nothing)
2026-09-17 00:40:11,189 INFO T-rec xyrus.capture: capture: 1.7 s speech (vad 0.98 max) peak 0.11 floor 0.0051 ceil 0.0110 on_thr 0.0135 vad=silero
2026-09-17 00:40:11,874 INFO T-rec xyrus.hearing: whisper drop: 'You will find a beautiful song.' lp=-1.07 reason=logprob (advisory) no_speech=0.30
2026-09-17 00:40:11,874 INFO T-rec xyrus.recognizer: Whisper wake check: rejected 'You will find a beautiful song.' lp=-1.07 (not the name)
2026-09-17 00:40:24,952 INFO T-index xyrus.actions.apps: start menu index: 122 entries
2026-09-17 00:40:38,690 INFO T-rec xyrus.capture: capture: 10.4 s speech (vad 0.99 max) peak 0.15 floor 0.0053 ceil 0.0127 on_thr 0.0191 vad=silero
2026-09-17 00:40:42,940 INFO T-rec xyrus.capture: capture: 0.2 s speech (vad 0.58 max) peak 0.07 floor 0.0034 ceil 0.0117 on_thr 0.0175 vad=silero
2026-09-17 00:40:43,312 INFO T-rec xyrus.recognizer: Whisper wake check: rejected 'Thank you.' lp=-0.49 (not the name)
2026-09-17 00:40:44,690 INFO T-rec xyrus.capture: capture: 0.3 s speech (vad 0.85 max) peak 0.06 floor 0.0034 ceil 0.0117 on_thr 0.0175 vad=silero
2026-09-17 00:40:45,052 INFO T-rec xyrus.hearing: whisper drop: 'Ha ha.' lp=-0.97 reason=logprob (advisory) no_speech=0.61
2026-09-17 00:40:45,052 INFO T-rec xyrus.recognizer: Whisper wake check: rejected 'Ha ha.' lp=-0.97 (not the name)
2026-09-17 00:40:47,940 INFO T-rec xyrus.capture: capture: 0.8 s speech (vad 0.99 max) peak 0.16 floor 0.0035 ceil 0.0081 on_thr 0.0121 vad=silero
2026-09-17 00:40:48,335 INFO T-rec xyrus.recognizer: Whisper wake check: rejected "What's up, Norm?" lp=-0.75 (not the name)
2026-09-17 00:40:53,190 INFO T-rec xyrus.capture: capture: 2.0 s speech (vad 0.92 max) peak 0.17 floor 0.0057 ceil 0.0141 on_thr 0.0184 vad=silero
2026-09-17 00:40:53,572 INFO T-rec xyrus.recognizer: Whisper wake check: rejected 'Oh, how long was that?' lp=-0.49 (not the name)
2026-09-17 00:40:59,190 INFO T-rec xyrus.capture: capture: 0.9 s speech (vad 0.95 max) peak 0.04 floor 0.0068 ceil 0.0144 on_thr 0.0217 vad=silero
2026-09-17 00:40:59,582 INFO T-rec xyrus.recognizer: Whisper wake check: rejected "Do you think he's like that?" lp=-0.76 (not the name)
2026-09-17 00:41:06,190 INFO T-rec xyrus.capture: capture: 1.1 s speech (vad 0.87 max) peak 0.06 floor 0.0071 ceil 0.0220 on_thr 0.0334 vad=silero
2026-09-17 00:41:06,573 INFO T-rec xyrus.recognizer: Whisper wake check: rejected 'Do you know something you can do?' lp=-0.82 (not the name)
2026-09-17 00:41:12,191 INFO T-rec xyrus.capture: capture: 0.8 s speech (vad 0.94 max) peak 0.07 floor 0.0042 ceil 0.0155 on_thr 0.0233 vad=silero
2026-09-17 00:41:12,712 INFO T-rec xyrus.hearing: whisper drop: 'Projector.' lp=-1.08 reason=logprob (advisory) no_speech=0.35
2026-09-17 00:41:12,712 INFO T-rec xyrus.recognizer: Whisper wake check: rejected 'Projector.' lp=-1.08 (not the name)
2026-09-17 00:41:26,941 INFO T-rec xyrus.capture: capture: 8.0 s speech (vad 0.97 max) peak 0.25 floor 0.0050 ceil 0.0088 on_thr 0.0130 vad=silero
2026-09-17 00:41:29,941 INFO T-rec xyrus.capture: capture: 1.2 s speech (vad 0.90 max) peak 0.07 floor 0.0050 ceil 0.0088 on_thr 0.0133 vad=silero
2026-09-17 00:41:30,363 INFO T-rec xyrus.hearing: whisper drop: 'This is exactly what I want.' lp=-0.90 reason=logprob (advisory) no_speech=0.56
2026-09-17 00:41:30,364 INFO T-rec xyrus.recognizer: Whisper wake check: rejected 'This is exactly what I want.' lp=-0.90 (not the name)
2026-09-17 00:42:02,692 INFO T-rec xyrus.capture: capture: 0.6 s speech (vad 0.99 max) peak 0.16 floor 0.0053 ceil 0.0099 on_thr 0.0147 vad=silero
2026-09-17 00:42:03,076 INFO T-rec xyrus.recognizer: Whisper wake check: rejected 'Innans meet.' lp=-0.84 (not the name)
2026-09-17 00:42:05,691 INFO T-rec xyrus.capture: capture: 0.9 s speech (vad 0.90 max) peak 0.03 floor 0.0056 ceil 0.0097 on_thr 0.0148 vad=silero
2026-09-17 00:42:06,309 INFO T-rec xyrus.hearing: whisper drop: "I don't need you." lp=-0.92 reason=logprob (advisory) no_speech=0.43
2026-09-17 00:42:06,309 INFO T-rec xyrus.recognizer: Whisper wake check: rejected "I don't need you." lp=-0.92 (not the name)
2026-09-17 00:42:19,692 INFO T-rec xyrus.capture: capture: 0.6 s speech (vad 0.60 max) peak 0.12 floor 0.0074 ceil 0.0137 on_thr 0.0206 vad=silero
2026-09-17 00:42:20,194 INFO T-rec xyrus.recognizer: Whisper wake check: rejected 'Yes.' lp=-0.42 (not the name)
2026-09-17 00:42:25,189 INFO T-rec xyrus.recognizer: recognizer stats: {'wake_checks': 102, 'wake_check_long': 6, 'wake_whisper': 0, 'whisper_retries': 0, 'captures': 0, 'capture_dropped': 0, 'wake_confirms': 0, 'wake_rejected': 0, 'wake_with_command': 0, 'playback_flushes': 0, 'bn_decodes': 0, 'arm_timeouts': 0, 'capture_dropped_by_reason': {}}
2026-09-17 00:42:31,192 INFO T-rec xyrus.capture: capture: 2.6 s speech (vad 0.93 max) peak 0.08 floor 0.0055 ceil 0.0095 on_thr 0.0152 vad=silero
2026-09-17 00:42:32,077 INFO T-rec xyrus.hearing: whisper drop: "I'm going to play a song for you." lp=-1.25 reason=logprob (advisory) no_speech=0.27
2026-09-17 00:42:32,077 INFO T-rec xyrus.recognizer: Whisper wake check: rejected "I'm going to play a song for you." lp=-1.25 (not the name)
2026-09-17 00:42:38,692 INFO T-rec xyrus.capture: capture: 0.3 s speech (vad 0.72 max) peak 0.38 floor 0.0033 ceil 0.0126 on_thr 0.0222 vad=silero
2026-09-17 00:42:38,999 INFO T-rec xyrus.recognizer: Whisper wake check: rejected 'Ah!' lp=-0.35 (not the name)
2026-09-17 00:43:13,693 INFO T-rec xyrus.capture: capture: 0.5 s speech (vad 0.88 max) peak 0.08 floor 0.0044 ceil 0.0118 on_thr 0.0107 vad=silero
2026-09-17 00:43:14,067 INFO T-rec xyrus.recognizer: Whisper wake check: rejected 'Ugh.' lp=-0.70 (not the name)
2026-09-17 00:43:28,194 INFO T-rec xyrus.capture: capture: 10.2 s speech (vad 0.99 max) peak 0.17 floor 0.0052 ceil 0.0125 on_thr 0.0188 vad=silero
2026-09-17 00:43:57,694 INFO T-rec xyrus.capture: capture: 17.4 s speech (vad 0.99 max) peak 0.26 floor 0.0051 ceil 0.0110 on_thr 0.0164 vad=silero
2026-09-17 00:44:07,945 INFO T-rec xyrus.capture: capture: 1.2 s speech (vad 0.79 max) peak 0.07 floor 0.0058 ceil 0.0118 on_thr 0.0177 vad=silero
2026-09-17 00:44:08,332 INFO T-rec xyrus.hearing: whisper drop: 'Thank you.' lp=-0.96 reason=logprob (advisory) no_speech=0.50
2026-09-17 00:44:08,332 INFO T-rec xyrus.recognizer: Whisper wake check: rejected 'Thank you.' lp=-0.96 (not the name)
2026-09-17 00:44:20,695 INFO T-rec xyrus.capture: capture: 1.3 s speech (vad 0.88 max) peak 0.10 floor 0.0037 ceil 0.0101 on_thr 0.0152 vad=silero
2026-09-17 00:44:21,353 INFO T-rec xyrus.hearing: whisper drop: "It's a beautiful song." lp=-1.16 reason=logprob (advisory) no_speech=0.46
2026-09-17 00:44:21,353 INFO T-rec xyrus.recognizer: Whisper wake check: rejected "It's a beautiful song." lp=-1.16 (not the name)
2026-09-17 00:44:22,195 INFO T-rec xyrus.capture: capture: 0.2 s speech (vad 0.66 max) peak 0.06 floor 0.0037 ceil 0.0133 on_thr 0.0152 vad=silero
2026-09-17 00:44:22,555 INFO T-rec xyrus.hearing: whisper drop: 'Thank you.' lp=-0.94 reason=logprob (advisory) no_speech=0.68
2026-09-17 00:44:22,555 INFO T-rec xyrus.recognizer: Whisper wake check: rejected 'Thank you.' lp=-0.94 (not the name)
2026-09-17 00:44:27,695 INFO T-rec xyrus.capture: capture: 2.1 s speech (vad 0.87 max) peak 0.06 floor 0.0034 ceil 0.0110 on_thr 0.0098 vad=silero
2026-09-17 00:44:28,096 INFO T-rec xyrus.recognizer: Whisper wake check: rejected 'Thank you. Thank you.' lp=-0.85 (not the name)
2026-09-17 00:44:34,945 INFO T-rec xyrus.capture: capture: 3.6 s speech (vad 0.99 max) peak 1.00 floor 0.0035 ceil 0.0192 on_thr 0.0256 vad=silero
2026-09-17 00:44:35,523 INFO T-rec xyrus.recognizer: Whisper wake check: rejected 'Ah! Tweet a pistol round there for CME.' lp=-0.84 (not the name)
2026-09-17 00:44:52,196 INFO T-rec xyrus.capture: capture: 10.3 s speech (vad 0.99 max) peak 0.28 floor 0.0071 ceil 0.0223 on_thr 0.0335 vad=silero
2026-09-17 00:45:06,445 INFO T-rec xyrus.capture: capture: 9.4 s speech (vad 0.99 max) peak 0.41 floor 0.0083 ceil 0.0160 on_thr 0.0323 vad=silero
2026-09-17 00:45:15,446 INFO T-rec xyrus.capture: capture: 3.8 s speech (vad 0.97 max) peak 0.23 floor 0.0064 ceil 0.0148 on_thr 0.0221 vad=silero
2026-09-17 00:45:16,407 INFO T-rec xyrus.hearing: whisper drop: 'Rampur, stay here.' lp=-1.07 reason=logprob (advisory) no_speech=0.39
2026-09-17 00:45:16,407 INFO T-rec xyrus.recognizer: Whisper wake check: rejected 'Rampur, stay here.' lp=-1.07 (not the name)
2026-09-17 00:45:21,696 INFO T-rec xyrus.capture: capture: 2.6 s speech (vad 0.98 max) peak 0.12 floor 0.0043 ceil 0.0105 on_thr 0.0156 vad=silero
2026-09-17 00:45:22,024 INFO T-rec xyrus.recognizer: Whisper wake check: rejected 'This is a very beautiful place.' lp=-0.86 (not the name)
2026-09-17 00:45:24,696 INFO T-rec xyrus.capture: capture: 0.8 s speech (vad 0.90 max) peak 0.06 floor 0.0039 ceil 0.0105 on_thr 0.0157 vad=silero
2026-09-17 00:45:25,056 INFO T-rec xyrus.recognizer: Whisper wake check: rejected "I'll make a draw." lp=-0.67 (not the name)
2026-09-17 00:45:34,947 INFO T-rec xyrus.capture: capture: 3.6 s speech (vad 0.99 max) peak 0.13 floor 0.0068 ceil 0.0187 on_thr 0.0280 vad=silero
2026-09-17 00:45:35,387 INFO T-rec xyrus.recognizer: Whisper wake check: rejected 'Nix, can you help me?' lp=-0.54 (not the name)
2026-09-17 00:45:43,197 INFO T-rec xyrus.capture: capture: 1.4 s speech (vad 0.96 max) peak 0.11 floor 0.0047 ceil 0.0098 on_thr 0.0118 vad=silero
2026-09-17 00:45:43,664 INFO T-rec xyrus.recognizer: Whisper wake check: rejected "Don't peek, don't peek, just help." lp=-0.19 (not the name)
2026-09-17 00:45:49,196 INFO T-rec xyrus.capture: capture: 0.5 s speech (vad 0.93 max) peak 0.13 floor 0.0054 ceil 0.0113 on_thr 0.0171 vad=silero
2026-09-17 00:45:49,576 INFO T-rec xyrus.recognizer: Whisper wake check: rejected 'Hit my gun.' lp=-0.26 (not the name)
2026-09-17 00:45:59,947 INFO T-rec xyrus.capture: capture: 1.5 s speech (vad 0.97 max) peak 0.17 floor 0.0059 ceil 0.0111 on_thr 0.0166 vad=silero
2026-09-17 00:46:00,764 INFO T-rec xyrus.hearing: whisper drop: "I'm going to play a song. Play a song." lp=-0.98 reason=logprob (advisory) no_speech=0.15
2026-09-17 00:46:00,764 INFO T-rec xyrus.recognizer: Whisper wake check: rejected "I'm going to play a song. Play a song." lp=-0.98 (not the name)
2026-09-17 00:46:07,197 INFO T-rec xyrus.capture: capture: 0.3 s speech (vad 0.84 max) peak 0.05 floor 0.0058 ceil 0.0104 on_thr 0.0156 vad=silero
2026-09-17 00:46:07,588 INFO T-rec xyrus.recognizer: Whisper wake check: rejected 'Noice.' lp=-0.57 (not the name)
2026-09-17 00:46:34,197 INFO T-rec xyrus.capture: capture: 10.3 s speech (vad 0.99 max) peak 0.46 floor 0.0071 ceil 0.0167 on_thr 0.0260 vad=silero
2026-09-17 00:46:38,086 INFO T-rec xyrus.recognizer: Vosk wake 'youtube virus [unk] will' (sound-alike, [unk], extra words, low conf): the breath goes on - Whisper hears it whole at its end
2026-09-17 00:46:41,447 INFO T-rec xyrus.capture: capture: 4.1 s speech (vad 0.99 max) peak 0.35 floor 0.0045 ceil 0.0195 on_thr 0.0292 vad=silero
2026-09-17 00:46:42,130 INFO T-rec xyrus.recognizer: Whisper wake check: rejected "U of P Pharmacy was a long time ago, so that's how I got connected to U of P." lp=-0.80 (not the name)
2026-09-17 00:46:56,198 INFO T-rec xyrus.capture: capture: 5.8 s speech (vad 0.97 max) peak 0.10 floor 0.0067 ceil 0.0139 on_thr 0.0209 vad=silero
2026-09-17 00:46:58,698 INFO T-rec xyrus.capture: capture: 1.1 s speech (vad 0.97 max) peak 0.11 floor 0.0070 ceil 0.0139 on_thr 0.0209 vad=silero
2026-09-17 00:46:59,163 INFO T-rec xyrus.recognizer: Whisper wake check: rejected 'I had vandal, someone pick it up.' lp=-0.46 (not the name)
2026-09-17 00:47:06,948 INFO T-rec xyrus.capture: capture: 3.6 s speech (vad 0.93 max) peak 0.05 floor 0.0065 ceil 0.0182 on_thr 0.0273 vad=silero
2026-09-17 00:47:07,691 INFO T-rec xyrus.recognizer: Whisper wake check: rejected 'I like the movie. I love the movie. I like the movie so much.' lp=-0.68 (not the name)
2026-09-17 00:47:13,949 INFO T-rec xyrus.capture: capture: 0.3 s speech (vad 0.49 max) peak 0.03 floor 0.0043 ceil 0.0088 on_thr 0.0142 vad=silero
2026-09-17 00:47:14,333 INFO T-rec xyrus.recognizer: Whisper wake check: rejected 'Oh yeah.' lp=-0.50 (not the name)
2026-09-17 00:47:16,448 INFO T-rec xyrus.capture: capture: 0.4 s speech (vad 0.45 max) peak 0.04 floor 0.0051 ceil 0.0105 on_thr 0.0158 vad=silero
2026-09-17 00:47:16,822 INFO T-rec xyrus.hearing: whisper drop: 'Oh no.' lp=-1.11 reason=logprob (advisory) no_speech=0.62
2026-09-17 00:47:16,823 INFO T-rec xyrus.recognizer: Whisper wake check: rejected 'Oh no.' lp=-1.11 (not the name)
2026-09-17 00:47:20,198 INFO T-rec xyrus.capture: capture: 1.5 s speech (vad 0.77 max) peak 0.09 floor 0.0054 ceil 0.0159 on_thr 0.0169 vad=silero
2026-09-17 00:47:20,662 INFO T-rec xyrus.recognizer: Whisper wake check: rejected 'Oh, no.' lp=-0.77 (not the name)
2026-09-17 00:47:26,198 INFO T-rec xyrus.capture: capture: 0.2 s speech (vad 0.49 max) peak 0.05 floor 0.0041 ceil 0.0094 on_thr 0.0160 vad=silero
2026-09-17 00:47:26,427 INFO T-rec xyrus.recognizer: Whisper wake check: rejected 'Yes.' lp=-0.79 (not the name)
2026-09-17 00:47:47,949 INFO T-rec xyrus.capture: capture: 1.9 s speech (vad 0.98 max) peak 0.24 floor 0.0054 ceil 0.0094 on_thr 0.0141 vad=silero
2026-09-17 00:47:48,256 INFO T-rec xyrus.recognizer: Whisper wake check: rejected 'Where is UPE? What city?' lp=-0.69 (not the name)
2026-09-17 00:47:48,737 INFO T-rec xyrus.recognizer: Vosk wake '[unk] virus [unk]' (sound-alike, name lost): the breath goes on - Whisper hears it whole at its end
2026-09-17 00:47:57,199 INFO T-rec xyrus.capture: capture: 5.6 s speech (vad 0.98 max) peak 0.20 floor 0.0054 ceil 0.0094 on_thr 0.0141 vad=silero
2026-09-17 00:48:03,200 INFO T-rec xyrus.capture: capture: 4.4 s speech (vad 0.99 max) peak 0.29 floor 0.0055 ceil 0.0109 on_thr 0.0154 vad=silero
2026-09-17 00:48:04,342 INFO T-rec xyrus.recognizer: Whisper wake check: rejected "He thinks he can get CNG from here. He can't get CNG. Can you go in your own car or in a bus?" lp=-0.73 (not the name)
2026-09-17 00:48:08,199 INFO T-rec xyrus.capture: capture: 2.9 s speech (vad 0.99 max) peak 0.28 floor 0.0066 ceil 0.0151 on_thr 0.0212 vad=silero
2026-09-17 00:48:08,886 INFO T-rec xyrus.hearing: whisper drop: "There are so many CNGs, I can't think of the reason." lp=-0.99 reason=logprob (advisory) no_speech=0.30
2026-09-17 00:48:08,886 INFO T-rec xyrus.recognizer: Whisper wake check: rejected "There are so many CNGs, I can't think of the reason." lp=-0.99 (not the name)
2026-09-17 00:48:12,699 INFO T-rec xyrus.capture: capture: 0.6 s speech (vad 0.97 max) peak 0.10 floor 0.0064 ceil 0.0161 on_thr 0.0277 vad=silero
2026-09-17 00:48:13,131 INFO T-rec xyrus.hearing: whisper drop: 'Thank you.' lp=-1.01 reason=logprob (advisory) no_speech=0.69
2026-09-17 00:48:13,131 INFO T-rec xyrus.recognizer: Whisper wake check: rejected 'Thank you.' lp=-1.01 (not the name)
2026-09-17 00:48:44,700 INFO T-rec xyrus.capture: capture: 26.0 s speech (vad 0.99 max) peak 0.16 floor 0.0048 ceil 0.0107 on_thr 0.0160 vad=silero
2026-09-17 00:48:50,951 INFO T-rec xyrus.capture: capture: 4.5 s speech (vad 0.98 max) peak 0.08 floor 0.0048 ceil 0.0107 on_thr 0.0160 vad=silero
2026-09-17 00:48:51,779 INFO T-rec xyrus.hearing: whisper drop: 'I am sitting here for a long time. I am going to Malibu.' lp=-1.11 reason=logprob (advisory) no_speech=0.36
2026-09-17 00:48:51,779 INFO T-rec xyrus.recognizer: Whisper wake check: rejected 'I am sitting here for a long time. I am going to Malibu.' lp=-1.11 (not the name)
2026-09-17 00:49:00,201 INFO T-rec xyrus.capture: capture: 5.9 s speech (vad 0.99 max) peak 0.15 floor 0.0047 ceil 0.0092 on_thr 0.0139 vad=silero
2026-09-17 00:49:06,510 INFO T-rec xyrus.recognizer: Vosk wake 'lots this use' (sound-alike, name lost): the breath goes on - Whisper hears it whole at its end
2026-09-17 00:49:10,451 INFO T-rec xyrus.capture: capture: 4.2 s speech (vad 0.99 max) peak 0.23 floor 0.0040 ceil 0.0110 on_thr 0.0128 vad=silero
2026-09-17 00:49:11,063 INFO T-rec xyrus.recognizer: Whisper wake check: rejected 'Varsity is almost over. I am going to start for only one course.' lp=-0.79 (not the name)
2026-09-17 00:49:24,968 INFO T-index xyrus.actions.apps: start menu index: 122 entries
2026-09-17 00:49:30,452 INFO T-rec xyrus.capture: capture: 13.1 s speech (vad 0.99 max) peak 0.21 floor 0.0039 ceil 0.0214 on_thr 0.0321 vad=silero
2026-09-17 00:49:38,202 INFO T-rec xyrus.capture: capture: 3.3 s speech (vad 0.98 max) peak 0.31 floor 0.0047 ceil 0.0210 on_thr 0.0315 vad=silero
2026-09-17 00:49:38,749 INFO T-rec xyrus.recognizer: Whisper wake check: rejected "Are you a college student? Nah. What's that? Nah." lp=-0.37 (not the name)
2026-09-17 00:49:46,575 INFO T-rec xyrus.recognizer: Vosk wake 'skip' (sound-alike, name lost): the breath goes on - Whisper hears it whole at its end
2026-09-17 00:49:49,202 INFO T-rec xyrus.capture: capture: 6.0 s speech (vad 0.98 max) peak 0.40 floor 0.0044 ceil 0.0093 on_thr 0.0161 vad=silero
2026-09-17 00:49:49,557 INFO T-rec xyrus.hearing: whisper drop: 'Okay.' lp=-1.29 reason=logprob (advisory) no_speech=0.69
2026-09-17 00:49:49,557 INFO T-rec xyrus.recognizer: Whisper wake check: rejected 'Okay.' lp=-1.29 (not the name)
2026-09-17 00:49:55,809 INFO T-rec xyrus.recognizer: Vosk wake 'few reduce hibernate' (sound-alike, name lost): the breath goes on - Whisper hears it whole at its end
2026-09-17 00:50:11,703 INFO T-rec xyrus.capture: capture: 16.5 s speech (vad 0.99 max) peak 0.41 floor 0.0045 ceil 0.0142 on_thr 0.0212 vad=silero
2026-09-17 00:50:12,217 INFO T-rec xyrus.recognizer: Whisper wake check: rejected "I don't know what to do with CGP." lp=-0.78 (not the name)
2026-09-17 00:50:17,202 INFO T-rec xyrus.capture: capture: 0.7 s speech (vad 0.93 max) peak 0.09 floor 0.0073 ceil 0.0134 on_thr 0.0201 vad=silero
2026-09-17 00:50:17,702 INFO T-rec xyrus.recognizer: Whisper wake check: rejected 'Come on, Tom.' lp=-0.83 (not the name)
2026-09-17 00:50:26,453 INFO T-rec xyrus.capture: capture: 4.2 s speech (vad 0.99 max) peak 0.17 floor 0.0060 ceil 0.0125 on_thr 0.0196 vad=silero
2026-09-17 00:50:27,124 INFO T-rec xyrus.recognizer: Whisper wake check: rejected 'But the pharmacy was new to me. I understood it when I saw Lafayette Passion.' lp=-0.68 (not the name)
2026-09-17 00:50:35,203 INFO T-rec xyrus.capture: capture: 2.7 s speech (vad 0.92 max) peak 0.42 floor 0.0062 ceil 0.0111 on_thr 0.0166 vad=silero
2026-09-17 00:50:35,809 INFO T-rec xyrus.hearing: whisper drop: 'This is a marketing example of a video platform.' lp=-1.08 reason=logprob (advisory) no_speech=0.33
2026-09-17 00:50:35,810 INFO T-rec xyrus.recognizer: Whisper wake check: rejected 'This is a marketing example of a video platform.' lp=-1.08 (not the name)
2026-09-17 00:50:39,703 INFO T-rec xyrus.capture: capture: 0.4 s speech (vad 0.75 max) peak 0.09 floor 0.0046 ceil 0.0093 on_thr 0.0139 vad=silero
2026-09-17 00:50:40,096 INFO T-rec xyrus.recognizer: Whisper wake check: rejected 'Thank you.' lp=-0.71 (not the name)
2026-09-17 00:50:43,703 INFO T-rec xyrus.capture: capture: 2.2 s speech (vad 0.95 max) peak 0.06 floor 0.0049 ceil 0.0093 on_thr 0.0139 vad=silero
2026-09-17 00:50:44,417 INFO T-rec xyrus.hearing: whisper drop: "It's a beautiful song." lp=-1.31 reason=logprob (advisory) no_speech=0.31
2026-09-17 00:50:44,417 INFO T-rec xyrus.recognizer: Whisper wake check: rejected "It's a beautiful song." lp=-1.31 (not the name)
2026-09-17 00:51:26,204 INFO T-rec xyrus.capture: capture: 1.7 s speech (vad 0.92 max) peak 0.08 floor 0.0041 ceil 0.0102 on_thr 0.0151 vad=silero
2026-09-17 00:51:27,020 INFO T-rec xyrus.hearing: whisper drop: "I'm going to put the answer to each of the questions." lp=-0.98 reason=logprob (advisory) no_speech=0.40
2026-09-17 00:51:27,020 INFO T-rec xyrus.recognizer: Whisper wake check: rejected "I'm going to put the answer to each of the questions." lp=-0.98 (not the name)
2026-09-17 00:51:32,203 INFO T-rec xyrus.capture: capture: 3.5 s speech (vad 0.99 max) peak 0.19 floor 0.0049 ceil 0.0092 on_thr 0.0152 vad=silero
2026-09-17 00:51:33,502 INFO T-rec xyrus.hearing: whisper drop: "I think I'm the only one who's listening to this. I'm going to have to play this carefully." lp=-1.08 reason=logprob (advisory) no_speech=0.09
2026-09-17 00:51:33,503 INFO T-rec xyrus.recognizer: Whisper wake check: rejected "I think I'm the only one who's listening to this. I'm going to have to play this carefully." lp=-1.08 (not the name)
2026-09-17 00:51:34,954 INFO T-rec xyrus.capture: capture: 1.0 s speech (vad 0.99 max) peak 0.11 floor 0.0046 ceil 0.0106 on_thr 0.0158 vad=silero
2026-09-17 00:51:35,413 INFO T-rec xyrus.recognizer: Whisper wake check: rejected "I think it's going to be okay." lp=-0.84 (not the name)
2026-09-17 00:51:40,954 INFO T-rec xyrus.capture: capture: 3.6 s speech (vad 0.99 max) peak 0.17 floor 0.0037 ceil 0.0116 on_thr 0.0174 vad=silero
2026-09-17 00:51:41,486 INFO T-rec xyrus.recognizer: Whisper wake check: rejected 'What did you like to eat? Mostly Kacha Khai' lp=-0.84 (not the name)
2026-09-17 00:51:45,704 INFO T-rec xyrus.capture: capture: 2.0 s speech (vad 0.98 max) peak 0.19 floor 0.0039 ceil 0.0139 on_thr 0.0208 vad=silero
2026-09-17 00:51:46,723 INFO T-rec xyrus.hearing: whisper drop: "I'm going to play a song and then I'll go to bed." lp=-1.23 reason=logprob (advisory) no_speech=0.19
2026-09-17 00:51:46,723 INFO T-rec xyrus.recognizer: Whisper wake check: rejected "I'm going to play a song and then I'll go to bed." lp=-1.23 (not the name)
2026-09-17 00:51:53,454 INFO T-rec xyrus.capture: capture: 1.3 s speech (vad 0.87 max) peak 0.06 floor 0.0040 ceil 0.0081 on_thr 0.0146 vad=silero
2026-09-17 00:51:53,921 INFO T-rec xyrus.hearing: whisper drop: 'You have to be really easy.' lp=-0.97 reason=logprob (advisory) no_speech=0.33
2026-09-17 00:51:53,921 INFO T-rec xyrus.recognizer: Whisper wake check: rejected 'You have to be really easy.' lp=-0.97 (not the name)
2026-09-17 00:51:57,705 INFO T-rec xyrus.capture: capture: 1.6 s speech (vad 0.77 max) peak 0.08 floor 0.0050 ceil 0.0139 on_thr 0.0209 vad=silero
2026-09-17 00:51:58,578 INFO T-rec xyrus.hearing: whisper drop: "I'm going to sing a song." lp=-1.22 reason=logprob (advisory) no_speech=0.27
2026-09-17 00:51:58,578 INFO T-rec xyrus.recognizer: Whisper wake check: rejected "I'm going to sing a song." lp=-1.22 (not the name)
2026-09-17 00:52:15,705 INFO T-rec xyrus.capture: capture: 4.2 s speech (vad 0.98 max) peak 0.22 floor 0.0032 ceil 0.0059 on_thr 0.0079 vad=silero
2026-09-17 00:52:23,206 INFO T-rec xyrus.capture: capture: 2.3 s speech (vad 0.92 max) peak 0.24 floor 0.0037 ceil 0.0207 on_thr 0.0263 vad=silero
2026-09-17 00:52:23,691 INFO T-rec xyrus.recognizer: Whisper wake check: rejected 'You have to give me a hug.' lp=-0.49 (not the name)
2026-09-17 00:52:24,772 INFO T-rec xyrus.recognizer: Vosk wake 'sure' (sound-alike, name lost, low conf): the breath goes on - Whisper hears it whole at its end
2026-09-17 00:52:25,202 INFO T-rec xyrus.recognizer: recognizer stats: {'wake_checks': 147, 'wake_check_long': 17, 'wake_whisper': 0, 'whisper_retries': 0, 'captures': 0, 'capture_dropped': 0, 'wake_confirms': 0, 'wake_rejected': 0, 'wake_with_command': 0, 'playback_flushes': 0, 'bn_decodes': 0, 'arm_timeouts': 0, 'capture_dropped_by_reason': {}}
2026-09-17 00:52:25,455 INFO T-rec xyrus.capture: capture: 0.8 s speech (vad 0.96 max) peak 0.11 floor 0.0037 ceil 0.0207 on_thr 0.0310 vad=silero
2026-09-17 00:52:25,952 INFO T-rec xyrus.recognizer: Whisper wake check: rejected 'Alright, shoot it up.' lp=-0.29 (not the name)
2026-09-17 00:52:33,956 INFO T-rec xyrus.capture: capture: 0.9 s speech (vad 0.98 max) peak 0.13 floor 0.0036 ceil 0.0223 on_thr 0.0335 vad=silero
2026-09-17 00:52:34,469 INFO T-rec xyrus.recognizer: Whisper wake check: rejected "I don't know what to say." lp=-0.90 (not the name)
2026-09-17 00:52:38,206 INFO T-rec xyrus.capture: capture: 0.4 s speech (vad 0.72 max) peak 0.38 floor 0.0045 ceil 0.0117 on_thr 0.0152 vad=silero
2026-09-17 00:52:38,734 INFO T-rec xyrus.recognizer: Whisper wake check: rejected 'Aha!' lp=-0.51 (not the name)
2026-09-17 00:52:56,206 INFO T-rec xyrus.capture: capture: 12.7 s speech (vad 0.99 max) peak 0.26 floor 0.0048 ceil 0.0179 on_thr 0.0217 vad=silero
2026-09-17 00:53:11,706 INFO T-rec xyrus.capture: capture: 8.2 s speech (vad 0.98 max) peak 0.20 floor 0.0060 ceil 0.0115 on_thr 0.0173 vad=silero
2026-09-17 00:53:20,206 INFO T-rec xyrus.capture: capture: 2.1 s speech (vad 0.97 max) peak 0.27 floor 0.0060 ceil 0.0178 on_thr 0.0266 vad=silero
2026-09-17 00:53:20,624 INFO T-rec xyrus.hearing: whisper drop: "I don't know how to play it." lp=-0.94 reason=logprob (advisory) no_speech=0.51
2026-09-17 00:53:20,624 INFO T-rec xyrus.recognizer: Whisper wake check: rejected "I don't know how to play it." lp=-0.94 (not the name)
2026-09-17 00:53:23,456 INFO T-rec xyrus.capture: capture: 1.6 s speech (vad 0.97 max) peak 0.10 floor 0.0062 ceil 0.0178 on_thr 0.0266 vad=silero
2026-09-17 00:53:23,796 INFO T-rec xyrus.hearing: whisper drop: 'Kirina.' lp=-0.99 reason=logprob (advisory) no_speech=0.48
2026-09-17 00:53:23,796 INFO T-rec xyrus.recognizer: Whisper wake check: rejected 'Kirina.' lp=-0.99 (not the name)
2026-09-17 00:53:31,456 INFO T-rec xyrus.capture: capture: 5.1 s speech (vad 0.99 max) peak 0.24 floor 0.0052 ceil 0.0126 on_thr 0.0168 vad=silero
2026-09-17 00:53:38,207 INFO T-rec xyrus.capture: capture: 0.7 s speech (vad 0.74 max) peak 0.09 floor 0.0076 ceil 0.0154 on_thr 0.0232 vad=silero
2026-09-17 00:53:38,522 INFO T-rec xyrus.recognizer: Whisper wake check: rejected 'Cheese.' lp=-0.61 (not the name)
2026-09-17 00:53:49,707 INFO T-rec xyrus.capture: capture: 9.5 s speech (vad 0.99 max) peak 0.18 floor 0.0083 ceil 0.0154 on_thr 0.0232 vad=silero
2026-09-17 00:53:51,457 INFO T-rec xyrus.capture: capture: 0.5 s speech (vad 0.94 max) peak 0.08 floor 0.0086 ceil 0.0154 on_thr 0.0232 vad=silero
2026-09-17 00:53:51,869 INFO T-rec xyrus.recognizer: Whisper wake check: rejected 'I love it.' lp=-0.77 (not the name)
2026-09-17 00:53:54,457 INFO T-rec xyrus.capture: capture: 1.3 s speech (vad 0.88 max) peak 0.06 floor 0.0084 ceil 0.0154 on_thr 0.0232 vad=silero
2026-09-17 00:53:54,992 INFO T-rec xyrus.recognizer: Whisper wake check: rejected 'We will go to the far way.' lp=-0.71 (not the name)
2026-09-17 00:54:03,207 INFO T-rec xyrus.capture: capture: 2.5 s speech (vad 0.95 max) peak 0.15 floor 0.0053 ceil 0.0151 on_thr 0.0227 vad=silero
2026-09-17 00:54:04,071 INFO T-rec xyrus.recognizer: Whisper wake check: rejected 'I have a walker right behind me. I think I carry this one.' lp=-0.80 (not the name)
2026-09-17 00:54:07,707 INFO T-rec xyrus.capture: capture: 2.2 s speech (vad 0.98 max) peak 0.10 floor 0.0050 ceil 0.0138 on_thr 0.0206 vad=silero
2026-09-17 00:54:08,606 INFO T-rec xyrus.recognizer: Whisper wake check: rejected 'Have a look on them, those are classy now.' lp=-0.83 (not the name)
2026-09-17 00:54:32,708 INFO T-rec xyrus.capture: capture: 5.5 s speech (vad 0.95 max) peak 0.22 floor 0.0050 ceil 0.0085 on_thr 0.0127 vad=silero
2026-09-17 00:54:46,708 INFO T-rec xyrus.capture: capture: 0.3 s speech (vad 0.50 max) peak 0.19 floor 0.0065 ceil 0.0116 on_thr 0.0177 vad=silero
2026-09-17 00:54:47,138 INFO T-rec xyrus.recognizer: Whisper wake check: rejected 'Oh no.' lp=-0.35 (not the name)
2026-09-17 00:54:57,708 INFO T-rec xyrus.capture: capture: 0.9 s speech (vad 0.71 max) peak 0.09 floor 0.0058 ceil 0.0110 on_thr 0.0180 vad=silero
2026-09-17 00:54:58,264 INFO T-rec xyrus.recognizer: Whisper wake check: rejected 'Look at him.' lp=-0.61 (not the name)
2026-09-17 00:54:59,958 INFO T-rec xyrus.capture: capture: 0.7 s speech (vad 0.93 max) peak 0.09 floor 0.0058 ceil 0.0108 on_thr 0.0161 vad=silero
2026-09-17 00:55:00,907 INFO T-rec xyrus.recognizer: Whisper wake check: rejected 'What does it say?' lp=-0.31 (not the name)
2026-09-17 00:55:15,958 INFO T-rec xyrus.capture: capture: 0.7 s speech (vad 0.76 max) peak 0.09 floor 0.0055 ceil 0.0105 on_thr 0.0158 vad=silero
2026-09-17 00:55:16,276 INFO T-rec xyrus.recognizer: Whisper wake check: rejected 'What do you mean?' lp=-0.74 (not the name)
2026-09-17 00:55:21,458 INFO T-rec xyrus.capture: capture: 3.0 s speech (vad 0.98 max) peak 0.12 floor 0.0055 ceil 0.0108 on_thr 0.0158 vad=silero
2026-09-17 00:55:21,824 INFO T-rec xyrus.recognizer: Whisper wake check: rejected 'I love you too. Good night. I love you too.' lp=-0.59 (not the name)
2026-09-17 00:56:58,710 INFO T-rec xyrus.capture: capture: 0.4 s speech (vad 0.56 max) peak 0.02 floor 0.0029 ceil 0.0035 on_thr 0.0058 vad=silero
2026-09-17 00:56:58,967 INFO T-rec xyrus.hearing: whisper drop: 'Hmm.' lp=-0.98 reason=logprob (advisory) no_speech=0.53
2026-09-17 00:56:58,967 INFO T-rec xyrus.recognizer: Whisper wake check: rejected 'Hmm.' lp=-0.98 (not the name)
2026-09-17 00:57:05,960 INFO T-rec xyrus.capture: capture: 0.2 s speech (vad 0.48 max) peak 0.05 floor 0.0045 ceil 0.0085 on_thr 0.0127 vad=silero
2026-09-17 00:57:06,208 INFO T-rec xyrus.recognizer: Whisper wake check: rejected 'Um...' lp=-0.65 (not the name)
2026-09-17 00:57:46,461 INFO T-rec xyrus.capture: capture: 1.6 s speech (vad 0.80 max) peak 0.04 floor 0.0038 ceil 0.0067 on_thr 0.0103 vad=silero
2026-09-17 00:57:46,714 INFO T-rec xyrus.hearing: whisper drop: 'All the time.' lp=-0.92 reason=logprob (advisory) no_speech=0.57
2026-09-17 00:57:46,714 INFO T-rec xyrus.recognizer: Whisper wake check: rejected 'All the time.' lp=-0.92 (not the name)
2026-09-17 00:57:50,711 INFO T-rec xyrus.capture: capture: 1.7 s speech (vad 0.96 max) peak 0.06 floor 0.0039 ceil 0.0089 on_thr 0.0134 vad=silero
2026-09-17 00:57:51,002 INFO T-rec xyrus.recognizer: Whisper wake check: rejected 'Those films, yeah.' lp=-0.47 (not the name)
2026-09-17 00:58:24,986 INFO T-index xyrus.actions.apps: start menu index: 122 entries
2026-09-17 00:58:36,712 INFO T-rec xyrus.capture: capture: 0.3 s speech (vad 0.64 max) peak 0.16 floor 0.0040 ceil 0.0093 on_thr 0.0136 vad=silero
2026-09-17 00:58:36,990 INFO T-rec xyrus.hearing: whisper drop: 'Ugh.' lp=-0.92 reason=logprob (advisory) no_speech=0.46
2026-09-17 00:58:36,990 INFO T-rec xyrus.recognizer: Whisper wake check: rejected 'Ugh.' lp=-0.92 (not the name)
2026-09-17 00:58:40,712 INFO T-rec xyrus.capture: capture: 0.6 s speech (vad 0.60 max) peak 0.03 floor 0.0039 ceil 0.0058 on_thr 0.0087 vad=silero
2026-09-17 00:58:40,966 INFO T-rec xyrus.recognizer: Whisper wake check: rejected 'Homer!' lp=-0.77 (not the name)
2026-09-17 00:58:55,462 INFO T-rec xyrus.capture: capture: 0.9 s speech (vad 0.72 max) peak 0.04 floor 0.0038 ceil 0.0054 on_thr 0.0090 vad=silero
2026-09-17 00:58:55,737 INFO T-rec xyrus.hearing: whisper drop: 'Hello.' lp=-1.60 reason=logprob (advisory) no_speech=0.50
2026-09-17 00:58:55,737 INFO T-rec xyrus.recognizer: Whisper wake check: rejected 'Hello.' lp=-1.60 (not the name)
2026-09-17 01:00:00,464 INFO T-rec xyrus.capture: capture: 0.3 s speech (vad 0.58 max) peak 0.03 floor 0.0027 ceil 0.0065 on_thr 0.0098 vad=silero
2026-09-17 01:00:00,819 INFO T-rec xyrus.recognizer: Whisper wake check: rejected 'See you now.' lp=-0.88 (not the name)
2026-09-17 01:00:41,215 INFO T-rec xyrus.capture: capture: 0.3 s speech (vad 0.48 max) peak 0.10 floor 0.0042 ceil 0.0104 on_thr 0.0156 vad=silero
2026-09-17 01:00:41,505 INFO T-rec xyrus.hearing: whisper drop: 'Thank you.' lp=-1.04 reason=logprob (advisory) no_speech=0.38
2026-09-17 01:00:41,505 INFO T-rec xyrus.recognizer: Whisper wake check: rejected 'Thank you.' lp=-1.04 (not the name)
2026-09-17 01:00:49,715 INFO T-rec xyrus.capture: capture: 0.8 s speech (vad 0.59 max) peak 0.03 floor 0.0031 ceil 0.0056 on_thr 0.0084 vad=silero
2026-09-17 01:00:50,076 INFO T-rec xyrus.hearing: whisper drop: '.' lp=-1.56 reason=logprob (advisory) no_speech=0.48
2026-09-17 01:00:50,076 INFO T-rec xyrus.recognizer: Whisper wake check: rejected '.' lp=-1.56 (nothing)
2026-09-17 01:01:15,966 INFO T-rec xyrus.capture: capture: 1.4 s speech (vad 0.70 max) peak 0.04 floor 0.0026 ceil 0.0034 on_thr 0.0055 vad=silero
2026-09-17 01:01:16,405 INFO T-rec xyrus.recognizer: Whisper wake check: rejected 'What are you lying about?' lp=-0.73 (not the name)
2026-09-17 01:01:18,216 INFO T-rec xyrus.capture: capture: 0.7 s speech (vad 0.47 max) peak 0.03 floor 0.0026 ceil 0.0034 on_thr 0.0052 vad=silero
2026-09-17 01:01:18,463 INFO T-rec xyrus.hearing: whisper drop: 'Thank you.' lp=-0.92 reason=logprob (advisory) no_speech=0.44
2026-09-17 01:01:18,464 INFO T-rec xyrus.recognizer: Whisper wake check: rejected 'Thank you.' lp=-0.92 (not the name)
2026-09-17 01:02:25,214 INFO T-rec xyrus.recognizer: recognizer stats: {'wake_checks': 174, 'wake_check_long': 22, 'wake_whisper': 0, 'whisper_retries': 0, 'captures': 0, 'capture_dropped': 0, 'wake_confirms': 0, 'wake_rejected': 0, 'wake_with_command': 0, 'playback_flushes': 0, 'bn_decodes': 0, 'arm_timeouts': 0, 'capture_dropped_by_reason': {}}
2026-09-17 01:03:02,968 INFO T-rec xyrus.capture: capture: 0.9 s speech (vad 0.75 max) peak 0.05 floor 0.0030 ceil 0.0080 on_thr 0.0120 vad=silero
2026-09-17 01:03:03,234 INFO T-rec xyrus.recognizer: Whisper wake check: rejected 'Where are these drums, right?' lp=-0.77 (not the name)
2026-09-17 01:03:25,469 INFO T-rec xyrus.capture: capture: 0.6 s speech (vad 0.71 max) peak 0.04 floor 0.0027 ceil 0.0043 on_thr 0.0064 vad=silero
2026-09-17 01:03:25,774 INFO T-rec xyrus.recognizer: Whisper wake check: rejected 'Hmm.' lp=-0.75 (not the name)
2026-09-17 01:05:11,971 INFO T-rec xyrus.capture: capture: 0.6 s speech (vad 0.74 max) peak 0.07 floor 0.0031 ceil 0.0051 on_thr 0.0077 vad=silero
2026-09-17 01:05:12,232 INFO T-rec xyrus.hearing: whisper drop: 'Thank you.' lp=-0.95 reason=logprob (advisory) no_speech=0.42
2026-09-17 01:05:12,233 INFO T-rec xyrus.recognizer: Whisper wake check: rejected 'Thank you.' lp=-0.95 (not the name)
2026-09-17 01:07:24,999 INFO T-index xyrus.actions.apps: start menu index: 123 entries
2026-09-17 01:08:30,725 INFO T-rec xyrus.capture: capture: 0.2 s speech (vad 0.57 max) peak 0.02 floor 0.0025 ceil 0.0030 on_thr 0.0050 vad=silero
2026-09-17 01:08:30,998 INFO T-rec xyrus.recognizer: Whisper wake check: rejected 'Thank you.' lp=-0.70 (not the name)
2026-09-17 01:09:58,227 INFO T-rec xyrus.capture: capture: 0.6 s speech (vad 0.70 max) peak 0.05 floor 0.0032 ceil 0.0095 on_thr 0.0143 vad=silero
2026-09-17 01:09:58,603 INFO T-rec xyrus.recognizer: Whisper wake check: rejected 'That was so good.' lp=-0.77 (not the name)
2026-09-17 01:10:26,227 INFO T-rec xyrus.capture: capture: 0.9 s speech (vad 0.65 max) peak 0.06 floor 0.0028 ceil 0.0087 on_thr 0.0130 vad=silero
2026-09-17 01:10:26,612 INFO T-rec xyrus.recognizer: Whisper wake check: rejected 'Please.' lp=-0.87 (not the name)
2026-09-17 01:11:04,091 INFO MainThread xyrus.app: already running - asked it to show its window
2026-09-17 01:12:25,227 INFO T-rec xyrus.recognizer: recognizer stats: {'wake_checks': 180, 'wake_check_long': 22, 'wake_whisper': 0, 'whisper_retries': 0, 'captures': 0, 'capture_dropped': 0, 'wake_confirms': 0, 'wake_rejected': 0, 'wake_with_command': 0, 'playback_flushes': 0, 'bn_decodes': 0, 'arm_timeouts': 0, 'capture_dropped_by_reason': {}}
2026-09-17 01:12:51,728 INFO T-rec xyrus.recognizer: clap pattern heard - switching the display
2026-09-17 01:12:55,177 INFO T-clap xyrus.app: clap: display off
2026-09-17 01:12:55,178 INFO T-engine xyrus.engine: info: clap: display off
2026-09-17 01:12:56,231 INFO T-rec xyrus.capture: capture: 0.3 s speech (vad 0.71 max) peak 0.11 floor 0.0062 ceil 0.0130 on_thr 0.0193 vad=silero
2026-09-17 01:12:56,583 INFO T-rec xyrus.recognizer: Whisper wake check: rejected '.' lp=-0.86 (nothing)
2026-09-17 01:13:30,747 INFO MainThread xyrus.audio: microphone: paused
2026-09-17 01:13:30,753 INFO MainThread xyrus.app: Xyrus stopped
2026-09-17 01:13:32,803 INFO T-index xyrus.actions.apps: start menu index: 123 entries
2026-09-17 01:13:32,850 INFO T-mic xyrus.audio: microphone open: device 1 (default, MME)
2026-09-17 01:13:32,850 INFO T-mic xyrus.audio: microphone: listening
2026-09-17 01:13:34,357 INFO T-rec xyrus.recognizer: speech model loaded in 0.8 s
2026-09-17 01:13:35,045 INFO MainThread xyrus.vad: vad: Silero ready (silero_vad_v6.onnx)
2026-09-17 01:13:35,046 INFO MainThread xyrus.app: commands after the wake reply and free text: Whisper when loaded (hearing.py), Vosk until then
2026-09-17 01:13:35,046 INFO MainThread xyrus.app: Xyrus 2.0.0 started (live)
2026-09-17 01:13:35,548 INFO T-engine xyrus.engine: say: Hello, Refath. Xyrus online. You have 1 thing today: meeting with tariq bhai.
2026-09-17 01:13:35,715 INFO MainThread xyrus.app: already running - asked it to show its window
2026-09-17 01:13:38,038 INFO whisper-load faster_whisper: Processing audio with duration 00:01.000
2026-09-17 01:13:39,454 INFO whisper-load faster_whisper: Processing audio with duration 00:01.455
2026-09-17 01:13:39,684 INFO whisper-load xyrus.hearing: whisper ready in 4.6 s: whisper-large-v3 on cuda (float16)
2026-09-17 01:13:42,581 INFO whisper-load faster_whisper: Processing audio with duration 00:01.000
2026-09-17 01:13:42,851 INFO whisper-load faster_whisper: Processing audio with duration 00:01.455
2026-09-17 01:13:43,075 INFO whisper-load xyrus.hearing: whisper ready in 3.4 s: whisper-large-v3-bn on cuda (float16)
2026-09-17 01:14:02,395 INFO T-rec xyrus.recognizer: heard "what's" [wake] (20.3 s of audio)
2026-09-17 01:14:34,399 INFO MainThread xyrus.audio: microphone: paused
2026-09-17 01:14:34,403 INFO MainThread xyrus.app: Xyrus stopped
2026-09-17 01:14:34,549 INFO MainThread xyrus.single_instance: OpenEventW(Local\XyrusShowWindow) failed: error 2
2026-09-17 01:14:34,549 INFO MainThread xyrus.app: already running - could not signal it
2026-09-17 01:14:36,891 INFO T-index xyrus.actions.apps: start menu index: 123 entries
2026-09-17 01:14:36,895 INFO T-mic xyrus.audio: microphone open: device 1 (default, MME)
2026-09-17 01:14:36,895 INFO T-mic xyrus.audio: microphone: listening
2026-09-17 01:14:37,083 INFO MainThread xyrus.vad: vad: Silero ready (silero_vad_v6.onnx)
2026-09-17 01:14:37,084 INFO MainThread xyrus.app: commands after the wake reply and free text: Whisper when loaded (hearing.py), Vosk until then
2026-09-17 01:14:37,084 INFO MainThread xyrus.app: Xyrus 2.0.0 started (live)
2026-09-17 01:14:37,259 INFO T-rec xyrus.recognizer: speech model loaded in 0.3 s
2026-09-17 01:14:37,557 INFO T-engine xyrus.engine: say: Hello, Refath. Xyrus online. You have 1 thing today: meet with raaabbi bhai.
2026-09-17 01:14:39,947 INFO whisper-load faster_whisper: Processing audio with duration 00:01.000
2026-09-17 01:14:40,957 INFO whisper-load faster_whisper: Processing audio with duration 00:01.455
2026-09-17 01:14:41,188 INFO whisper-load xyrus.hearing: whisper ready in 4.1 s: whisper-large-v3 on cuda (float16)
2026-09-17 01:14:43,939 INFO whisper-load faster_whisper: Processing audio with duration 00:01.000
2026-09-17 01:14:44,210 INFO whisper-load faster_whisper: Processing audio with duration 00:01.455
2026-09-17 01:14:44,433 INFO whisper-load xyrus.hearing: whisper ready in 3.2 s: whisper-large-v3-bn on cuda (float16)
2026-09-17 01:15:05,919 INFO T-rec xyrus.recognizer: heard "what's" [wake] (20.3 s of audio)
2026-09-17 01:16:58,911 INFO T-rec xyrus.capture: capture: 0.3 s speech (vad 0.48 max) peak 0.02 floor 0.0026 ceil 0.0034 on_thr 0.0105 vad=silero
2026-09-17 01:16:59,246 INFO T-rec xyrus.recognizer: Whisper wake check: rejected 'There it is.' lp=-0.74 (not the name)
2026-09-17 01:17:34,428 INFO MainThread xyrus.audio: microphone: paused
2026-09-17 01:17:34,432 INFO MainThread xyrus.app: Xyrus stopped
2026-09-17 01:18:12,434 INFO T-index xyrus.actions.apps: start menu index: 123 entries
2026-09-17 01:18:12,443 INFO T-mic xyrus.audio: microphone open: device 1 (default, MME)
2026-09-17 01:18:12,443 INFO T-mic xyrus.audio: microphone: listening
2026-09-17 01:18:12,634 INFO MainThread xyrus.vad: vad: Silero ready (silero_vad_v6.onnx)
2026-09-17 01:18:12,635 INFO MainThread xyrus.app: commands after the wake reply and free text: Whisper when loaded (hearing.py), Vosk until then
2026-09-17 01:18:12,635 INFO MainThread xyrus.app: Xyrus 2.0.0 started (live)
2026-09-17 01:18:12,813 INFO T-rec xyrus.recognizer: speech model loaded in 0.3 s
2026-09-17 01:18:13,112 INFO T-engine xyrus.engine: say: Hello, Refath. Xyrus online. You have 1 thing today: meet with rafayet bhai.
2026-09-17 01:18:15,478 INFO whisper-load faster_whisper: Processing audio with duration 00:01.000
2026-09-17 01:18:16,455 INFO whisper-load faster_whisper: Processing audio with duration 00:01.455
2026-09-17 01:18:16,687 INFO whisper-load xyrus.hearing: whisper ready in 4.1 s: whisper-large-v3 on cuda (float16)
2026-09-17 01:18:19,339 INFO whisper-load faster_whisper: Processing audio with duration 00:01.000
2026-09-17 01:18:19,615 INFO whisper-load faster_whisper: Processing audio with duration 00:01.455
2026-09-17 01:18:19,837 INFO whisper-load xyrus.hearing: whisper ready in 3.1 s: whisper-large-v3-bn on cuda (float16)
2026-09-17 01:18:31,207 INFO T-rec xyrus.capture: capture: 0.4 s speech (vad 0.50 max) peak 0.03 floor 0.0006 ceil 0.0014 on_thr 0.0020 vad=silero
2026-09-17 01:18:31,646 INFO T-rec xyrus.recognizer: Whisper wake check: rejected "It doesn't work that way." lp=-0.77 (not the name)
2026-09-17 01:18:38,254 INFO T-rec xyrus.recognizer: Vosk wake 'cyrus' (faint, name lost): the breath goes on - Whisper hears it whole at its end
2026-09-17 01:18:38,958 INFO T-rec xyrus.capture: capture: 0.5 s speech (vad 0.72 max) peak 0.04 floor 0.0006 ceil 0.0009 on_thr 0.0015 vad=silero
2026-09-17 01:18:39,262 INFO T-rec xyrus.recognizer: heard the name (Whisper second opinion, 0.5 s of speech, 0.30 s, lp=-0.47): 'Cyrus!'
2026-09-17 01:18:39,262 INFO T-rec xyrus.recognizer: heard 'cyrus' [command, wake re-decode] (1.3 s of audio)
2026-09-17 01:18:39,263 INFO T-engine xyrus.engine: heard: cyrus
2026-09-17 01:18:39,263 INFO T-engine xyrus.engine: say: I'm listening, sir.
2026-09-17 01:19:02,220 INFO MainThread xyrus.audio: microphone: paused
2026-09-17 01:19:02,225 INFO MainThread xyrus.app: Xyrus stopped
2026-09-17 01:19:11,052 INFO T-index xyrus.actions.apps: start menu index: 123 entries
2026-09-17 01:19:11,058 INFO T-mic xyrus.audio: microphone open: device 1 (default, MME)
2026-09-17 01:19:11,058 INFO T-mic xyrus.audio: microphone: listening
2026-09-17 01:19:11,248 INFO MainThread xyrus.vad: vad: Silero ready (silero_vad_v6.onnx)
2026-09-17 01:19:11,248 INFO MainThread xyrus.app: commands after the wake reply and free text: Whisper when loaded (hearing.py), Vosk until then
2026-09-17 01:19:11,249 INFO MainThread xyrus.app: Xyrus 2.0.0 started (live)
2026-09-17 01:19:11,429 INFO T-rec xyrus.recognizer: speech model loaded in 0.3 s
2026-09-17 01:19:11,734 INFO T-engine xyrus.engine: say: Hello, Refath. Xyrus online. You have 1 thing today: meet with rafayet bhai.
2026-09-17 01:19:14,087 INFO whisper-load faster_whisper: Processing audio with duration 00:01.000
2026-09-17 01:19:15,058 INFO whisper-load faster_whisper: Processing audio with duration 00:01.455
2026-09-17 01:19:15,290 INFO whisper-load xyrus.hearing: whisper ready in 4.0 s: whisper-large-v3 on cuda (float16)
2026-09-17 01:19:17,935 INFO whisper-load faster_whisper: Processing audio with duration 00:01.000
2026-09-17 01:19:18,208 INFO whisper-load faster_whisper: Processing audio with duration 00:01.455
2026-09-17 01:19:18,432 INFO whisper-load xyrus.hearing: whisper ready in 3.1 s: whisper-large-v3-bn on cuda (float16)
2026-09-17 01:19:26,110 INFO T-rec xyrus.recognizer: Vosk wake 'virus' (sound-alike, faint, name lost): the breath goes on - Whisper hears it whole at its end
2026-09-17 01:19:26,572 INFO T-rec xyrus.capture: capture: 0.2 s speech (vad 0.59 max) peak 0.06 floor 0.0007 ceil 0.0009 on_thr 0.0015 vad=silero
2026-09-17 01:19:27,001 INFO T-rec xyrus.recognizer: heard the name (Whisper second opinion, 0.2 s of speech, 0.43 s, lp=-0.33): 'Cyrus!'
2026-09-17 01:19:27,001 INFO T-rec xyrus.recognizer: heard 'cyrus' [command, wake re-decode] (1.1 s of audio)
2026-09-17 01:19:27,002 INFO T-engine xyrus.engine: heard: cyrus
2026-09-17 01:19:27,002 INFO T-engine xyrus.engine: say: Yes, sir?
2026-09-17 01:19:32,321 INFO T-rec xyrus.capture: capture: 1.3 s speech (vad 0.97 max) peak 0.06 floor 0.0008 ceil 0.0049 on_thr 0.0072 vad=silero
2026-09-17 01:19:32,789 INFO T-rec xyrus.recognizer: heard (command capture, en, 1.3 s of speech, peak 0.06, ended by silence) lp=-0.35 fb=0 vad=1.3s alts=1: 'This is Amar Prithivi by Black.'
2026-09-17 01:19:32,789 INFO T-rec xyrus.recognizer: heard 'this is amar prithivi by black' [command] (1.8 s of audio) free='this is amar prithivi by black'
2026-09-17 01:19:32,790 INFO T-engine xyrus.engine: heard: this is amar prithivi by black
2026-09-17 01:19:32,866 INFO T-engine xyrus.engine: info: listening again for Bangla
2026-09-17 01:19:33,145 INFO T-rec xyrus.recognizer: Bengali decode rejected: 'Amar Prithivi বা Black' lp=-0.74
2026-09-17 01:19:33,884 INFO T-engine xyrus.engine: heard: আমার পৃথিবী বাই ব্ল্যাক (amar prithibi bai blak)
2026-09-17 01:19:33,884 INFO T-engine xyrus.engine: say: Sorry, I didn't catch that, sir.
2026-09-17 01:19:40,572 INFO T-rec xyrus.capture: capture: 1.2 s speech (vad 0.92 max) peak 0.02 floor 0.0007 ceil 0.0034 on_thr 0.0057 vad=silero
2026-09-17 01:19:40,871 INFO T-rec xyrus.recognizer: Whisper wake check: rejected 'Play Amar Prithivi.' lp=-0.32 (not the name)
2026-09-17 01:19:59,839 INFO MainThread xyrus.audio: microphone: paused
2026-09-17 01:19:59,843 INFO MainThread xyrus.app: Xyrus stopped
2026-09-17 01:20:05,863 INFO T-index xyrus.actions.apps: start menu index: 123 entries
2026-09-17 01:20:05,865 INFO T-mic xyrus.audio: microphone open: device 1 (default, MME)
2026-09-17 01:20:05,865 INFO T-mic xyrus.audio: microphone: listening
2026-09-17 01:20:06,061 INFO MainThread xyrus.vad: vad: Silero ready (silero_vad_v6.onnx)
2026-09-17 01:20:06,061 INFO MainThread xyrus.app: commands after the wake reply and free text: Whisper when loaded (hearing.py), Vosk until then
2026-09-17 01:20:06,062 INFO MainThread xyrus.app: Xyrus 2.0.0 started (live)
2026-09-17 01:20:06,238 INFO T-rec xyrus.recognizer: speech model loaded in 0.3 s
2026-09-17 01:20:06,537 INFO T-engine xyrus.engine: say: Hello, Refath. Xyrus online. You have 1 thing today: meet with rafayet bhai.
2026-09-17 01:20:08,896 INFO whisper-load faster_whisper: Processing audio with duration 00:01.000
2026-09-17 01:20:09,840 INFO whisper-load faster_whisper: Processing audio with duration 00:01.455
2026-09-17 01:20:10,081 INFO whisper-load xyrus.hearing: whisper ready in 4.0 s: whisper-large-v3 on cuda (float16)
2026-09-17 01:20:12,747 INFO whisper-load faster_whisper: Processing audio with duration 00:01.000
2026-09-17 01:20:13,022 INFO whisper-load faster_whisper: Processing audio with duration 00:01.455
2026-09-17 01:20:13,247 INFO whisper-load xyrus.hearing: whisper ready in 3.2 s: whisper-large-v3-bn on cuda (float16)
2026-09-17 01:20:23,895 INFO MainThread xyrus.audio: microphone: paused
2026-09-17 01:20:23,901 INFO MainThread xyrus.app: Xyrus stopped
2026-09-17 01:20:26,998 INFO T-index xyrus.actions.apps: start menu index: 123 entries
2026-09-17 01:20:27,003 INFO T-mic xyrus.audio: microphone open: device 1 (default, MME)
2026-09-17 01:20:27,003 INFO T-mic xyrus.audio: microphone: listening
2026-09-17 01:20:27,195 INFO MainThread xyrus.vad: vad: Silero ready (silero_vad_v6.onnx)
2026-09-17 01:20:27,195 INFO MainThread xyrus.app: commands after the wake reply and free text: Whisper when loaded (hearing.py), Vosk until then
2026-09-17 01:20:27,196 INFO MainThread xyrus.app: Xyrus 2.0.0 started (live)
2026-09-17 01:20:27,370 INFO T-rec xyrus.recognizer: speech model loaded in 0.3 s
2026-09-17 01:20:27,670 INFO T-engine xyrus.engine: say: Hello, Refath. Xyrus online. You have 1 thing today: meet with rafayet bhai.
2026-09-17 01:20:30,124 INFO whisper-load faster_whisper: Processing audio with duration 00:01.000
2026-09-17 01:20:31,060 INFO whisper-load faster_whisper: Processing audio with duration 00:01.455
2026-09-17 01:20:31,295 INFO whisper-load xyrus.hearing: whisper ready in 4.1 s: whisper-large-v3 on cuda (float16)
2026-09-17 01:20:33,957 INFO whisper-load faster_whisper: Processing audio with duration 00:01.000
2026-09-17 01:20:34,230 INFO whisper-load faster_whisper: Processing audio with duration 00:01.455
2026-09-17 01:20:34,453 INFO whisper-load xyrus.hearing: whisper ready in 3.2 s: whisper-large-v3-bn on cuda (float16)
2026-09-17 01:20:37,062 INFO T-rec xyrus.recognizer: Vosk wake 'zeros' (sound-alike): the breath goes on - Whisper hears it whole at its end
2026-09-17 01:20:37,517 INFO T-rec xyrus.capture: capture: 0.5 s speech (vad 0.97 max) peak 0.62 floor 0.0030 ceil 0.0101 on_thr 0.0172 vad=silero
2026-09-17 01:20:37,756 INFO T-rec xyrus.recognizer: Whisper wake check: rejected 'Zeros.' lp=-0.39 (not the name)
2026-09-17 01:20:40,793 INFO T-rec xyrus.recognizer: Vosk wake 'zeros' (sound-alike): the breath goes on - Whisper hears it whole at its end
2026-09-17 01:20:41,517 INFO T-rec xyrus.capture: capture: 0.5 s speech (vad 0.94 max) peak 0.19 floor 0.0009 ceil 0.0015 on_thr 0.0020 vad=silero
2026-09-17 01:20:41,756 INFO T-rec xyrus.recognizer: Whisper wake check: rejected 'Zeros.' lp=-0.54 (not the name)
2026-09-17 01:20:46,048 INFO T-rec xyrus.recognizer: Vosk wake 'cyrus' (sound-alike): the breath goes on - Whisper hears it whole at its end
2026-09-17 01:20:46,767 INFO T-rec xyrus.capture: capture: 1.0 s speech (vad 0.97 max) peak 0.28 floor 0.0009 ceil 0.0014 on_thr 0.0020 vad=silero
2026-09-17 01:20:47,038 INFO T-rec xyrus.recognizer: Whisper wake check: rejected 'Zairus!' lp=-0.65 (not the name)
2026-09-17 01:20:50,041 INFO T-rec xyrus.recognizer: heard 'cyrus' [command, wake re-decode] (3.8 s of audio)
2026-09-17 01:20:50,042 INFO T-engine xyrus.engine: heard: cyrus
2026-09-17 01:20:50,042 INFO T-engine xyrus.engine: say: Yes, sir?
2026-09-17 01:20:55,516 INFO T-rec xyrus.capture: capture: 1.2 s speech (vad 0.98 max) peak 0.90 floor 0.0012 ceil 0.0085 on_thr 0.0121 vad=silero
2026-09-17 01:20:56,080 INFO T-rec xyrus.recognizer: Bengali decode rejected: 'Play AmrPri TV' lp=-0.48
2026-09-17 01:20:56,672 INFO T-rec xyrus.recognizer: heard (command capture, song, 1.2 s of speech, peak 0.90, ended by silence) lp=-0.49 fb=0 vad=1.2s alts=3 bn='প্লে আমার পৃথিবী।': 'Play AmarPri TV.'
2026-09-17 01:20:56,672 INFO T-rec xyrus.recognizer: heard 'প্লে আমার পৃথিবী' [command] (1.9 s of audio) free='প্লে আমার পৃথিবী'
2026-09-17 01:20:56,676 INFO T-engine xyrus.engine: heard: প্লে আমার পৃথিবী (ple amar prithibi)
2026-09-17 01:20:56,676 INFO T-engine xyrus.engine: cmd: play_song song='আমার পৃথিবী'
2026-09-17 01:20:57,425 INFO exec-1 xyrus.actions.web: song: q='আমার পৃথিবী' score=1.00
2026-09-17 01:20:58,440 INFO T-engine xyrus.engine: say: Playing Amar Prithibi, sir.
2026-09-17 01:20:58,441 INFO T-engine xyrus.engine: info: https://www.youtube.com/watch?v=c8i1Qpcnsa8 (https://www.youtube.com/watch?v=c8i1Qpcnsa8)
2026-09-17 01:21:01,218 INFO T-engine xyrus.engine: info: playback: autoplay
2026-09-17 01:21:06,050 INFO T-rec xyrus.recognizer: heard 'cyrus' [command, wake re-decode] (1.3 s of audio)
2026-09-17 01:21:06,050 INFO T-engine xyrus.engine: heard: cyrus
2026-09-17 01:21:06,050 INFO T-engine xyrus.engine: say: I'm listening, sir.
2026-09-17 01:21:15,516 INFO T-rec xyrus.capture: capture: 0.5 s speech (vad 0.95 max) peak 0.45 floor 0.0009 ceil 0.0032 on_thr 0.0033 vad=silero
2026-09-17 01:21:15,886 INFO T-rec xyrus.recognizer: heard (command capture, en, 0.5 s of speech, peak 0.45, ended by silence) lp=-0.19 fb=0 vad=0.5s alts=0: 'Pause.'
2026-09-17 01:21:15,887 INFO T-rec xyrus.recognizer: heard 'pause' [command] (1.2 s of audio) free='pause'
2026-09-17 01:21:15,887 INFO T-engine xyrus.engine: heard: pause
2026-09-17 01:21:15,888 INFO T-engine xyrus.engine: cmd: play_pause
2026-09-17 01:21:37,284 INFO MainThread xyrus.audio: microphone: paused
2026-09-17 01:21:37,288 INFO MainThread xyrus.app: Xyrus stopped
2026-09-17 01:21:40,229 INFO T-index xyrus.actions.apps: start menu index: 123 entries
2026-09-17 01:21:40,236 INFO T-mic xyrus.audio: microphone open: device 1 (default, MME)
2026-09-17 01:21:40,236 INFO T-mic xyrus.audio: microphone: listening
2026-09-17 01:21:40,414 INFO MainThread xyrus.vad: vad: Silero ready (silero_vad_v6.onnx)
2026-09-17 01:21:40,415 INFO MainThread xyrus.app: commands after the wake reply and free text: Whisper when loaded (hearing.py), Vosk until then
2026-09-17 01:21:40,415 INFO MainThread xyrus.app: Xyrus 2.0.0 started (live)
2026-09-17 01:21:40,610 INFO T-rec xyrus.recognizer: speech model loaded in 0.3 s
2026-09-17 01:21:40,912 INFO T-engine xyrus.engine: say: Hello, Refath. Xyrus online. You have 1 thing today: meet with rafayet bhai.
2026-09-17 01:21:43,262 INFO whisper-load faster_whisper: Processing audio with duration 00:01.000
2026-09-17 01:21:44,215 INFO whisper-load faster_whisper: Processing audio with duration 00:01.455
2026-09-17 01:21:44,448 INFO whisper-load xyrus.hearing: whisper ready in 4.0 s: whisper-large-v3 on cuda (float16)
2026-09-17 01:21:47,061 INFO whisper-load faster_whisper: Processing audio with duration 00:01.000
2026-09-17 01:21:47,339 INFO whisper-load faster_whisper: Processing audio with duration 00:01.455
2026-09-17 01:21:47,566 INFO whisper-load xyrus.hearing: whisper ready in 3.1 s: whisper-large-v3-bn on cuda (float16)
2026-09-17 01:21:51,800 INFO T-rec xyrus.recognizer: heard 'cyrus' [command, wake re-decode] (2.8 s of audio)
2026-09-17 01:21:51,800 INFO T-engine xyrus.engine: heard: cyrus
2026-09-17 01:21:51,800 INFO T-engine xyrus.engine: say: Yes, sir?
2026-09-17 01:21:55,999 INFO T-rec xyrus.capture: capture: 0.4 s speech (vad 0.96 max) peak 0.14 floor 0.0016 ceil 0.0343 on_thr 0.0515 vad=silero
2026-09-17 01:21:56,581 INFO T-rec xyrus.hearing: whisper drop: 'Thanks for watching.' lp=-1.12 reason=logprob (advisory) no_speech=0.45
2026-09-17 01:21:56,581 INFO T-rec xyrus.recognizer: command capture: dropped filler lp=-1.12 vad=0.4s 'Thanks for watching.'
2026-09-17 01:22:01,249 INFO T-rec xyrus.capture: capture: 1.2 s speech (vad 0.96 max) peak 0.60 floor 0.0010 ceil 0.0026 on_thr 0.0035 vad=silero
2026-09-17 01:22:01,738 INFO T-rec xyrus.recognizer: Bengali decode rejected: 'Play Our Pre-TV' lp=-0.66
2026-09-17 01:22:02,302 INFO T-rec xyrus.recognizer: heard (command capture, song, 1.2 s of speech, peak 0.60, ended by silence) lp=-0.52 fb=0 vad=1.2s alts=3 bn='প্লে আমার পৃথিবী!': 'Play Amar Prithvi.'
2026-09-17 01:22:02,302 INFO T-rec xyrus.recognizer: heard 'প্লে আমার পৃথিবী' [command] (1.9 s of audio) free='প্লে আমার পৃথিবী'
2026-09-17 01:22:02,305 INFO T-engine xyrus.engine: heard: প্লে আমার পৃথিবী (ple amar prithibi)
2026-09-17 01:22:02,305 INFO T-engine xyrus.engine: cmd: play_song song='আমার পৃথিবী'
2026-09-17 01:22:03,034 INFO exec-1 xyrus.actions.web: song: q='আমার পৃথিবী' score=1.00
2026-09-17 01:22:03,963 INFO T-engine xyrus.engine: say: Playing Amar Prithibi, sir.
2026-09-17 01:22:03,963 INFO T-engine xyrus.engine: info: https://www.youtube.com/watch?v=c8i1Qpcnsa8 (https://www.youtube.com/watch?v=c8i1Qpcnsa8)
2026-09-17 01:22:06,959 INFO T-engine xyrus.engine: info: playback: autoplay
2026-09-17 01:22:15,554 INFO T-rec xyrus.recognizer: heard 'cyrus' [command, wake re-decode] (2.5 s of audio)
2026-09-17 01:22:15,555 INFO T-engine xyrus.engine: heard: cyrus
2026-09-17 01:22:15,555 INFO T-engine xyrus.engine: say: At your service, sir.
2026-09-17 01:22:25,249 INFO T-rec xyrus.capture: capture: 0.4 s speech (vad 0.98 max) peak 0.10 floor 0.0009 ceil 0.0018 on_thr 0.0026 vad=silero
2026-09-17 01:22:25,672 INFO T-rec xyrus.recognizer: heard (command capture, en, 0.4 s of speech, peak 0.10, ended by silence) lp=-0.21 fb=0 vad=0.4s alts=0: 'Sleep.'
2026-09-17 01:22:25,672 INFO T-rec xyrus.recognizer: heard 'sleep' [command] (1.1 s of audio) free='sleep'
2026-09-17 01:22:25,672 INFO T-engine xyrus.engine: heard: sleep
2026-09-17 01:22:25,673 INFO T-engine xyrus.engine: info: sleep heard faintly - asking first
2026-09-17 01:22:25,688 INFO T-engine xyrus.engine: ask: Did you say sleep? Yes or no.
2026-09-17 01:22:42,500 INFO T-rec xyrus.capture: capture: 0.7 s speech (vad 0.52 max) peak 0.02 floor 0.0013 ceil 0.0127 on_thr 0.0191 vad=silero
2026-09-17 01:22:42,947 INFO T-rec xyrus.recognizer: heard (command capture, en, 0.7 s of speech, peak 0.02, ended by silence) lp=-0.54 fb=0 vad=0.7s alts=3: 'The thing is, is beat slow.'
2026-09-17 01:22:42,947 INFO T-rec xyrus.recognizer: heard 'the thing is is beat slow' [confirm] (2.2 s of audio) free='the thing is is beat slow'
2026-09-17 01:22:42,998 INFO T-engine xyrus.engine: heard: the thing is is beat slow
2026-09-17 01:22:42,998 INFO T-engine xyrus.engine: ask: Sorry, I didn't catch that. Did you say sleep? Yes or no.
2026-09-17 01:22:59,539 INFO MainThread xyrus.app: already running - asked it to show its window
2026-09-17 01:23:06,018 INFO MainThread xyrus.audio: microphone: paused
2026-09-17 01:23:06,023 INFO MainThread xyrus.app: Xyrus stopped
2026-09-17 01:23:09,612 INFO T-index xyrus.actions.apps: start menu index: 123 entries
2026-09-17 01:23:09,614 INFO T-mic xyrus.audio: microphone open: device 1 (default, MME)
2026-09-17 01:23:09,614 INFO T-mic xyrus.audio: microphone: listening
2026-09-17 01:23:09,796 INFO MainThread xyrus.vad: vad: Silero ready (silero_vad_v6.onnx)
2026-09-17 01:23:09,796 INFO MainThread xyrus.app: commands after the wake reply and free text: Whisper when loaded (hearing.py), Vosk until then
2026-09-17 01:23:09,797 INFO MainThread xyrus.app: Xyrus 2.0.0 started (live)
2026-09-17 01:23:09,994 INFO T-rec xyrus.recognizer: speech model loaded in 0.3 s
2026-09-17 01:23:10,293 INFO T-engine xyrus.engine: say: Hello, Refath. Xyrus online. You have 1 thing today: meet with rafayet bhai.
2026-09-17 01:23:12,655 INFO whisper-load faster_whisper: Processing audio with duration 00:01.000
2026-09-17 01:23:13,605 INFO whisper-load faster_whisper: Processing audio with duration 00:01.455
2026-09-17 01:23:13,838 INFO whisper-load xyrus.hearing: whisper ready in 4.0 s: whisper-large-v3 on cuda (float16)
2026-09-17 01:23:16,471 INFO whisper-load faster_whisper: Processing audio with duration 00:01.000
2026-09-17 01:23:16,751 INFO whisper-load faster_whisper: Processing audio with duration 00:01.455
2026-09-17 01:23:16,976 INFO whisper-load xyrus.hearing: whisper ready in 3.1 s: whisper-large-v3-bn on cuda (float16)
2026-09-17 01:23:20,926 INFO T-rec xyrus.recognizer: heard 'cyrus' [command, wake re-decode] (2.5 s of audio)
2026-09-17 01:23:20,926 INFO T-engine xyrus.engine: heard: cyrus
2026-09-17 01:23:20,926 INFO T-engine xyrus.engine: say: At your service, sir.
2026-09-17 01:23:26,127 INFO T-rec xyrus.capture: capture: 0.7 s speech (vad 0.98 max) peak 0.10 floor 0.0011 ceil 0.0120 on_thr 0.0171 vad=silero
2026-09-17 01:23:26,674 INFO T-rec xyrus.hearing: whisper drop: 'Pre-TV.' lp=-1.02 reason=logprob (advisory) no_speech=0.42
2026-09-17 01:23:26,756 INFO T-rec xyrus.recognizer: heard (command capture, en, 0.7 s of speech, peak 0.10, ended by silence) lp=-1.02 fb=1 vad=0.7s alts=2: 'Pre-TV.'
2026-09-17 01:23:26,756 INFO T-rec xyrus.recognizer: heard 'pre tv' [command] (1.0 s of audio) free='pre tv'
2026-09-17 01:23:26,757 INFO T-engine xyrus.engine: heard: pre tv
2026-09-17 01:23:26,810 INFO T-engine xyrus.engine: info: heard as 'for more free tv'
2026-09-17 01:23:26,810 INFO T-engine xyrus.engine: cmd: recall_more
2026-09-17 01:23:26,810 INFO T-engine xyrus.engine: say: Nothing yet, sir. Say 'remember that' and I'll keep it.
2026-09-17 01:23:42,144 INFO MainThread xyrus.audio: microphone: paused
2026-09-17 01:23:42,151 INFO MainThread xyrus.app: Xyrus stopped
2026-09-17 01:23:45,765 INFO T-index xyrus.actions.apps: start menu index: 123 entries
2026-09-17 01:23:45,766 INFO T-mic xyrus.audio: microphone open: device 1 (default, MME)
2026-09-17 01:23:45,766 INFO T-mic xyrus.audio: microphone: listening
2026-09-17 01:23:45,955 INFO MainThread xyrus.vad: vad: Silero ready (silero_vad_v6.onnx)
2026-09-17 01:23:45,956 INFO MainThread xyrus.app: commands after the wake reply and free text: Whisper when loaded (hearing.py), Vosk until then
2026-09-17 01:23:45,956 INFO MainThread xyrus.app: Xyrus 2.0.0 started (live)
2026-09-17 01:23:46,134 INFO T-rec xyrus.recognizer: speech model loaded in 0.3 s
2026-09-17 01:23:46,433 INFO T-engine xyrus.engine: say: Hello, Refath. Xyrus online. You have 1 thing today: meet with rafayet bhai.
2026-09-17 01:23:48,743 INFO whisper-load faster_whisper: Processing audio with duration 00:01.000
2026-09-17 01:23:49,705 INFO whisper-load faster_whisper: Processing audio with duration 00:01.455
2026-09-17 01:23:49,936 INFO whisper-load xyrus.hearing: whisper ready in 4.0 s: whisper-large-v3 on cuda (float16)
2026-09-17 01:23:52,574 INFO whisper-load faster_whisper: Processing audio with duration 00:01.000
2026-09-17 01:23:52,844 INFO whisper-load faster_whisper: Processing audio with duration 00:01.455
2026-09-17 01:23:53,069 INFO whisper-load xyrus.hearing: whisper ready in 3.1 s: whisper-large-v3-bn on cuda (float16)
2026-09-17 01:23:56,823 INFO T-rec xyrus.recognizer: heard 'cyrus' [command, wake re-decode] (2.3 s of audio)
2026-09-17 01:23:56,823 INFO T-engine xyrus.engine: heard: cyrus
2026-09-17 01:23:56,823 INFO T-engine xyrus.engine: say: Yes, sir?
2026-09-17 01:24:01,280 INFO T-rec xyrus.capture: capture: 0.6 s speech (vad 0.97 max) peak 0.27 floor 0.0013 ceil 0.0224 on_thr 0.0310 vad=silero
2026-09-17 01:24:01,699 INFO T-rec xyrus.recognizer: heard (command capture, en, 0.6 s of speech, peak 0.27, ended by silence) lp=-0.50 fb=0 vad=0.6s alts=1: 'Free TV.'
2026-09-17 01:24:01,699 INFO T-rec xyrus.recognizer: heard 'free tv' [command] (0.9 s of audio) free='free tv'
2026-09-17 01:24:01,700 INFO T-engine xyrus.engine: heard: free tv
2026-09-17 01:24:01,765 INFO T-engine xyrus.engine: info: listening again for Bangla
2026-09-17 01:24:01,808 INFO T-engine xyrus.engine: say: Say that again, sir?
2026-09-17 01:24:07,279 INFO T-rec xyrus.capture: capture: 1.1 s speech (vad 0.97 max) peak 0.14 floor 0.0014 ceil 0.0298 on_thr 0.0447 vad=silero
2026-09-17 01:24:07,694 INFO T-rec xyrus.recognizer: heard (command capture, en, 1.1 s of speech, peak 0.14, ended by silence) lp=-0.71 fb=0 vad=1.1s alts=3: 'This is AmarPri TV.'
2026-09-17 01:24:07,694 INFO T-rec xyrus.recognizer: heard 'this is amarpri tv' [command] (4.9 s of audio) free='this is amarpri tv'
2026-09-17 01:24:07,695 INFO T-engine xyrus.engine: heard: this is amarpri tv
2026-09-17 01:24:07,711 INFO T-engine xyrus.engine: info: listening again for Bangla
2026-09-17 01:24:07,799 INFO T-engine xyrus.engine: say: Sorry, I didn't catch that, sir.
2026-09-17 01:24:18,046 INFO MainThread xyrus.audio: microphone: paused
2026-09-17 01:24:18,052 INFO MainThread xyrus.app: Xyrus stopped
2026-09-17 01:24:22,071 INFO T-index xyrus.actions.apps: start menu index: 123 entries
2026-09-17 01:24:22,075 INFO T-mic xyrus.audio: microphone open: device 1 (default, MME)
2026-09-17 01:24:22,076 INFO T-mic xyrus.audio: microphone: listening
2026-09-17 01:24:22,263 INFO MainThread xyrus.vad: vad: Silero ready (silero_vad_v6.onnx)
2026-09-17 01:24:22,263 INFO MainThread xyrus.app: commands after the wake reply and free text: Whisper when loaded (hearing.py), Vosk until then
2026-09-17 01:24:22,263 INFO MainThread xyrus.app: Xyrus 2.0.0 started (live)
2026-09-17 01:24:22,452 INFO T-rec xyrus.recognizer: speech model loaded in 0.3 s
2026-09-17 01:24:22,759 INFO T-engine xyrus.engine: say: Hello, Refath. Xyrus online. You have 1 thing today: meet with rafayet bhai.
2026-09-17 01:24:25,086 INFO whisper-load faster_whisper: Processing audio with duration 00:01.000
2026-09-17 01:24:26,016 INFO whisper-load faster_whisper: Processing audio with duration 00:01.455
2026-09-17 01:24:26,248 INFO whisper-load xyrus.hearing: whisper ready in 4.0 s: whisper-large-v3 on cuda (float16)
2026-09-17 01:24:28,875 INFO whisper-load faster_whisper: Processing audio with duration 00:01.000
2026-09-17 01:24:29,154 INFO whisper-load faster_whisper: Processing audio with duration 00:01.455
2026-09-17 01:24:29,380 INFO whisper-load xyrus.hearing: whisper ready in 3.1 s: whisper-large-v3-bn on cuda (float16)
2026-09-17 01:24:33,638 INFO T-rec xyrus.recognizer: heard 'cyrus' [command, wake re-decode] (2.8 s of audio)
2026-09-17 01:24:33,638 INFO T-engine xyrus.engine: heard: cyrus
2026-09-17 01:24:33,638 INFO T-engine xyrus.engine: say: Yes, sir?
2026-09-17 01:24:39,588 INFO T-rec xyrus.capture: capture: 1.2 s speech (vad 0.96 max) peak 0.24 floor 0.0013 ceil 0.0037 on_thr 0.0055 vad=silero
2026-09-17 01:24:40,268 INFO T-rec xyrus.recognizer: Bengali decode rejected: 'Play AmarPriTV' lp=-0.56
2026-09-17 01:24:40,864 INFO T-rec xyrus.recognizer: heard (command capture, song, 1.2 s of speech, peak 0.24, ended by silence) lp=-0.41 fb=0 vad=1.2s alts=2 bn='প্লে আমার পৃথিবী।': 'Play Amar Prithibi.'
2026-09-17 01:24:40,864 INFO T-rec xyrus.recognizer: heard 'প্লে আমার পৃথিবী' [command] (2.0 s of audio) free='প্লে আমার পৃথিবী'
2026-09-17 01:24:40,868 INFO T-engine xyrus.engine: heard: প্লে আমার পৃথিবী (ple amar prithibi)
2026-09-17 01:24:40,868 INFO T-engine xyrus.engine: cmd: play_song song='আমার পৃথিবী'
2026-09-17 01:24:41,576 INFO exec-1 xyrus.actions.web: song: q='আমার পৃথিবী' score=1.00
2026-09-17 01:24:42,493 INFO T-engine xyrus.engine: say: Playing Amar Prithibi, sir.
2026-09-17 01:24:42,493 INFO T-engine xyrus.engine: info: https://www.youtube.com/watch?v=c8i1Qpcnsa8 (https://www.youtube.com/watch?v=c8i1Qpcnsa8)
2026-09-17 01:24:45,486 INFO T-engine xyrus.engine: info: playback: autoplay
2026-09-17 01:24:48,615 INFO T-rec xyrus.recognizer: heard 'cyrus' [command, wake re-decode] (2.8 s of audio)
2026-09-17 01:24:48,615 INFO T-engine xyrus.engine: heard: cyrus
2026-09-17 01:24:48,615 INFO T-engine xyrus.engine: say: At your service, sir.
2026-09-17 01:24:53,839 INFO T-rec xyrus.capture: capture: 0.4 s speech (vad 0.90 max) peak 1.00 floor 0.0011 ceil 0.0047 on_thr 0.0054 vad=silero
2026-09-17 01:24:54,279 INFO T-rec xyrus.recognizer: heard (command capture, en, 0.4 s of speech, peak 1.00, ended by silence) lp=-0.18 fb=0 vad=0.4s alts=0: 'Pause.'
2026-09-17 01:24:54,279 INFO T-rec xyrus.recognizer: heard 'pause' [command] (1.2 s of audio) free='pause'
2026-09-17 01:24:54,279 INFO T-engine xyrus.engine: heard: pause
2026-09-17 01:24:54,280 INFO T-engine xyrus.engine: cmd: play_pause
2026-09-17 01:24:57,660 INFO T-rec xyrus.recognizer: Vosk wake 'last cyrus' (extra words): the breath goes on - Whisper hears it whole at its end
2026-09-17 01:24:58,089 INFO T-rec xyrus.capture: capture: 0.5 s speech (vad 0.94 max) peak 0.28 floor 0.0008 ceil 0.0016 on_thr 0.0024 vad=silero
2026-09-17 01:24:58,316 INFO T-rec xyrus.recognizer: heard the name (Whisper second opinion, 0.5 s of speech, 0.22 s, lp=-0.33): 'Cyrus.'
2026-09-17 01:24:58,317 INFO T-rec xyrus.recognizer: heard 'cyrus' [command, wake re-decode] (1.2 s of audio)
2026-09-17 01:24:58,317 INFO T-engine xyrus.engine: heard: cyrus
2026-09-17 01:24:58,317 INFO T-engine xyrus.engine: say: Yes, sir?
2026-09-17 01:25:02,339 INFO T-rec xyrus.capture: capture: 0.4 s speech (vad 0.94 max) peak 0.14 floor 0.0015 ceil 0.0075 on_thr 0.0106 vad=silero
2026-09-17 01:25:02,666 INFO T-rec xyrus.recognizer: heard (command capture, en, 0.4 s of speech, peak 0.14, ended by silence) lp=-0.66 fb=0 vad=0.4s alts=1: "Don't."
2026-09-17 01:25:02,667 INFO T-rec xyrus.recognizer: heard "don't" [command] (0.6 s of audio) free="don't"
2026-09-17 01:25:02,667 INFO T-engine xyrus.engine: heard: don't
2026-09-17 01:25:02,718 INFO T-engine xyrus.engine: info: heard as 'done'
2026-09-17 01:25:02,718 INFO T-engine xyrus.engine: cmd: dismiss
2026-09-17 01:25:02,718 INFO T-engine xyrus.engine: say: Okay, sir.
2026-09-17 01:25:13,645 INFO T-rec xyrus.recognizer: heard 'cyrus' [command, wake re-decode] (3.0 s of audio)
2026-09-17 01:25:13,645 INFO T-engine xyrus.engine: heard: cyrus
2026-09-17 01:25:13,645 INFO T-engine xyrus.engine: say: I'm listening, sir.
2026-09-17 01:25:18,089 INFO T-rec xyrus.capture: capture: 0.3 s speech (vad 0.99 max) peak 0.11 floor 0.0013 ceil 0.0299 on_thr 0.0334 vad=silero
2026-09-17 01:25:18,414 INFO T-rec xyrus.hearing: whisper drop: '.' lp=-1.14 reason=logprob (advisory) no_speech=0.67
2026-09-17 01:25:18,414 INFO T-rec xyrus.recognizer: command capture: dropped empty lp=-1.14 vad=0.3s '.'
2026-09-17 01:25:26,339 INFO T-rec xyrus.capture: capture: 0.5 s speech (vad 0.96 max) peak 0.22 floor 0.0007 ceil 0.0021 on_thr 0.0031 vad=silero
2026-09-17 01:25:26,713 INFO T-rec xyrus.recognizer: heard (command capture, en, 0.5 s of speech, peak 0.22, ended by silence) lp=-0.63 fb=0 vad=0.5s alts=2: 'Serious.'
2026-09-17 01:25:26,713 INFO T-rec xyrus.recognizer: heard 'serious' [command] (1.2 s of audio) free='serious'
2026-09-17 01:25:26,714 INFO T-engine xyrus.engine: heard: serious
2026-09-17 01:25:26,714 INFO T-engine xyrus.engine: say: At your service, sir.
2026-09-17 01:25:31,339 INFO T-rec xyrus.capture: capture: 0.4 s speech (vad 0.99 max) peak 0.12 floor 0.0010 ceil 0.0293 on_thr 0.0440 vad=silero
2026-09-17 01:25:31,633 INFO T-rec xyrus.recognizer: heard (command capture, en, 0.4 s of speech, peak 0.12, ended by silence) lp=-0.55 fb=0 vad=0.4s alts=1: 'PC.'
2026-09-17 01:25:31,633 INFO T-rec xyrus.recognizer: heard 'pc' [command] (3.9 s of audio) free='pc'
2026-09-17 01:25:31,634 INFO T-engine xyrus.engine: heard: pc
2026-09-17 01:25:31,640 INFO T-engine xyrus.engine: info: listening again for Bangla
2026-09-17 01:25:31,759 INFO T-engine xyrus.engine: say: Say that again, sir?
2026-09-17 01:25:37,339 INFO T-rec xyrus.capture: capture: 1.0 s speech (vad 0.99 max) peak 0.69 floor 0.0011 ceil 0.0298 on_thr 0.0345 vad=silero
2026-09-17 01:25:37,699 INFO T-rec xyrus.recognizer: heard (command capture, en, 1.0 s of speech, peak 0.69, ended by silence) lp=-0.47 fb=0 vad=1.0s alts=1: 'Down the PC.'
2026-09-17 01:25:37,700 INFO T-rec xyrus.recognizer: heard 'down the pc' [command] (4.8 s of audio) free='down the pc'
2026-09-17 01:25:37,710 INFO T-engine xyrus.engine: heard: down the pc
2026-09-17 01:25:37,721 INFO T-engine xyrus.engine: info: listening again for Bangla
2026-09-17 01:25:37,837 INFO T-engine xyrus.engine: say: Sorry, I didn't catch that, sir.
2026-09-17 01:25:46,090 INFO T-rec xyrus.capture: capture: 1.7 s speech (vad 0.97 max) peak 0.11 floor 0.0018 ceil 0.0068 on_thr 0.0151 vad=silero
2026-09-17 01:25:46,454 INFO T-rec xyrus.recognizer: Whisper wake check: rejected 'Shut down the PC.' lp=-0.31 (not the name)
2026-09-17 01:25:52,929 INFO T-rec xyrus.recognizer: heard 'cyrus' [command, wake re-decode] (5.8 s of audio)
2026-09-17 01:25:52,929 INFO T-engine xyrus.engine: heard: cyrus
2026-09-17 01:25:52,929 INFO T-engine xyrus.engine: say: I'm listening, sir.
2026-09-17 01:25:58,840 INFO T-rec xyrus.capture: capture: 0.8 s speech (vad 0.99 max) peak 0.12 floor 0.0021 ceil 0.0062 on_thr 0.0090 vad=silero
2026-09-17 01:25:59,306 INFO T-rec xyrus.recognizer: heard (command capture, en, 0.8 s of speech, peak 0.12, ended by silence) lp=-0.15 fb=0 vad=0.8s alts=0: 'Go to sleep.'
2026-09-17 01:25:59,306 INFO T-rec xyrus.recognizer: heard 'go to sleep' [command] (1.4 s of audio) free='go to sleep'
2026-09-17 01:25:59,307 INFO T-engine xyrus.engine: heard: go to sleep
2026-09-17 01:25:59,308 INFO T-engine xyrus.engine: info: sleep heard faintly - asking first
2026-09-17 01:25:59,318 INFO T-engine xyrus.engine: ask: Did you say go to sleep? Yes or no.
2026-09-17 01:26:09,090 INFO T-rec xyrus.capture: capture: 0.5 s speech (vad 0.98 max) peak 0.19 floor 0.0011 ceil 0.0020 on_thr 0.0028 vad=silero
2026-09-17 01:26:09,469 INFO T-rec xyrus.recognizer: heard (command capture, en, 0.5 s of speech, peak 0.19, ended by silence) lp=-0.34 fb=0 vad=0.5s alts=0: 'Yes.'
2026-09-17 01:26:09,469 INFO T-rec xyrus.recognizer: heard 'yes' [confirm] (1.2 s of audio) free='yes'
2026-09-17 01:26:09,470 INFO T-engine xyrus.engine: heard: yes
2026-09-17 01:26:09,470 INFO T-engine xyrus.engine: cmd: sleep
2026-09-17 01:26:09,470 INFO T-engine xyrus.engine: say: Going to sleep, sir.
2026-09-17 01:26:15,825 WARNING T-watch xyrus.audio: microphone stalled (no audio for 3.7 s) - reopening
2026-09-17 01:26:41,189 INFO T-watch xyrus.audio: microphone: mic error, retrying
2026-09-17 01:26:44,499 INFO T-watch xyrus.audio: microphone open: device 1 (default, MME)
2026-09-17 01:26:44,514 INFO T-watch xyrus.audio: microphone: listening
2026-09-17 01:27:13,964 INFO MainThread xyrus.audio: microphone: paused
2026-09-17 01:27:13,995 INFO MainThread xyrus.app: Xyrus stopped
2026-09-17 01:27:22,516 INFO T-index xyrus.actions.apps: start menu index: 123 entries
2026-09-17 01:27:22,548 INFO T-mic xyrus.audio: microphone open: device 1 (default, MME)
2026-09-17 01:27:22,549 INFO T-mic xyrus.audio: microphone: listening
2026-09-17 01:27:22,832 INFO MainThread xyrus.vad: vad: Silero ready (silero_vad_v6.onnx)
2026-09-17 01:27:22,833 INFO MainThread xyrus.app: commands after the wake reply and free text: Whisper when loaded (hearing.py), Vosk until then
2026-09-17 01:27:22,833 INFO MainThread xyrus.app: Xyrus 2.0.0 started (live)
2026-09-17 01:27:22,924 INFO T-rec xyrus.recognizer: speech model loaded in 0.3 s
2026-09-17 01:27:23,255 INFO T-engine xyrus.engine: say: Hello, Refath. Xyrus online. You have 1 thing today: meet with rafayet bhai.
2026-09-17 01:27:26,823 INFO whisper-load faster_whisper: Processing audio with duration 00:01.000
2026-09-17 01:27:27,788 INFO whisper-load faster_whisper: Processing audio with duration 00:01.455
2026-09-17 01:27:28,023 INFO whisper-load xyrus.hearing: whisper ready in 5.2 s: whisper-large-v3 on cuda (float16)
2026-09-17 01:27:29,078 INFO MainThread xyrus.audio: microphone: paused
2026-09-17 01:27:29,205 INFO MainThread xyrus.app: Xyrus stopped
2026-09-17 01:27:31,277 INFO T-index xyrus.actions.apps: start menu index: 123 entries
2026-09-17 01:27:31,285 INFO T-mic xyrus.audio: microphone open: device 1 (default, MME)
2026-09-17 01:27:31,285 INFO T-mic xyrus.audio: microphone: listening
2026-09-17 01:27:31,452 INFO MainThread xyrus.vad: vad: Silero ready (silero_vad_v6.onnx)
2026-09-17 01:27:31,452 INFO MainThread xyrus.app: commands after the wake reply and free text: Whisper when loaded (hearing.py), Vosk until then
2026-09-17 01:27:31,452 INFO MainThread xyrus.app: Xyrus 2.0.0 started (live)
2026-09-17 01:27:31,644 INFO T-rec xyrus.recognizer: speech model loaded in 0.3 s
2026-09-17 01:27:31,931 INFO T-engine xyrus.engine: say: Hello, Refath. Xyrus online. You have 1 thing today: meet with rafayet bhai.
2026-09-17 01:27:34,113 INFO whisper-load faster_whisper: Processing audio with duration 00:01.000
2026-09-17 01:27:34,547 INFO whisper-load faster_whisper: Processing audio with duration 00:01.455
2026-09-17 01:27:34,784 INFO whisper-load xyrus.hearing: whisper ready in 3.3 s: whisper-large-v3 on cuda (float16)
2026-09-17 01:27:37,268 INFO whisper-load faster_whisper: Processing audio with duration 00:01.000
2026-09-17 01:27:37,537 INFO whisper-load faster_whisper: Processing audio with duration 00:01.455
2026-09-17 01:27:37,765 INFO whisper-load xyrus.hearing: whisper ready in 3.0 s: whisper-large-v3-bn on cuda (float16)
2026-09-17 01:27:42,101 INFO T-rec xyrus.recognizer: heard 'cyrus' [command, wake re-decode] (2.0 s of audio)
2026-09-17 01:27:42,102 INFO T-engine xyrus.engine: heard: cyrus
2026-09-17 01:27:42,102 INFO T-engine xyrus.engine: say: Waiting for your command, sir.
2026-09-17 01:27:48,549 INFO T-rec xyrus.capture: capture: 1.3 s speech (vad 0.96 max) peak 0.12 floor 0.0017 ceil 0.0046 on_thr 0.0055 vad=silero
2026-09-17 01:27:49,072 INFO T-rec xyrus.recognizer: Bengali decode rejected: 'Play Our Pre-TV' lp=-0.51
2026-09-17 01:27:49,682 INFO T-rec xyrus.recognizer: heard (command capture, song, 1.3 s of speech, peak 0.12, ended by silence) lp=-0.52 fb=0 vad=1.3s alts=2 bn='প্লে আমার পৃথিবী।': 'Play our pretty bee.'
2026-09-17 01:27:49,682 INFO T-rec xyrus.recognizer: heard 'প্লে আমার পৃথিবী' [command] (2.0 s of audio) free='প্লে আমার পৃথিবী'
2026-09-17 01:27:49,685 INFO T-engine xyrus.engine: heard: প্লে আমার পৃথিবী (ple amar prithibi)
2026-09-17 01:27:49,686 INFO T-engine xyrus.engine: cmd: play_song song='আমার পৃথিবী'
2026-09-17 01:27:50,338 INFO exec-1 xyrus.actions.web: song: q='আমার পৃথিবী' score=1.00
2026-09-17 01:27:51,266 INFO T-engine xyrus.engine: say: Playing Amar Prithibi, sir.
2026-09-17 01:27:51,266 INFO T-engine xyrus.engine: info: https://www.youtube.com/watch?v=c8i1Qpcnsa8 (https://www.youtube.com/watch?v=c8i1Qpcnsa8)
2026-09-17 01:27:54,292 INFO T-engine xyrus.engine: info: playback: autoplay
2026-09-17 01:27:59,597 INFO T-rec xyrus.recognizer: heard 'cyrus' [command, wake re-decode] (2.0 s of audio)
2026-09-17 01:27:59,597 INFO T-engine xyrus.engine: heard: cyrus
2026-09-17 01:27:59,597 INFO T-engine xyrus.engine: say: At your service, sir.
2026-09-17 01:28:10,049 INFO T-rec xyrus.capture: capture: 0.6 s speech (vad 0.97 max) peak 0.17 floor 0.0018 ceil 0.0042 on_thr 0.0056 vad=silero
2026-09-17 01:28:10,466 INFO T-rec xyrus.recognizer: heard (command capture, en, 0.6 s of speech, peak 0.17, ended by silence) lp=-0.22 fb=0 vad=0.6s alts=0: 'Cyrus.'
2026-09-17 01:28:10,466 INFO T-rec xyrus.recognizer: heard 'cyrus' [command] (1.3 s of audio) free='cyrus'
2026-09-17 01:28:10,467 INFO T-engine xyrus.engine: heard: cyrus
2026-09-17 01:28:10,467 INFO T-engine xyrus.engine: say: Waiting for your command, sir.
2026-09-17 01:28:15,799 INFO T-rec xyrus.capture: capture: 0.5 s speech (vad 0.99 max) peak 0.16 floor 0.0012 ceil 0.0306 on_thr 0.0339 vad=silero
2026-09-17 01:28:16,162 INFO T-rec xyrus.recognizer: heard (command capture, en, 0.5 s of speech, peak 0.16, ended by silence) lp=-0.45 fb=0 vad=0.5s alts=4: 'This is the song.'
2026-09-17 01:28:16,162 INFO T-rec xyrus.recognizer: heard 'this is the song' [command] (4.5 s of audio) free='this is the song'
2026-09-17 01:28:16,163 INFO T-engine xyrus.engine: heard: this is the song
2026-09-17 01:28:16,215 INFO T-engine xyrus.engine: info: heard as 'close the song'
2026-09-17 01:28:16,226 INFO T-engine xyrus.engine: ask: Did you say close the song, sir?
2026-09-17 01:28:22,299 INFO T-rec xyrus.capture: capture: 1.2 s speech (vad 0.99 max) peak 0.36 floor 0.0018 ceil 0.0891 on_thr 0.1336 vad=silero
2026-09-17 01:28:22,625 INFO T-rec xyrus.recognizer: heard (command capture, en, 1.2 s of speech, peak 0.36, ended by silence) lp=-0.72 fb=0 vad=1.2s alts=3: 'The song pause.'
2026-09-17 01:28:22,625 INFO T-rec xyrus.recognizer: heard 'the song pause' [confirm] (5.3 s of audio) free='the song pause'
2026-09-17 01:28:22,627 INFO T-engine xyrus.engine: info: question dropped for a new command
2026-09-17 01:28:22,627 INFO T-engine xyrus.engine: heard: the song pause
2026-09-17 01:28:22,627 INFO T-engine xyrus.engine: cmd: play_pause
2026-09-17 01:28:37,018 INFO MainThread xyrus.app: already running - asked it to show its window
2026-09-17 01:28:41,319 INFO MainThread xyrus.audio: microphone: paused
2026-09-17 01:28:41,322 INFO MainThread xyrus.app: Xyrus stopped
2026-09-17 01:28:41,932 INFO T-index xyrus.actions.apps: start menu index: 123 entries
2026-09-17 01:28:41,934 INFO T-mic xyrus.audio: microphone open: device 1 (default, MME)
2026-09-17 01:28:41,934 INFO T-mic xyrus.audio: microphone: listening
2026-09-17 01:28:42,141 INFO MainThread xyrus.vad: vad: Silero ready (silero_vad_v6.onnx)
2026-09-17 01:28:42,142 INFO MainThread xyrus.app: commands after the wake reply and free text: Whisper when loaded (hearing.py), Vosk until then
2026-09-17 01:28:42,142 INFO MainThread xyrus.app: Xyrus 2.0.0 started (live)
2026-09-17 01:28:42,328 INFO T-rec xyrus.recognizer: speech model loaded in 0.3 s
2026-09-17 01:28:42,625 INFO T-engine xyrus.engine: say: Hello, Refath. Xyrus online. You have 1 thing today: meet with rafayet bhai.
2026-09-17 01:28:45,049 INFO whisper-load faster_whisper: Processing audio with duration 00:01.000
2026-09-17 01:28:45,508 INFO whisper-load faster_whisper: Processing audio with duration 00:01.455
2026-09-17 01:28:45,751 INFO whisper-load xyrus.hearing: whisper ready in 3.6 s: whisper-large-v3 on cuda (float16)
2026-09-17 01:28:48,473 INFO whisper-load faster_whisper: Processing audio with duration 00:01.000
2026-09-17 01:28:48,749 INFO whisper-load faster_whisper: Processing audio with duration 00:01.455
2026-09-17 01:28:48,981 INFO whisper-load xyrus.hearing: whisper ready in 3.2 s: whisper-large-v3-bn on cuda (float16)
2026-09-17 01:28:52,496 INFO T-rec xyrus.recognizer: heard 'cyrus' [command, wake re-decode] (1.7 s of audio)
2026-09-17 01:28:52,496 INFO T-engine xyrus.engine: heard: cyrus
2026-09-17 01:28:52,496 INFO T-engine xyrus.engine: say: Waiting for your command, sir.
2026-09-17 01:28:58,447 INFO T-rec xyrus.capture: capture: 1.2 s speech (vad 0.98 max) peak 0.12 floor 0.0016 ceil 0.0058 on_thr 0.0087 vad=silero
2026-09-17 01:28:58,941 INFO T-rec xyrus.recognizer: heard (command capture, en, 1.2 s of speech, peak 0.12, ended by silence) lp=-0.81 fb=0 vad=1.2s alts=3: 'Amar Prithibi.'
2026-09-17 01:28:58,941 INFO T-rec xyrus.recognizer: heard 'amar prithibi' [command] (1.6 s of audio) free='amar prithibi'
2026-09-17 01:28:58,942 INFO T-engine xyrus.engine: heard: amar prithibi
2026-09-17 01:28:58,995 INFO T-engine xyrus.engine: info: heard as 'play amar prithibi'
2026-09-17 01:28:58,995 INFO T-engine xyrus.engine: cmd: play_song song='amar prithibi'
2026-09-17 01:28:59,614 INFO exec-1 xyrus.actions.web: song: q='amar prithibi' score=1.00
2026-09-17 01:29:00,544 INFO T-engine xyrus.engine: say: Playing Amar Prithibi, sir.
2026-09-17 01:29:00,544 INFO T-engine xyrus.engine: info: https://www.youtube.com/watch?v=c8i1Qpcnsa8 (https://www.youtube.com/watch?v=c8i1Qpcnsa8)
2026-09-17 01:29:03,244 INFO T-engine xyrus.engine: info: playback: autoplay
2026-09-17 01:29:08,485 INFO T-rec xyrus.recognizer: heard 'cyrus' [command, wake re-decode] (1.5 s of audio)
2026-09-17 01:29:08,485 INFO T-engine xyrus.engine: heard: cyrus
2026-09-17 01:29:08,486 INFO T-engine xyrus.engine: say: Yes, sir?
2026-09-17 01:29:13,948 INFO T-rec xyrus.capture: capture: 1.0 s speech (vad 0.99 max) peak 1.00 floor 0.0012 ceil 0.0088 on_thr 0.0115 vad=silero
2026-09-17 01:29:14,356 INFO T-rec xyrus.recognizer: heard (command capture, en, 1.0 s of speech, peak 1.00, ended by silence) lp=-0.06 fb=0 vad=1.0s alts=0: 'Pause the song.'
2026-09-17 01:29:14,356 INFO T-rec xyrus.recognizer: heard 'pause the song' [command] (1.7 s of audio) free='pause the song'
2026-09-17 01:29:14,357 INFO T-engine xyrus.engine: heard: pause the song
2026-09-17 01:29:14,358 INFO T-engine xyrus.engine: cmd: play_pause
2026-09-17 01:29:17,756 INFO T-rec xyrus.recognizer: heard 'cyrus' [command, wake re-decode] (3.2 s of audio)
2026-09-17 01:29:17,756 INFO T-engine xyrus.engine: heard: cyrus
2026-09-17 01:29:17,756 INFO T-engine xyrus.engine: say: At your service, sir.
2026-09-17 01:29:23,198 INFO T-rec xyrus.capture: capture: 0.8 s speech (vad 0.97 max) peak 0.09 floor 0.0007 ceil 0.0040 on_thr 0.0056 vad=silero
2026-09-17 01:29:23,699 INFO T-rec xyrus.recognizer: heard (command capture, en, 0.8 s of speech, peak 0.09, ended by silence) lp=-0.10 fb=0 vad=0.8s alts=0: 'Go to sleep.'
2026-09-17 01:29:23,699 INFO T-rec xyrus.recognizer: heard 'go to sleep' [command] (1.3 s of audio) free='go to sleep'
2026-09-17 01:29:23,700 INFO T-engine xyrus.engine: heard: go to sleep
2026-09-17 01:29:23,701 INFO T-engine xyrus.engine: info: sleep heard faintly - asking first
2026-09-17 01:29:23,712 INFO T-engine xyrus.engine: ask: Did you say go to sleep? Yes or no.
2026-09-17 01:29:29,948 INFO T-rec xyrus.capture: capture: 0.6 s speech (vad 0.93 max) peak 0.15 floor 0.0009 ceil 0.0026 on_thr 0.0045 vad=silero
2026-09-17 01:29:30,256 INFO T-rec xyrus.recognizer: heard (command capture, en, 0.6 s of speech, peak 0.15, ended by silence) lp=-0.38 fb=0 vad=0.6s alts=0: 'Yes.'
2026-09-17 01:29:30,256 INFO T-rec xyrus.recognizer: heard 'yes' [confirm] (5.3 s of audio) free='yes'
2026-09-17 01:29:30,257 INFO T-engine xyrus.engine: heard: yes
2026-09-17 01:29:30,257 INFO T-engine xyrus.engine: cmd: sleep
2026-09-17 01:29:30,257 INFO T-engine xyrus.engine: say: Going to sleep, sir.
2026-09-17 01:29:36,296 WARNING T-watch xyrus.audio: microphone stalled (no audio for 3.3 s) - reopening
2026-09-17 01:29:59,134 INFO T-watch xyrus.audio: microphone: mic error, retrying
2026-09-17 01:29:59,274 INFO T-watch xyrus.audio: microphone open: device 1 (default, MME)
2026-09-17 01:29:59,275 INFO T-watch xyrus.audio: microphone: listening
2026-09-17 01:30:38,307 INFO MainThread xyrus.audio: microphone: paused
2026-09-17 01:30:38,325 INFO MainThread xyrus.app: Xyrus stopped
2026-09-17 01:35:19,538 INFO T-index xyrus.actions.apps: start menu index: 123 entries
2026-09-17 01:35:19,550 INFO T-mic xyrus.audio: microphone open: device 1 (default, MME)
2026-09-17 01:35:19,550 INFO T-mic xyrus.audio: microphone: listening
2026-09-17 01:35:19,840 INFO MainThread xyrus.vad: vad: Silero ready (silero_vad_v6.onnx)
2026-09-17 01:35:19,841 INFO MainThread xyrus.app: commands after the wake reply and free text: Whisper when loaded (hearing.py), Vosk until then
2026-09-17 01:35:19,841 INFO MainThread xyrus.app: Xyrus 2.0.0 started (live)
2026-09-17 01:35:19,944 INFO T-rec xyrus.recognizer: speech model loaded in 0.3 s
2026-09-17 01:35:20,264 INFO T-engine xyrus.engine: say: Hello, Refath. Xyrus online. You have 1 thing today: meet with rafayet bhai.
2026-09-17 01:35:23,438 INFO whisper-load faster_whisper: Processing audio with duration 00:01.000
2026-09-17 01:35:23,960 INFO whisper-load faster_whisper: Processing audio with duration 00:01.455
2026-09-17 01:35:24,198 INFO whisper-load xyrus.hearing: whisper ready in 4.4 s: whisper-large-v3 on cuda (float16)
2026-09-17 01:35:27,059 INFO whisper-load faster_whisper: Processing audio with duration 00:01.000
2026-09-17 01:35:27,332 INFO whisper-load faster_whisper: Processing audio with duration 00:01.455
2026-09-17 01:35:27,560 INFO whisper-load xyrus.hearing: whisper ready in 3.4 s: whisper-large-v3-bn on cuda (float16)
2026-09-17 01:35:36,064 INFO T-rec xyrus.capture: capture: 0.4 s speech (vad 0.72 max) peak 0.03 floor 0.0020 ceil 0.0041 on_thr 0.0063 vad=silero
2026-09-17 01:35:36,370 INFO T-rec xyrus.hearing: whisper drop: 'Come on.' lp=-1.29 reason=logprob (advisory) no_speech=0.70
2026-09-17 01:35:36,370 INFO T-rec xyrus.recognizer: Whisper wake check: rejected 'Come on.' lp=-1.29 (not the name)
2026-09-17 01:35:58,580 INFO T-rec xyrus.recognizer: heard "what's" [wake] (20.0 s of audio)
2026-09-17 01:37:01,331 INFO MainThread xyrus.audio: microphone: paused
2026-09-17 01:37:01,336 INFO MainThread xyrus.app: Xyrus stopped
2026-09-17 01:37:13,584 INFO T-index xyrus.actions.apps: start menu index: 123 entries
2026-09-17 01:37:13,593 INFO T-mic xyrus.audio: microphone open: device 1 (default, MME)
2026-09-17 01:37:13,594 INFO T-mic xyrus.audio: microphone: listening
2026-09-17 01:37:13,783 INFO MainThread xyrus.vad: vad: Silero ready (silero_vad_v6.onnx)
2026-09-17 01:37:13,783 INFO MainThread xyrus.app: commands after the wake reply and free text: Whisper when loaded (hearing.py), Vosk until then
2026-09-17 01:37:13,783 INFO MainThread xyrus.app: Xyrus 2.0.0 started (live)
2026-09-17 01:37:13,963 INFO T-rec xyrus.recognizer: speech model loaded in 0.3 s
2026-09-17 01:37:14,256 INFO T-engine xyrus.engine: say: Hello, Refath. Xyrus online. You have 1 thing today: meet with rafayet bhai.
2026-09-17 01:37:16,632 INFO whisper-load faster_whisper: Processing audio with duration 00:01.000
2026-09-17 01:37:17,080 INFO whisper-load faster_whisper: Processing audio with duration 00:01.455
2026-09-17 01:37:17,321 INFO whisper-load xyrus.hearing: whisper ready in 3.5 s: whisper-large-v3 on cuda (float16)
2026-09-17 01:37:19,956 INFO whisper-load faster_whisper: Processing audio with duration 00:01.000
2026-09-17 01:37:20,229 INFO whisper-load faster_whisper: Processing audio with duration 00:01.455
2026-09-17 01:37:20,461 INFO whisper-load xyrus.hearing: whisper ready in 3.1 s: whisper-large-v3-bn on cuda (float16)
2026-09-17 01:37:42,624 INFO T-rec xyrus.recognizer: heard "what's" [wake] (20.3 s of audio)
2026-09-17 01:37:52,374 INFO MainThread xyrus.audio: microphone: paused
2026-09-17 01:37:52,377 INFO MainThread xyrus.app: Xyrus stopped
2026-09-17 01:38:02,141 INFO T-index xyrus.actions.apps: start menu index: 123 entries
2026-09-17 01:38:02,149 INFO T-mic xyrus.audio: microphone open: device 1 (default, MME)
2026-09-17 01:38:02,149 INFO T-mic xyrus.audio: microphone: listening
2026-09-17 01:38:02,337 INFO MainThread xyrus.vad: vad: Silero ready (silero_vad_v6.onnx)
2026-09-17 01:38:02,337 INFO MainThread xyrus.app: commands after the wake reply and free text: Whisper when loaded (hearing.py), Vosk until then
2026-09-17 01:38:02,337 INFO MainThread xyrus.app: Xyrus 2.0.0 started (live)
2026-09-17 01:38:02,514 INFO T-rec xyrus.recognizer: speech model loaded in 0.3 s
2026-09-17 01:38:02,815 INFO T-engine xyrus.engine: say: Hello, Refath. Xyrus online. You have 1 thing today: meet with rafayet bhai.
2026-09-17 01:38:05,101 INFO whisper-load faster_whisper: Processing audio with duration 00:01.000
2026-09-17 01:38:05,558 INFO whisper-load faster_whisper: Processing audio with duration 00:01.455
2026-09-17 01:38:05,797 INFO whisper-load xyrus.hearing: whisper ready in 3.5 s: whisper-large-v3 on cuda (float16)
2026-09-17 01:38:08,402 INFO whisper-load faster_whisper: Processing audio with duration 00:01.000
2026-09-17 01:38:08,679 INFO whisper-load faster_whisper: Processing audio with duration 00:01.455
2026-09-17 01:38:08,912 INFO whisper-load xyrus.hearing: whisper ready in 3.1 s: whisper-large-v3-bn on cuda (float16)
2026-09-17 01:38:12,965 INFO T-rec xyrus.recognizer: heard 'cyrus' [command, wake re-decode] (2.0 s of audio)
2026-09-17 01:38:12,965 INFO T-engine xyrus.engine: heard: cyrus
2026-09-17 01:38:12,965 INFO T-engine xyrus.engine: say: Waiting for your command, sir.
2026-09-17 01:38:18,412 INFO T-rec xyrus.capture: capture: 0.9 s speech (vad 0.97 max) peak 0.11 floor 0.0020 ceil 0.0151 on_thr 0.0226 vad=silero
2026-09-17 01:38:18,926 INFO T-rec xyrus.recognizer: heard (command capture, en, 0.9 s of speech, peak 0.11, ended by silence) lp=-0.81 fb=0 vad=0.9s alts=3: 'This is Amar Pre TV.'
2026-09-17 01:38:18,926 INFO T-rec xyrus.recognizer: heard 'this is amar pre tv' [command] (1.2 s of audio) free='this is amar pre tv'
2026-09-17 01:38:18,927 INFO T-engine xyrus.engine: heard: this is amar pre tv
2026-09-17 01:38:18,995 INFO T-engine xyrus.engine: info: listening again for Bangla
2026-09-17 01:38:19,168 INFO T-rec xyrus.recognizer: Bengali decode rejected: 'AmrPrettyV' lp=-0.65
2026-09-17 01:38:19,665 INFO T-engine xyrus.engine: heard: আমার প্রিথিবী (amar prithibi)
2026-09-17 01:38:19,665 INFO T-engine xyrus.engine: say: Say that again, sir?
2026-09-17 01:38:24,912 INFO T-rec xyrus.capture: capture: 0.9 s speech (vad 0.96 max) peak 0.10 floor 0.0010 ceil 0.0277 on_thr 0.0416 vad=silero
2026-09-17 01:38:25,307 INFO T-rec xyrus.recognizer: heard (command capture, en, 0.9 s of speech, peak 0.10, ended by silence) lp=-0.67 fb=0 vad=0.9s alts=3: 'Amar Prithivi.'
2026-09-17 01:38:25,307 INFO T-rec xyrus.recognizer: heard 'amar prithivi' [command] (4.4 s of audio) free='amar prithivi'
2026-09-17 01:38:25,308 INFO T-engine xyrus.engine: heard: amar prithivi
2026-09-17 01:38:25,321 INFO T-engine xyrus.engine: info: listening again for Bangla
2026-09-17 01:38:25,529 INFO T-rec xyrus.recognizer: Bengali decode rejected: 'AmrPri TV' lp=-0.64
2026-09-17 01:38:26,010 INFO T-engine xyrus.engine: heard: আমার প্রিথিবি (amar prithibi)
2026-09-17 01:38:26,010 INFO T-engine xyrus.engine: say: Sorry, I didn't catch that, sir.
2026-09-17 01:39:01,664 INFO T-rec xyrus.capture: capture: 1.0 s speech (vad 0.77 max) peak 0.02 floor 0.0028 ceil 0.0031 on_thr 0.0057 vad=silero
2026-09-17 01:39:02,018 INFO T-rec xyrus.recognizer: Whisper wake check: rejected 'One, two, three.' lp=-0.35 (not the name)
2026-09-17 01:39:19,414 INFO T-rec xyrus.capture: capture: 8.0 s speech (vad 0.82 max) peak 0.03 floor 0.0029 ceil 0.0033 on_thr 0.0059 vad=silero
2026-09-17 01:40:03,915 INFO T-rec xyrus.capture: capture: 0.3 s speech (vad 0.41 max) peak 0.02 floor 0.0027 ceil 0.0037 on_thr 0.0055 vad=silero
2026-09-17 01:40:04,207 INFO T-rec xyrus.recognizer: Whisper wake check: rejected 'Thank you.' lp=-0.72 (not the name)
2026-09-17 01:40:34,416 INFO T-rec xyrus.capture: capture: 0.6 s speech (vad 0.58 max) peak 0.04 floor 0.0029 ceil 0.0049 on_thr 0.0073 vad=silero
2026-09-17 01:40:34,766 INFO T-rec xyrus.recognizer: Whisper wake check: rejected 'Thank you.' lp=-0.85 (not the name)
2026-09-17 01:42:05,668 INFO T-rec xyrus.capture: capture: 0.2 s speech (vad 0.57 max) peak 0.04 floor 0.0039 ceil 0.0064 on_thr 0.0085 vad=silero
2026-09-17 01:42:06,013 INFO T-rec xyrus.hearing: whisper drop: 'Thank you.' lp=-0.99 reason=logprob (advisory) no_speech=0.45
2026-09-17 01:42:06,013 INFO T-rec xyrus.recognizer: Whisper wake check: rejected 'Thank you.' lp=-0.99 (not the name)
2026-09-17 01:43:10,169 INFO T-rec xyrus.capture: capture: 2.6 s speech (vad 0.67 max) peak 0.03 floor 0.0032 ceil 0.0048 on_thr 0.0072 vad=silero
2026-09-17 01:43:10,467 INFO T-rec xyrus.hearing: whisper drop: '.' lp=-1.25 reason=logprob (advisory) no_speech=0.20
2026-09-17 01:43:10,467 INFO T-rec xyrus.recognizer: Whisper wake check: rejected '.' lp=-1.25 (nothing)
2026-09-17 01:43:23,919 INFO T-rec xyrus.capture: capture: 4.4 s speech (vad 0.84 max) peak 0.04 floor 0.0030 ceil 0.0053 on_thr 0.0078 vad=silero
2026-09-17 01:43:24,555 INFO T-rec xyrus.hearing: whisper drop: 'Open Chrome and play a song.' lp=-0.68 reason=prompt_echo
2026-09-17 01:43:24,555 INFO T-rec xyrus.recognizer: Whisper wake check: rejected '' lp=-0.68 (nothing)
2026-09-17 01:44:43,671 INFO T-rec xyrus.capture: capture: 1.5 s speech (vad 0.80 max) peak 0.38 floor 0.0028 ceil 0.0041 on_thr 0.0061 vad=silero
2026-09-17 01:44:44,061 INFO T-rec xyrus.hearing: whisper drop: "I don't know what she does." lp=-0.96 reason=logprob (advisory) no_speech=0.37
2026-09-17 01:44:44,071 INFO T-rec xyrus.recognizer: Whisper wake check: rejected "I don't know what she does." lp=-0.96 (not the name)
2026-09-17 01:44:52,171 INFO T-rec xyrus.capture: capture: 0.2 s speech (vad 0.52 max) peak 0.02 floor 0.0032 ceil 0.0045 on_thr 0.0068 vad=silero
2026-09-17 01:44:52,618 INFO T-rec xyrus.hearing: whisper drop: 'Thank you.' lp=-1.02 reason=logprob (advisory) no_speech=0.51
2026-09-17 01:44:52,618 INFO T-rec xyrus.recognizer: Whisper wake check: rejected 'Thank you.' lp=-1.02 (not the name)
2026-09-17 01:44:54,171 INFO T-rec xyrus.capture: capture: 0.8 s speech (vad 0.50 max) peak 0.03 floor 0.0032 ceil 0.0045 on_thr 0.0068 vad=silero
2026-09-17 01:44:54,378 INFO T-rec xyrus.recognizer: Whisper wake check: rejected 'Thank you.' lp=-0.86 (not the name)
2026-09-17 01:44:55,922 INFO T-rec xyrus.capture: capture: 0.3 s speech (vad 0.57 max) peak 0.02 floor 0.0032 ceil 0.0045 on_thr 0.0068 vad=silero
2026-09-17 01:44:56,234 INFO T-rec xyrus.hearing: whisper drop: 'Watch my video.' lp=-1.15 reason=logprob (advisory) no_speech=0.59
2026-09-17 01:44:56,240 INFO T-rec xyrus.recognizer: Whisper wake check: rejected 'Watch my video.' lp=-1.15 (not the name)
2026-09-17 01:45:04,922 INFO T-rec xyrus.capture: capture: 0.2 s speech (vad 0.60 max) peak 0.02 floor 0.0037 ceil 0.0052 on_thr 0.0078 vad=silero
2026-09-17 01:45:05,247 INFO T-rec xyrus.hearing: whisper drop: 'Thank you.' lp=-0.99 reason=logprob (advisory) no_speech=0.51
2026-09-17 01:45:05,248 INFO T-rec xyrus.recognizer: Whisper wake check: rejected 'Thank you.' lp=-0.99 (not the name)
2026-09-17 01:45:17,672 INFO T-rec xyrus.capture: capture: 1.0 s speech (vad 0.64 max) peak 0.04 floor 0.0032 ceil 0.0061 on_thr 0.0091 vad=silero
2026-09-17 01:45:18,054 INFO T-rec xyrus.hearing: whisper drop: 'Thank you.' lp=-1.03 reason=logprob (advisory) no_speech=0.35
2026-09-17 01:45:18,054 INFO T-rec xyrus.recognizer: Whisper wake check: rejected 'Thank you.' lp=-1.03 (not the name)
2026-09-17 01:45:21,422 INFO T-rec xyrus.capture: capture: 0.7 s speech (vad 0.47 max) peak 0.03 floor 0.0043 ceil 0.0069 on_thr 0.0104 vad=silero
2026-09-17 01:45:21,776 INFO T-rec xyrus.hearing: whisper drop: "I'm going to get food." lp=-1.47 reason=logprob (advisory) no_speech=0.25
2026-09-17 01:45:21,776 INFO T-rec xyrus.recognizer: Whisper wake check: rejected "I'm going to get food." lp=-1.47 (not the name)
2026-09-17 01:45:51,173 INFO T-rec xyrus.capture: capture: 15.8 s speech (vad 0.93 max) peak 0.06 floor 0.0028 ceil 0.0065 on_thr 0.0093 vad=silero
2026-09-17 01:45:59,422 INFO T-rec xyrus.capture: capture: 0.3 s speech (vad 0.65 max) peak 0.02 floor 0.0032 ceil 0.0051 on_thr 0.0076 vad=silero
2026-09-17 01:45:59,650 INFO T-rec xyrus.recognizer: Whisper wake check: rejected 'Thank you.' lp=-0.84 (not the name)
2026-09-17 01:46:27,924 INFO T-rec xyrus.capture: capture: 1.1 s speech (vad 0.77 max) peak 0.08 floor 0.0030 ceil 0.0096 on_thr 0.0144 vad=silero
2026-09-17 01:46:28,247 INFO T-rec xyrus.hearing: whisper drop: 'Thank you.' lp=-1.11 reason=logprob (advisory) no_speech=0.39
2026-09-17 01:46:28,247 INFO T-rec xyrus.recognizer: Whisper wake check: rejected 'Thank you.' lp=-1.11 (not the name)
2026-09-17 01:46:47,174 INFO T-rec xyrus.capture: capture: 9.9 s speech (vad 0.79 max) peak 0.08 floor 0.0033 ceil 0.0096 on_thr 0.0144 vad=silero
2026-09-17 01:46:50,674 INFO T-rec xyrus.capture: capture: 0.4 s speech (vad 0.48 max) peak 0.03 floor 0.0034 ceil 0.0066 on_thr 0.0099 vad=silero
2026-09-17 01:46:51,025 INFO T-rec xyrus.hearing: whisper drop: 'Thank you.' lp=-0.91 reason=logprob (advisory) no_speech=0.54
2026-09-17 01:46:51,025 INFO T-rec xyrus.recognizer: Whisper wake check: rejected 'Thank you.' lp=-0.91 (not the name)
2026-09-17 01:47:02,148 INFO T-index xyrus.actions.apps: start menu index: 123 entries
2026-09-17 01:47:03,424 INFO T-rec xyrus.capture: capture: 8.0 s speech (vad 0.94 max) peak 0.05 floor 0.0034 ceil 0.0065 on_thr 0.0099 vad=silero
2026-09-17 01:47:08,924 INFO T-rec xyrus.capture: capture: 1.4 s speech (vad 0.82 max) peak 0.06 floor 0.0038 ceil 0.0098 on_thr 0.0146 vad=silero
2026-09-17 01:47:09,312 INFO T-rec xyrus.recognizer: Whisper wake check: rejected "And Joe, I'm ready to go." lp=-0.84 (not the name)
2026-09-17 01:47:23,674 INFO T-rec xyrus.capture: capture: 3.2 s speech (vad 0.91 max) peak 0.11 floor 0.0039 ceil 0.0069 on_thr 0.0097 vad=silero
2026-09-17 01:47:24,185 INFO T-rec xyrus.recognizer: Whisper wake check: rejected "Now we're going to the capital of Chimney City, Mahamatpur." lp=-0.48 (not the name)
2026-09-17 01:47:45,175 INFO T-rec xyrus.capture: capture: 15.5 s speech (vad 0.90 max) peak 0.10 floor 0.0030 ceil 0.0060 on_thr 0.0088 vad=silero
2026-09-17 01:47:54,925 INFO T-rec xyrus.capture: capture: 5.2 s speech (vad 0.64 max) peak 0.12 floor 0.0068 ceil 0.0112 on_thr 0.0160 vad=silero
2026-09-17 01:47:57,175 INFO T-rec xyrus.capture: capture: 0.5 s speech (vad 0.59 max) peak 0.04 floor 0.0074 ceil 0.0189 on_thr 0.0283 vad=silero
2026-09-17 01:47:57,640 INFO T-rec xyrus.hearing: whisper drop: '.' lp=-1.13 reason=logprob (advisory) no_speech=0.45
2026-09-17 01:47:57,640 INFO T-rec xyrus.recognizer: Whisper wake check: rejected '.' lp=-1.13 (nothing)
2026-09-17 01:48:02,175 INFO T-rec xyrus.capture: capture: 0.4 s speech (vad 0.43 max) peak 0.04 floor 0.0041 ceil 0.0099 on_thr 0.0148 vad=silero
2026-09-17 01:48:02,528 INFO T-rec xyrus.hearing: whisper drop: 'Thank you.' lp=-1.08 reason=logprob (advisory) no_speech=0.35
2026-09-17 01:48:02,528 INFO T-rec xyrus.recognizer: Whisper wake check: rejected 'Thank you.' lp=-1.08 (not the name)
2026-09-17 01:48:02,530 INFO T-rec xyrus.recognizer: recognizer stats: {'wake_checks': 20, 'wake_check_long': 6, 'wake_whisper': 0, 'whisper_retries': 0, 'captures': 2, 'capture_dropped': 0, 'wake_confirms': 0, 'wake_rejected': 0, 'wake_with_command': 0, 'playback_flushes': 0, 'bn_decodes': 2, 'arm_timeouts': 0, 'capture_dropped_by_reason': {}}
2026-09-17 01:48:20,176 INFO T-rec xyrus.capture: capture: 6.8 s speech (vad 0.92 max) peak 0.14 floor 0.0030 ceil 0.0057 on_thr 0.0089 vad=silero
2026-09-17 01:48:52,177 INFO T-rec xyrus.capture: capture: 22.0 s speech (vad 0.93 max) peak 0.05 floor 0.0030 ceil 0.0063 on_thr 0.0069 vad=silero
2026-09-17 01:49:09,927 INFO T-rec xyrus.capture: capture: 13.7 s speech (vad 0.92 max) peak 0.08 floor 0.0030 ceil 0.0063 on_thr 0.0095 vad=silero
2026-09-17 01:49:27,427 INFO T-rec xyrus.capture: capture: 2.6 s speech (vad 0.85 max) peak 0.03 floor 0.0029 ceil 0.0043 on_thr 0.0065 vad=silero
2026-09-17 01:49:27,865 INFO T-rec xyrus.hearing: whisper drop: '.' lp=-1.31 reason=logprob (advisory) no_speech=0.53
2026-09-17 01:49:27,865 INFO T-rec xyrus.recognizer: Whisper wake check: rejected '.' lp=-1.31 (nothing)
2026-09-17 01:49:36,677 INFO T-rec xyrus.capture: capture: 7.2 s speech (vad 0.94 max) peak 0.04 floor 0.0030 ceil 0.0043 on_thr 0.0065 vad=silero
2026-09-17 01:49:45,428 INFO T-rec xyrus.capture: capture: 5.1 s speech (vad 0.90 max) peak 0.08 floor 0.0032 ceil 0.0059 on_thr 0.0071 vad=silero
2026-09-17 01:50:04,928 INFO T-rec xyrus.capture: capture: 3.3 s speech (vad 0.86 max) peak 0.03 floor 0.0028 ceil 0.0037 on_thr 0.0057 vad=silero
2026-09-17 01:50:05,342 INFO T-rec xyrus.hearing: whisper drop: 'Open Chrome and play a song. Open Chrome and play a song.' lp=-0.71 reason=prompt_echo
2026-09-17 01:50:05,343 INFO T-rec xyrus.recognizer: Whisper wake check: rejected '' lp=-0.71 (nothing)
2026-09-17 01:50:15,928 INFO T-rec xyrus.capture: capture: 6.2 s speech (vad 0.94 max) peak 0.04 floor 0.0028 ceil 0.0040 on_thr 0.0060 vad=silero
2026-09-17 01:50:30,679 INFO T-rec xyrus.capture: capture: 8.2 s speech (vad 0.91 max) peak 0.11 floor 0.0029 ceil 0.0041 on_thr 0.0062 vad=silero
2026-09-17 01:50:34,679 INFO T-rec xyrus.capture: capture: 0.5 s speech (vad 0.56 max) peak 0.08 floor 0.0030 ceil 0.0123 on_thr 0.0182 vad=silero
2026-09-17 01:50:35,019 INFO T-rec xyrus.recognizer: Whisper wake check: rejected "Everything I'm saying." lp=-0.72 (not the name)
2026-09-17 01:50:38,179 INFO T-rec xyrus.capture: capture: 1.1 s speech (vad 0.71 max) peak 0.07 floor 0.0031 ceil 0.0123 on_thr 0.0184 vad=silero
2026-09-17 01:50:38,504 INFO T-rec xyrus.recognizer: Whisper wake check: rejected "Yeah, I'm going to go take a break." lp=-0.76 (not the name)
2026-09-17 01:50:45,679 INFO T-rec xyrus.capture: capture: 0.7 s speech (vad 0.53 max) peak 0.04 floor 0.0043 ceil 0.0093 on_thr 0.0140 vad=silero
2026-09-17 01:50:45,993 INFO T-rec xyrus.hearing: whisper drop: "Let's see." lp=-0.95 reason=logprob (advisory) no_speech=0.41
2026-09-17 01:50:45,993 INFO T-rec xyrus.recognizer: Whisper wake check: rejected "Let's see." lp=-0.95 (not the name)
2026-09-17 01:51:04,679 INFO T-rec xyrus.capture: capture: 0.2 s speech (vad 0.46 max) peak 0.11 floor 0.0051 ceil 0.0098 on_thr 0.0180 vad=silero
2026-09-17 01:51:05,036 INFO T-rec xyrus.recognizer: Whisper wake check: rejected 'Thank you.' lp=-0.89 (not the name)
2026-09-17 01:51:14,179 INFO T-rec xyrus.capture: capture: 4.7 s speech (vad 0.90 max) peak 0.17 floor 0.0040 ceil 0.0202 on_thr 0.0110 vad=silero
2026-09-17 01:51:14,716 INFO T-rec xyrus.recognizer: Whisper wake check: rejected '. . . . . . . . . . . . . .' lp=-0.72 (nothing)
2026-09-17 01:51:16,180 INFO T-rec xyrus.capture: capture: 0.2 s speech (vad 0.46 max) peak 0.03 floor 0.0041 ceil 0.0202 on_thr 0.0303 vad=silero
2026-09-17 01:51:16,450 INFO T-rec xyrus.hearing: whisper drop: 'Thank you.' lp=-1.04 reason=logprob (advisory) no_speech=0.51
2026-09-17 01:51:16,450 INFO T-rec xyrus.recognizer: Whisper wake check: rejected 'Thank you.' lp=-1.04 (not the name)
2026-09-17 01:51:20,180 INFO T-rec xyrus.capture: capture: 0.6 s speech (vad 0.45 max) peak 0.07 floor 0.0033 ceil 0.0060 on_thr 0.0089 vad=silero
2026-09-17 01:51:20,495 INFO T-rec xyrus.hearing: whisper drop: 'Open it in a quarter of a second.' lp=-0.93 reason=logprob (advisory) no_speech=0.35
2026-09-17 01:51:20,495 INFO T-rec xyrus.recognizer: Whisper wake check: rejected 'Open it in a quarter of a second.' lp=-0.93 (not the name)
2026-09-17 01:51:37,430 INFO T-rec xyrus.capture: capture: 1.9 s speech (vad 0.60 max) peak 0.10 floor 0.0034 ceil 0.0051 on_thr 0.0070 vad=silero
2026-09-17 01:51:37,897 INFO T-rec xyrus.hearing: whisper drop: '. . . . .' lp=-1.27 reason=logprob (advisory) no_speech=0.31
2026-09-17 01:51:37,897 INFO T-rec xyrus.recognizer: Whisper wake check: rejected '. . . . .' lp=-1.27 (nothing)
2026-09-17 01:51:47,430 INFO T-rec xyrus.capture: capture: 0.2 s speech (vad 0.42 max) peak 0.04 floor 0.0029 ceil 0.0098 on_thr 0.0147 vad=silero
2026-09-17 01:51:47,848 INFO T-rec xyrus.recognizer: Whisper wake check: rejected "I'll do that." lp=-0.60 (not the name)
2026-09-17 01:51:51,430 INFO T-rec xyrus.capture: capture: 1.4 s speech (vad 0.62 max) peak 0.03 floor 0.0030 ceil 0.0079 on_thr 0.0118 vad=silero
2026-09-17 01:51:51,715 INFO T-rec xyrus.hearing: whisper drop: '.' lp=-1.15 reason=logprob (advisory) no_speech=0.55
2026-09-17 01:51:51,715 INFO T-rec xyrus.recognizer: Whisper wake check: rejected '.' lp=-1.15 (nothing)
2026-09-17 01:52:03,430 INFO T-rec xyrus.capture: capture: 7.5 s speech (vad 0.90 max) peak 0.10 floor 0.0029 ceil 0.0039 on_thr 0.0059 vad=silero
2026-09-17 01:52:06,681 INFO T-rec xyrus.capture: capture: 0.4 s speech (vad 0.71 max) peak 0.02 floor 0.0030 ceil 0.0048 on_thr 0.0067 vad=silero
2026-09-17 01:52:06,991 INFO T-rec xyrus.hearing: whisper drop: 'One minute.' lp=-0.96 reason=logprob (advisory) no_speech=0.41
2026-09-17 01:52:06,991 INFO T-rec xyrus.recognizer: Whisper wake check: rejected 'One minute.' lp=-0.96 (not the name)
2026-09-17 01:52:55,432 INFO T-rec xyrus.capture: capture: 22.9 s speech (vad 0.95 max) peak 0.10 floor 0.0027 ceil 0.0031 on_thr 0.0055 vad=silero
2026-09-17 01:52:57,682 INFO T-rec xyrus.capture: capture: 0.3 s speech (vad 0.65 max) peak 0.05 floor 0.0028 ceil 0.0080 on_thr 0.0121 vad=silero
2026-09-17 01:52:58,018 INFO T-rec xyrus.recognizer: Whisper wake check: rejected "That's it." lp=-0.17 (not the name)
2026-09-17 01:53:12,932 INFO T-rec xyrus.capture: capture: 6.7 s speech (vad 0.90 max) peak 0.06 floor 0.0028 ceil 0.0076 on_thr 0.0126 vad=silero
2026-09-17 01:53:28,932 INFO T-rec xyrus.capture: capture: 2.9 s speech (vad 0.65 max) peak 0.07 floor 0.0054 ceil 0.0111 on_thr 0.0189 vad=silero
2026-09-17 01:53:29,320 INFO T-rec xyrus.recognizer: Whisper wake check: rejected "Don't worry, oh my god." lp=-0.76 (not the name)
2026-09-17 01:53:37,183 INFO T-rec xyrus.capture: capture: 1.2 s speech (vad 0.66 max) peak 0.03 floor 0.0030 ceil 0.0082 on_thr 0.0124 vad=silero
2026-09-17 01:53:37,639 INFO T-rec xyrus.recognizer: Whisper wake check: rejected 'One, two, three, four.' lp=-0.66 (not the name)
2026-09-17 01:53:41,683 INFO T-rec xyrus.capture: capture: 1.2 s speech (vad 0.62 max) peak 0.03 floor 0.0027 ceil 0.0035 on_thr 0.0053 vad=silero
2026-09-17 01:53:41,918 INFO T-rec xyrus.hearing: whisper drop: 'Open Chrome.' lp=-1.15 reason=logprob (advisory) no_speech=0.61
2026-09-17 01:53:41,918 INFO T-rec xyrus.recognizer: Whisper wake check: rejected 'Open Chrome.' lp=-1.15 (not the name)
2026-09-17 01:53:55,683 INFO T-rec xyrus.capture: capture: 4.0 s speech (vad 0.76 max) peak 0.13 floor 0.0049 ceil 0.0137 on_thr 0.0199 vad=silero
2026-09-17 01:53:56,068 INFO T-rec xyrus.hearing: whisper drop: '.' lp=-1.28 reason=logprob (advisory) no_speech=0.59
2026-09-17 01:53:56,068 INFO T-rec xyrus.recognizer: Whisper wake check: rejected '.' lp=-1.28 (nothing)
2026-09-17 01:54:07,184 INFO T-rec xyrus.capture: capture: 7.6 s speech (vad 0.89 max) peak 0.09 floor 0.0047 ceil 0.0147 on_thr 0.0213 vad=silero
2026-09-17 01:54:11,683 INFO T-rec xyrus.capture: capture: 0.3 s speech (vad 0.43 max) peak 0.06 floor 0.0056 ceil 0.0168 on_thr 0.0247 vad=silero
2026-09-17 01:54:12,088 INFO T-rec xyrus.hearing: whisper drop: '.' lp=-1.34 reason=logprob (advisory) no_speech=0.51
2026-09-17 01:54:12,088 INFO T-rec xyrus.recognizer: Whisper wake check: rejected '.' lp=-1.34 (nothing)
2026-09-17 01:54:42,684 INFO T-rec xyrus.capture: capture: 15.7 s speech (vad 0.94 max) peak 0.16 floor 0.0040 ceil 0.0177 on_thr 0.0265 vad=silero
2026-09-17 01:55:00,209 INFO T-rec xyrus.recognizer: Vosk wake 'zeros' (sound-alike, name lost): the breath goes on - Whisper hears it whole at its end
2026-09-17 01:55:00,935 INFO T-rec xyrus.capture: capture: 7.0 s speech (vad 0.95 max) peak 0.12 floor 0.0047 ceil 0.0133 on_thr 0.0155 vad=silero
2026-09-17 01:55:01,344 INFO T-rec xyrus.recognizer: Whisper wake check: rejected "We'll see you in the office." lp=-0.83 (not the name)
2026-09-17 01:55:03,935 INFO T-rec xyrus.capture: capture: 0.9 s speech (vad 0.87 max) peak 0.16 floor 0.0042 ceil 0.0138 on_thr 0.0200 vad=silero
2026-09-17 01:55:04,235 INFO T-rec xyrus.recognizer: Whisper wake check: rejected 'One, two, three.' lp=-0.75 (not the name)
2026-09-17 01:55:20,435 INFO T-rec xyrus.capture: capture: 0.2 s speech (vad 0.72 max) peak 0.09 floor 0.0031 ceil 0.0083 on_thr 0.0125 vad=silero
2026-09-17 01:55:20,835 INFO T-rec xyrus.hearing: whisper drop: 'Play a song.' lp=-1.07 reason=logprob (advisory) no_speech=0.63
2026-09-17 01:55:20,836 INFO T-rec xyrus.recognizer: Whisper wake check: rejected 'Play a song.' lp=-1.07 (not the name)
2026-09-17 01:55:41,435 INFO T-rec xyrus.capture: capture: 14.8 s speech (vad 0.84 max) peak 0.12 floor 0.0034 ceil 0.0083 on_thr 0.0125 vad=silero
2026-09-17 01:55:49,435 INFO T-rec xyrus.capture: capture: 1.3 s speech (vad 0.57 max) peak 0.14 floor 0.0050 ceil 0.0189 on_thr 0.0283 vad=silero
2026-09-17 01:55:49,894 INFO T-rec xyrus.hearing: whisper drop: '. . . . .' lp=-1.18 reason=logprob (advisory) no_speech=0.35
2026-09-17 01:55:49,894 INFO T-rec xyrus.recognizer: Whisper wake check: rejected '. . . . .' lp=-1.18 (nothing)
2026-09-17 01:56:01,186 INFO T-rec xyrus.capture: capture: 2.7 s speech (vad 0.60 max) peak 0.09 floor 0.0034 ceil 0.0094 on_thr 0.0138 vad=silero
2026-09-17 01:56:02,159 INFO T-index xyrus.actions.apps: start menu index: 123 entries
2026-09-17 01:56:05,936 INFO T-rec xyrus.capture: capture: 1.1 s speech (vad 0.85 max) peak 0.08 floor 0.0029 ceil 0.0058 on_thr 0.0087 vad=silero
2026-09-17 01:56:06,306 INFO T-rec xyrus.recognizer: Whisper wake check: rejected 'Get it? Get it somewhere.' lp=-0.90 (not the name)
2026-09-17 01:56:11,186 INFO T-rec xyrus.capture: capture: 0.2 s speech (vad 0.64 max) peak 0.03 floor 0.0033 ceil 0.0092 on_thr 0.0138 vad=silero
2026-09-17 01:56:11,525 INFO T-rec xyrus.hearing: whisper drop: "That's it." lp=-1.14 reason=logprob (advisory) no_speech=0.43
2026-09-17 01:56:11,525 INFO T-rec xyrus.recognizer: Whisper wake check: rejected "That's it." lp=-1.14 (not the name)
2026-09-17 01:56:18,686 INFO T-rec xyrus.capture: capture: 3.1 s speech (vad 0.73 max) peak 0.03 floor 0.0032 ceil 0.0083 on_thr 0.0125 vad=silero
2026-09-17 01:56:19,058 INFO T-rec xyrus.hearing: whisper drop: '.' lp=-1.10 reason=logprob (advisory) no_speech=0.41
2026-09-17 01:56:19,058 INFO T-rec xyrus.recognizer: Whisper wake check: rejected '.' lp=-1.10 (nothing)
2026-09-17 01:56:21,436 INFO T-rec xyrus.capture: capture: 0.5 s speech (vad 0.61 max) peak 0.05 floor 0.0032 ceil 0.0083 on_thr 0.0125 vad=silero
2026-09-17 01:56:21,667 INFO T-rec xyrus.hearing: whisper drop: 'Good evening.' lp=-0.98 reason=logprob (advisory) no_speech=0.48
2026-09-17 01:56:21,667 INFO T-rec xyrus.recognizer: Whisper wake check: rejected 'Good evening.' lp=-0.98 (not the name)
2026-09-17 01:56:24,936 INFO T-rec xyrus.capture: capture: 1.0 s speech (vad 0.68 max) peak 0.03 floor 0.0032 ceil 0.0060 on_thr 0.0091 vad=silero
2026-09-17 01:56:25,256 INFO T-rec xyrus.hearing: whisper drop: 'Thank you.' lp=-1.02 reason=logprob (advisory) no_speech=0.35
2026-09-17 01:56:25,256 INFO T-rec xyrus.recognizer: Whisper wake check: rejected 'Thank you.' lp=-1.02 (not the name)
2026-09-17 01:56:46,437 INFO T-rec xyrus.capture: capture: 12.4 s speech (vad 0.92 max) peak 0.14 floor 0.0031 ceil 0.0058 on_thr 0.0079 vad=silero
2026-09-17 01:56:49,187 INFO T-rec xyrus.capture: capture: 1.1 s speech (vad 0.71 max) peak 0.04 floor 0.0033 ceil 0.0063 on_thr 0.0098 vad=silero
2026-09-17 01:56:49,633 INFO T-rec xyrus.recognizer: Whisper wake check: rejected 'Subscribe to my channel.' lp=-0.82 (not the name)
2026-09-17 01:56:56,187 INFO T-rec xyrus.capture: capture: 1.6 s speech (vad 0.75 max) peak 0.06 floor 0.0031 ceil 0.0065 on_thr 0.0096 vad=silero
2026-09-17 01:56:56,655 INFO T-rec xyrus.hearing: whisper drop: 'Thank you.' lp=-1.00 reason=logprob (advisory) no_speech=0.57
2026-09-17 01:56:56,655 INFO T-rec xyrus.recognizer: Whisper wake check: rejected 'Thank you.' lp=-1.00 (not the name)
2026-09-17 01:57:00,937 INFO T-rec xyrus.capture: capture: 1.2 s speech (vad 0.56 max) peak 0.11 floor 0.0032 ceil 0.0071 on_thr 0.0106 vad=silero
2026-09-17 01:57:01,220 INFO T-rec xyrus.hearing: whisper drop: 'What are you doing?' lp=-0.97 reason=logprob (advisory) no_speech=0.43
2026-09-17 01:57:01,220 INFO T-rec xyrus.recognizer: Whisper wake check: rejected 'What are you doing?' lp=-0.97 (not the name)
2026-09-17 01:57:09,437 INFO T-rec xyrus.capture: capture: 0.2 s speech (vad 0.57 max) peak 0.07 floor 0.0038 ceil 0.0115 on_thr 0.0173 vad=silero
2026-09-17 01:57:09,815 INFO T-rec xyrus.recognizer: Whisper wake check: rejected 'It all has balls.' lp=-0.73 (not the name)
2026-09-17 01:57:15,937 INFO T-rec xyrus.capture: capture: 0.4 s speech (vad 0.51 max) peak 0.03 floor 0.0033 ceil 0.0046 on_thr 0.0064 vad=silero
2026-09-17 01:57:16,192 INFO T-rec xyrus.recognizer: Whisper wake check: rejected 'Thank you.' lp=-0.87 (not the name)
2026-09-17 01:57:25,188 INFO T-rec xyrus.capture: capture: 3.0 s speech (vad 0.74 max) peak 0.05 floor 0.0027 ceil 0.0069 on_thr 0.0087 vad=silero
2026-09-17 01:57:25,687 INFO T-rec xyrus.recognizer: Whisper wake check: rejected '.' lp=-0.83 (nothing)
2026-09-17 01:57:26,687 INFO T-rec xyrus.capture: capture: 0.2 s speech (vad 0.39 max) peak 0.03 floor 0.0027 ceil 0.0069 on_thr 0.0104 vad=silero
2026-09-17 01:57:26,915 INFO T-rec xyrus.hearing: whisper drop: 'Okay, hold on.' lp=-0.90 reason=logprob (advisory) no_speech=0.55
2026-09-17 01:57:26,925 INFO T-rec xyrus.recognizer: Whisper wake check: rejected 'Okay, hold on.' lp=-0.90 (not the name)
2026-09-17 01:57:41,438 INFO T-rec xyrus.capture: capture: 3.1 s speech (vad 0.87 max) peak 0.03 floor 0.0027 ceil 0.0032 on_thr 0.0054 vad=silero
2026-09-17 01:57:41,832 INFO T-rec xyrus.hearing: whisper drop: 'Thank you.' lp=-0.98 reason=logprob (advisory) no_speech=0.44
2026-09-17 01:57:41,832 INFO T-rec xyrus.recognizer: Whisper wake check: rejected 'Thank you.' lp=-0.98 (not the name)
2026-09-17 01:57:45,938 INFO T-rec xyrus.capture: capture: 2.6 s speech (vad 0.88 max) peak 0.03 floor 0.0027 ceil 0.0033 on_thr 0.0054 vad=silero
2026-09-17 01:57:46,231 INFO T-rec xyrus.recognizer: Whisper wake check: rejected 'One, two, three.' lp=-0.72 (not the name)
2026-09-17 01:57:49,938 INFO T-rec xyrus.capture: capture: 1.6 s speech (vad 0.74 max) peak 0.02 floor 0.0027 ceil 0.0035 on_thr 0.0054 vad=silero
2026-09-17 01:57:50,194 INFO T-rec xyrus.hearing: whisper drop: 'Thank you.' lp=-0.95 reason=logprob (advisory) no_speech=0.54
2026-09-17 01:57:50,194 INFO T-rec xyrus.recognizer: Whisper wake check: rejected 'Thank you.' lp=-0.95 (not the name)
2026-09-17 01:58:02,436 INFO T-rec xyrus.recognizer: recognizer stats: {'wake_checks': 58, 'wake_check_long': 21, 'wake_whisper': 0, 'whisper_retries': 0, 'captures': 2, 'capture_dropped': 0, 'wake_confirms': 0, 'wake_rejected': 0, 'wake_with_command': 0, 'playback_flushes': 0, 'bn_decodes': 2, 'arm_timeouts': 0, 'capture_dropped_by_reason': {}}
2026-09-17 01:58:05,938 INFO T-rec xyrus.capture: capture: 10.0 s speech (vad 0.94 max) peak 0.06 floor 0.0028 ceil 0.0041 on_thr 0.0061 vad=silero
2026-09-17 01:58:09,938 INFO T-rec xyrus.capture: capture: 0.3 s speech (vad 0.44 max) peak 0.02 floor 0.0035 ceil 0.0056 on_thr 0.0084 vad=silero
2026-09-17 01:58:10,267 INFO T-rec xyrus.recognizer: Whisper wake check: rejected 'Thank you.' lp=-0.87 (not the name)
2026-09-17 01:58:15,189 INFO T-rec xyrus.capture: capture: 0.5 s speech (vad 0.66 max) peak 0.08 floor 0.0026 ceil 0.0031 on_thr 0.0051 vad=silero
2026-09-17 01:58:15,509 INFO T-rec xyrus.hearing: whisper drop: '.' lp=-1.26 reason=logprob (advisory) no_speech=0.48
2026-09-17 01:58:15,509 INFO T-rec xyrus.recognizer: Whisper wake check: rejected '.' lp=-1.26 (nothing)
2026-09-17 01:58:21,939 INFO T-rec xyrus.capture: capture: 1.0 s speech (vad 0.57 max) peak 0.04 floor 0.0028 ceil 0.0082 on_thr 0.0122 vad=silero
2026-09-17 01:58:22,327 INFO T-rec xyrus.hearing: whisper drop: 'Thank you.' lp=-1.00 reason=logprob (advisory) no_speech=0.50
2026-09-17 01:58:22,327 INFO T-rec xyrus.recognizer: Whisper wake check: rejected 'Thank you.' lp=-1.00 (not the name)
2026-09-17 01:58:29,689 INFO T-rec xyrus.capture: capture: 2.7 s speech (vad 0.65 max) peak 0.06 floor 0.0027 ceil 0.0157 on_thr 0.0235 vad=silero
2026-09-17 01:58:30,084 INFO T-rec xyrus.hearing: whisper drop: 'Yeah.' lp=-1.26 reason=logprob (advisory) no_speech=0.38
2026-09-17 01:58:30,084 INFO T-rec xyrus.recognizer: Whisper wake check: rejected 'Yeah.' lp=-1.26 (not the name)
2026-09-17 01:58:41,939 INFO T-rec xyrus.capture: capture: 5.2 s speech (vad 0.67 max) peak 0.09 floor 0.0041 ceil 0.0079 on_thr 0.0220 vad=silero
2026-09-17 01:59:06,440 INFO T-rec xyrus.capture: capture: 9.2 s speech (vad 0.91 max) peak 0.34 floor 0.0031 ceil 0.0051 on_thr 0.0070 vad=silero
2026-09-17 01:59:22,690 INFO T-rec xyrus.capture: capture: 0.2 s speech (vad 0.37 max) peak 0.08 floor 0.0038 ceil 0.0140 on_thr 0.0120 vad=silero
2026-09-17 01:59:23,186 INFO T-rec xyrus.recognizer: Whisper wake check: rejected "Yeah, I don't want it." lp=-0.83 (not the name)
2026-09-17 01:59:25,940 INFO T-rec xyrus.capture: capture: 0.3 s speech (vad 0.53 max) peak 0.07 floor 0.0036 ceil 0.0150 on_thr 0.0223 vad=silero
2026-09-17 01:59:26,500 INFO T-rec xyrus.hearing: whisper drop: "You can't shut the PC for a long time." lp=-1.05 reason=logprob (advisory) no_speech=0.44
2026-09-17 01:59:26,500 INFO T-rec xyrus.recognizer: Whisper wake check: rejected "You can't shut the PC for a long time." lp=-1.05 (not the name)
2026-09-17 01:59:29,940 INFO T-rec xyrus.capture: capture: 0.4 s speech (vad 0.53 max) peak 0.03 floor 0.0046 ceil 0.0139 on_thr 0.0209 vad=silero
2026-09-17 01:59:30,195 INFO T-rec xyrus.hearing: whisper drop: 'Thank you.' lp=-0.99 reason=logprob (advisory) no_speech=0.50
2026-09-17 01:59:30,195 INFO T-rec xyrus.recognizer: Whisper wake check: rejected 'Thank you.' lp=-0.99 (not the name)
2026-09-17 01:59:33,440 INFO T-rec xyrus.capture: capture: 0.7 s speech (vad 0.54 max) peak 0.03 floor 0.0033 ceil 0.0064 on_thr 0.0098 vad=silero
2026-09-17 01:59:33,814 INFO T-rec xyrus.hearing: whisper drop: "I'm going to play a song." lp=-1.27 reason=logprob (advisory) no_speech=0.32
2026-09-17 01:59:33,814 INFO T-rec xyrus.recognizer: Whisper wake check: rejected "I'm going to play a song." lp=-1.27 (not the name)
2026-09-17 01:59:51,941 INFO T-rec xyrus.capture: capture: 14.0 s speech (vad 0.95 max) peak 0.13 floor 0.0032 ceil 0.0058 on_thr 0.0087 vad=silero
2026-09-17 02:00:18,441 INFO T-rec xyrus.capture: capture: 17.8 s speech (vad 0.95 max) peak 0.07 floor 0.0029 ceil 0.0057 on_thr 0.0063 vad=silero
2026-09-17 02:00:40,691 INFO T-rec xyrus.capture: capture: 1.1 s speech (vad 0.68 max) peak 0.02 floor 0.0026 ceil 0.0036 on_thr 0.0053 vad=silero
2026-09-17 02:00:40,975 INFO T-rec xyrus.hearing: whisper drop: '.' lp=-1.58 reason=logprob (advisory) no_speech=0.24
2026-09-17 02:00:40,975 INFO T-rec xyrus.recognizer: Whisper wake check: rejected '.' lp=-1.58 (nothing)
2026-09-17 02:01:28,693 INFO T-rec xyrus.capture: capture: 0.5 s speech (vad 0.59 max) peak 0.02 floor 0.0027 ceil 0.0038 on_thr 0.0053 vad=silero
2026-09-17 02:01:28,933 INFO T-rec xyrus.recognizer: Whisper wake check: rejected 'Thank you.' lp=-0.69 (not the name)
2026-09-17 02:02:12,944 INFO T-rec xyrus.capture: capture: 0.8 s speech (vad 0.92 max) peak 0.06 floor 0.0119 ceil 0.0149 on_thr 0.0237 vad=silero
2026-09-17 02:02:13,254 INFO T-rec xyrus.recognizer: Whisper wake check: rejected 'I want to be good.' lp=-0.86 (not the name)
2026-09-17 02:02:42,194 INFO T-rec xyrus.capture: capture: 0.2 s speech (vad 0.51 max) peak 0.19 floor 0.0062 ceil 0.0185 on_thr 0.0278 vad=silero
2026-09-17 02:02:42,457 INFO T-rec xyrus.recognizer: Whisper wake check: rejected "That's right." lp=-0.88 (not the name)
2026-09-17 02:03:12,695 INFO T-rec xyrus.capture: capture: 0.8 s speech (vad 0.71 max) peak 0.02 floor 0.0028 ceil 0.0041 on_thr 0.0061 vad=silero
2026-09-17 02:03:13,071 INFO T-rec xyrus.hearing: whisper drop: 'Thank you.' lp=-1.01 reason=logprob (advisory) no_speech=0.37
2026-09-17 02:03:13,071 INFO T-rec xyrus.recognizer: Whisper wake check: rejected 'Thank you.' lp=-1.01 (not the name)
2026-09-17 02:03:23,945 INFO T-rec xyrus.capture: capture: 0.2 s speech (vad 0.40 max) peak 0.01 floor 0.0027 ceil 0.0037 on_thr 0.0055 vad=silero
2026-09-17 02:03:24,207 INFO T-rec xyrus.recognizer: Whisper wake check: rejected 'Thank you.' lp=-0.73 (not the name)
2026-09-17 02:03:45,445 INFO T-rec xyrus.capture: capture: 0.2 s speech (vad 0.60 max) peak 0.05 floor 0.0030 ceil 0.0053 on_thr 0.0079 vad=silero
2026-09-17 02:03:45,741 INFO T-rec xyrus.hearing: whisper drop: '.' lp=-1.30 reason=logprob (advisory) no_speech=0.32
2026-09-17 02:03:45,741 INFO T-rec xyrus.recognizer: Whisper wake check: rejected '.' lp=-1.30 (nothing)
2026-09-17 02:03:54,946 INFO T-rec xyrus.capture: capture: 0.2 s speech (vad 0.58 max) peak 0.05 floor 0.0046 ceil 0.0093 on_thr 0.0115 vad=silero
2026-09-17 02:03:55,208 INFO T-rec xyrus.recognizer: Whisper wake check: rejected 'Thank you.' lp=-0.86 (not the name)
2026-09-17 02:04:51,697 INFO T-rec xyrus.capture: capture: 1.4 s speech (vad 0.77 max) peak 0.06 floor 0.0033 ceil 0.0049 on_thr 0.0067 vad=silero
2026-09-17 02:04:52,062 INFO T-rec xyrus.hearing: whisper drop: "I'm sorry." lp=-1.32 reason=logprob (advisory) no_speech=0.31
2026-09-17 02:04:52,062 INFO T-rec xyrus.recognizer: Whisper wake check: rejected "I'm sorry." lp=-1.32 (not the name)
2026-09-17 02:05:02,164 INFO T-index xyrus.actions.apps: start menu index: 123 entries
2026-09-17 02:05:43,948 INFO T-rec xyrus.capture: capture: 2.8 s speech (vad 0.94 max) peak 0.06 floor 0.0037 ceil 0.0117 on_thr 0.0175 vad=silero
2026-09-17 02:05:44,335 INFO T-rec xyrus.recognizer: Whisper wake check: rejected "I should have made a video about this, but I couldn't." lp=-0.79 (not the name)
2026-09-17 02:05:46,198 INFO T-rec xyrus.capture: capture: 0.9 s speech (vad 0.96 max) peak 0.04 floor 0.0038 ceil 0.0117 on_thr 0.0175 vad=silero
2026-09-17 02:05:46,484 INFO T-rec xyrus.recognizer: Whisper wake check: rejected 'What should I be?' lp=-0.29 (not the name)
2026-09-17 02:07:15,450 INFO T-rec xyrus.capture: capture: 1.2 s speech (vad 0.61 max) peak 0.06 floor 0.0029 ceil 0.0073 on_thr 0.0121 vad=silero
2026-09-17 02:07:15,692 INFO T-rec xyrus.hearing: whisper drop: '. . .' lp=-1.59 reason=logprob (advisory) no_speech=0.65
2026-09-17 02:07:15,692 INFO T-rec xyrus.recognizer: Whisper wake check: rejected '. . .' lp=-1.59 (nothing)
2026-09-17 02:08:02,449 INFO T-rec xyrus.recognizer: recognizer stats: {'wake_checks': 78, 'wake_check_long': 26, 'wake_whisper': 0, 'whisper_retries': 0, 'captures': 2, 'capture_dropped': 0, 'wake_confirms': 0, 'wake_rejected': 0, 'wake_with_command': 0, 'playback_flushes': 0, 'bn_decodes': 2, 'arm_timeouts': 0, 'capture_dropped_by_reason': {}}
2026-09-17 02:10:03,218 INFO MainThread xyrus.audio: microphone: paused
2026-09-17 02:10:03,224 INFO MainThread xyrus.app: Xyrus stopped
2026-09-17 02:10:10,425 INFO T-index xyrus.actions.apps: start menu index: 123 entries
2026-09-17 02:10:10,428 INFO T-mic xyrus.audio: microphone open: device 1 (default, MME)
2026-09-17 02:10:10,428 INFO T-mic xyrus.audio: microphone: listening
2026-09-17 02:10:10,612 INFO MainThread xyrus.vad: vad: Silero ready (silero_vad_v6.onnx)
2026-09-17 02:10:10,612 INFO MainThread xyrus.app: commands after the wake reply and free text: Whisper when loaded (hearing.py), Vosk until then
2026-09-17 02:10:10,612 INFO MainThread xyrus.app: Xyrus 2.0.0 started (live)
2026-09-17 02:10:10,787 INFO T-rec xyrus.recognizer: speech model loaded in 0.3 s
2026-09-17 02:10:11,089 INFO T-engine xyrus.engine: say: Hello, Refath. Xyrus online. You have 1 thing today; next is you have a meeting at 4 pm.
2026-09-17 02:10:13,270 INFO whisper-load faster_whisper: Processing audio with duration 00:01.000
2026-09-17 02:10:13,730 INFO whisper-load faster_whisper: Processing audio with duration 00:01.455
2026-09-17 02:10:13,970 INFO whisper-load xyrus.hearing: whisper ready in 3.4 s: whisper-large-v3 on cuda (float16)
2026-09-17 02:10:16,503 INFO whisper-load faster_whisper: Processing audio with duration 00:01.000
2026-09-17 02:10:16,774 INFO whisper-load faster_whisper: Processing audio with duration 00:01.455
2026-09-17 02:10:17,012 INFO whisper-load xyrus.hearing: whisper ready in 3.0 s: whisper-large-v3-bn on cuda (float16)
2026-09-17 02:10:23,230 INFO T-rec xyrus.recognizer: heard 'cyrus' [command, wake re-decode] (2.8 s of audio)
2026-09-17 02:10:23,231 INFO T-engine xyrus.engine: heard: cyrus
2026-09-17 02:10:23,231 INFO T-engine xyrus.engine: say: At your service, sir.
2026-09-17 02:10:29,441 INFO T-rec xyrus.capture: capture: 1.2 s speech (vad 0.97 max) peak 0.17 floor 0.0017 ceil 0.0106 on_thr 0.0134 vad=silero
2026-09-17 02:10:30,002 INFO T-rec xyrus.recognizer: Bengali decode rejected: 'Play Amar Prithibi' lp=-0.45
2026-09-17 02:10:30,579 INFO T-rec xyrus.recognizer: heard (command capture, song, 1.2 s of speech, peak 0.17, ended by silence) lp=-0.25 fb=0 vad=1.2s alts=2 bn='প্লে আমার পৃথিবী।': 'Play Amar Prithibi.'
2026-09-17 02:10:30,580 INFO T-rec xyrus.recognizer: heard 'প্লে আমার পৃথিবী' [command] (2.0 s of audio) free='প্লে আমার পৃথিবী'
2026-09-17 02:10:30,582 INFO T-engine xyrus.engine: heard: প্লে আমার পৃথিবী (ple amar prithibi)
2026-09-17 02:10:30,582 INFO T-engine xyrus.engine: cmd: play_song song='আমার পৃথিবী'
2026-09-17 02:10:31,370 INFO exec-1 xyrus.actions.web: song: q='আমার পৃথিবী' score=1.00
2026-09-17 02:10:32,275 INFO T-engine xyrus.engine: say: Playing Amar Prithibi, sir.
2026-09-17 02:10:32,275 INFO T-engine xyrus.engine: info: https://www.youtube.com/watch?v=c8i1Qpcnsa8 (https://www.youtube.com/watch?v=c8i1Qpcnsa8)
2026-09-17 02:10:35,055 INFO T-engine xyrus.engine: info: playback: autoplay
2026-09-17 02:10:39,987 INFO T-rec xyrus.recognizer: heard 'cyrus' [command, wake re-decode] (1.3 s of audio)
2026-09-17 02:10:39,987 INFO T-engine xyrus.engine: heard: cyrus
2026-09-17 02:10:39,987 INFO T-engine xyrus.engine: say: Yes, sir?
2026-09-17 02:10:45,192 INFO T-rec xyrus.capture: capture: 0.9 s speech (vad 0.99 max) peak 1.00 floor 0.0020 ceil 0.0058 on_thr 0.0086 vad=silero
2026-09-17 02:10:45,557 INFO T-rec xyrus.recognizer: heard (command capture, en, 0.9 s of speech, peak 1.00, ended by silence) lp=-0.06 fb=0 vad=0.9s alts=0: 'Pause the song.'
2026-09-17 02:10:45,557 INFO T-rec xyrus.recognizer: heard 'pause the song' [command] (1.6 s of audio) free='pause the song'
2026-09-17 02:10:45,558 INFO T-engine xyrus.engine: heard: pause the song
2026-09-17 02:10:45,606 INFO T-engine xyrus.engine: cmd: play_pause
2026-09-17 02:10:49,254 INFO T-rec xyrus.recognizer: heard 'cyrus' [command, wake re-decode] (3.5 s of audio)
2026-09-17 02:10:49,254 INFO T-engine xyrus.engine: heard: cyrus
2026-09-17 02:10:49,254 INFO T-engine xyrus.engine: say: Waiting for your command, sir.
2026-09-17 02:10:54,942 INFO T-rec xyrus.capture: capture: 0.9 s speech (vad 0.98 max) peak 0.10 floor 0.0013 ceil 0.0047 on_thr 0.0067 vad=silero
2026-09-17 02:10:55,269 INFO T-rec xyrus.recognizer: heard (command capture, en, 0.9 s of speech, peak 0.10, ended by silence) lp=-0.16 fb=0 vad=0.9s alts=0: 'Go to sleep.'
2026-09-17 02:10:55,269 INFO T-rec xyrus.recognizer: heard 'go to sleep' [command] (1.4 s of audio) free='go to sleep'
2026-09-17 02:10:55,269 INFO T-engine xyrus.engine: heard: go to sleep
2026-09-17 02:10:55,270 INFO T-engine xyrus.engine: info: sleep heard faintly - asking first
2026-09-17 02:10:55,282 INFO T-engine xyrus.engine: ask: Did you say go to sleep? Yes or no.
2026-09-17 02:11:01,442 INFO T-rec xyrus.capture: capture: 0.6 s speech (vad 0.88 max) peak 0.10 floor 0.0012 ceil 0.0046 on_thr 0.0069 vad=silero
2026-09-17 02:11:01,742 INFO T-rec xyrus.recognizer: heard (command capture, en, 0.6 s of speech, peak 0.10, ended by silence) lp=-0.26 fb=0 vad=0.6s alts=0: 'Yes.'
2026-09-17 02:11:01,742 INFO T-rec xyrus.recognizer: heard 'yes' [confirm] (5.3 s of audio) free='yes'
2026-09-17 02:11:01,743 INFO T-engine xyrus.engine: heard: yes
2026-09-17 02:11:01,743 INFO T-engine xyrus.engine: cmd: sleep
2026-09-17 02:11:01,743 INFO T-engine xyrus.engine: say: Going to sleep, sir.
2026-09-17 02:11:07,882 WARNING T-watch xyrus.audio: microphone stalled (no audio for 3.4 s) - reopening
2026-09-17 02:12:55,182 INFO T-watch xyrus.audio: microphone: mic error, retrying
2026-09-17 02:12:55,334 INFO T-watch xyrus.audio: microphone open: device 1 (default, MME)
2026-09-17 02:12:55,334 INFO T-watch xyrus.audio: microphone: listening
2026-09-18 22:34:36,811 INFO T-index xyrus.actions.apps: start menu index: 123 entries
2026-09-18 22:34:36,865 INFO T-mic xyrus.audio: microphone open: device 1 (default, MME)
2026-09-18 22:34:36,865 INFO T-mic xyrus.audio: microphone: listening
2026-09-18 22:34:37,124 INFO T-engine xyrus.engine: info: missed reminder while away: you have a meeting
2026-09-18 22:34:38,259 INFO T-rec xyrus.recognizer: speech model loaded in 0.6 s
2026-09-18 22:34:39,031 INFO MainThread xyrus.vad: vad: Silero ready (silero_vad_v6.onnx)
2026-09-18 22:34:39,032 INFO MainThread xyrus.app: commands after the wake reply and free text: Whisper when loaded (hearing.py), Vosk until then
2026-09-18 22:34:39,032 INFO MainThread xyrus.app: Xyrus 2.0.0 started (live)
2026-09-18 22:34:39,296 INFO T-engine xyrus.engine: say: Good evening, Refath. Xyrus online. Nothing on the calendar today.
2026-09-18 22:34:41,735 INFO whisper-load faster_whisper: Processing audio with duration 00:01.000
2026-09-18 22:34:43,117 INFO whisper-load faster_whisper: Processing audio with duration 00:01.455
2026-09-18 22:34:43,336 INFO whisper-load xyrus.hearing: whisper ready in 4.3 s: whisper-large-v3 on cuda (float16)
2026-09-18 22:34:45,711 INFO whisper-load faster_whisper: Processing audio with duration 00:01.000
2026-09-18 22:34:45,963 INFO whisper-load faster_whisper: Processing audio with duration 00:01.455
2026-09-18 22:34:46,173 INFO whisper-load xyrus.hearing: whisper ready in 2.8 s: whisper-large-v3-bn on cuda (float16)
2026-09-18 22:34:52,137 INFO T-rec xyrus.capture: capture: 2.0 s speech (vad 0.86 max) peak 0.02 floor 0.0009 ceil 0.0012 on_thr 0.0018 vad=silero
2026-09-18 22:34:52,644 INFO T-rec xyrus.hearing: whisper drop: 'You need to put your power in something, huh?' lp=-1.29 reason=logprob (advisory) no_speech=0.45
2026-09-18 22:34:52,644 INFO T-rec xyrus.recognizer: Whisper wake check: rejected 'You need to put your power in something, huh?' lp=-1.29 (not the name)
2026-09-18 22:35:11,897 INFO T-rec xyrus.recognizer: heard "what's" [wake] (20.0 s of audio)
2026-09-18 22:35:29,889 INFO T-rec xyrus.capture: capture: 0.4 s speech (vad 0.76 max) peak 0.04 floor 0.0010 ceil 0.0058 on_thr 0.0071 vad=silero
2026-09-18 22:35:30,392 INFO T-rec xyrus.hearing: whisper drop: '.' lp=-1.27 reason=logprob (advisory) no_speech=0.43
2026-09-18 22:35:30,392 INFO T-rec xyrus.recognizer: Whisper wake check: rejected '.' lp=-1.27 (nothing)
2026-09-18 22:35:31,888 INFO T-rec xyrus.capture: capture: 0.2 s speech (vad 0.42 max) peak 0.02 floor 0.0010 ceil 0.0058 on_thr 0.0087 vad=silero
2026-09-18 22:35:32,142 INFO T-rec xyrus.hearing: whisper drop: '.' lp=-1.22 reason=logprob (advisory) no_speech=0.52
2026-09-18 22:35:32,142 INFO T-rec xyrus.recognizer: Whisper wake check: rejected '.' lp=-1.22 (nothing)
2026-09-18 22:36:05,389 INFO T-rec xyrus.capture: capture: 1.5 s speech (vad 0.81 max) peak 0.01 floor 0.0009 ceil 0.0013 on_thr 0.0018 vad=silero
2026-09-18 22:36:05,787 INFO T-rec xyrus.hearing: whisper drop: '.' lp=-1.12 reason=logprob (advisory) no_speech=0.42
2026-09-18 22:36:05,787 INFO T-rec xyrus.recognizer: Whisper wake check: rejected '.' lp=-1.12 (nothing)
2026-09-18 22:37:16,640 INFO T-rec xyrus.capture: capture: 0.2 s speech (vad 0.68 max) peak 0.02 floor 0.0009 ceil 0.0017 on_thr 0.0024 vad=silero
2026-09-18 22:37:17,032 INFO T-rec xyrus.hearing: whisper drop: 'E.' lp=-1.05 reason=logprob (advisory) no_speech=0.55
2026-09-18 22:37:17,033 INFO T-rec xyrus.recognizer: Whisper wake check: rejected 'E.' lp=-1.05 (not the name)
2026-09-18 22:38:54,142 INFO T-rec xyrus.capture: capture: 1.0 s speech (vad 0.68 max) peak 0.06 floor 0.0011 ceil 0.0049 on_thr 0.0070 vad=silero
2026-09-18 22:38:54,590 INFO T-rec xyrus.recognizer: Whisper wake check: rejected 'One more song, one more song.' lp=-0.79 (not the name)
2026-09-18 22:42:36,397 INFO T-rec xyrus.capture: capture: 5.2 s speech (vad 0.95 max) peak 0.06 floor 0.0009 ceil 0.0025 on_thr 0.0029 vad=silero
2026-09-18 22:42:47,147 INFO T-rec xyrus.capture: capture: 0.6 s speech (vad 0.56 max) peak 0.05 floor 0.0010 ceil 0.0062 on_thr 0.0094 vad=silero
2026-09-18 22:42:47,543 INFO T-rec xyrus.hearing: whisper drop: 'Play a song.' lp=-1.09 reason=logprob (advisory) no_speech=0.31
2026-09-18 22:42:47,543 INFO T-rec xyrus.recognizer: Whisper wake check: rejected 'Play a song.' lp=-1.09 (not the name)
2026-09-18 22:42:50,647 INFO T-rec xyrus.capture: capture: 0.4 s speech (vad 0.70 max) peak 0.04 floor 0.0008 ceil 0.0010 on_thr 0.0072 vad=silero
2026-09-18 22:42:50,897 INFO T-rec xyrus.recognizer: Whisper wake check: rejected 'Who is it?' lp=-0.51 (not the name)
2026-09-18 22:43:01,148 INFO T-rec xyrus.capture: capture: 1.2 s speech (vad 0.76 max) peak 0.02 floor 0.0008 ceil 0.0027 on_thr 0.0017 vad=silero
2026-09-18 22:43:01,406 INFO T-rec xyrus.hearing: whisper drop: 'Open Chrome.' lp=-1.35 reason=logprob (advisory) no_speech=0.65
2026-09-18 22:43:01,406 INFO T-rec xyrus.recognizer: Whisper wake check: rejected 'Open Chrome.' lp=-1.35 (not the name)
2026-09-18 22:43:36,822 INFO T-index xyrus.actions.apps: start menu index: 123 entries
2026-09-18 22:44:37,147 INFO T-rec xyrus.recognizer: recognizer stats: {'wake_checks': 9, 'wake_check_long': 1, 'wake_whisper': 0, 'whisper_retries': 0, 'captures': 0, 'capture_dropped': 0, 'wake_confirms': 0, 'wake_rejected': 0, 'wake_with_command': 0, 'playback_flushes': 0, 'bn_decodes': 0, 'arm_timeouts': 0, 'capture_dropped_by_reason': {}}
2026-09-18 22:45:35,651 INFO T-rec xyrus.capture: capture: 0.2 s speech (vad 0.50 max) peak 0.04 floor 0.0009 ceil 0.0014 on_thr 0.0018 vad=silero
2026-09-18 22:45:35,986 INFO T-rec xyrus.recognizer: Whisper wake check: rejected 'Cray, turn off the recitation.' lp=-0.85 (not the name)
2026-09-18 22:46:07,152 INFO T-rec xyrus.capture: capture: 0.6 s speech (vad 0.60 max) peak 0.12 floor 0.0009 ceil 0.0247 on_thr 0.0370 vad=silero
2026-09-18 22:46:07,529 INFO T-rec xyrus.hearing: whisper drop: 'Tension number two.' lp=-1.23 reason=logprob (advisory) no_speech=0.44
2026-09-18 22:46:07,529 INFO T-rec xyrus.recognizer: Whisper wake check: rejected 'Tension number two.' lp=-1.23 (not the name)
2026-09-18 22:46:12,901 INFO T-rec xyrus.capture: capture: 0.3 s speech (vad 0.51 max) peak 0.04 floor 0.0044 ceil 0.0077 on_thr 0.0115 vad=silero
2026-09-18 22:46:13,381 INFO T-rec xyrus.hearing: whisper drop: "I think that's all I have to do." lp=-0.97 reason=logprob (advisory) no_speech=0.36
2026-09-18 22:46:13,382 INFO T-rec xyrus.recognizer: Whisper wake check: rejected "I think that's all I have to do." lp=-0.97 (not the name)
2026-09-18 22:46:16,901 INFO T-rec xyrus.capture: capture: 0.2 s speech (vad 0.51 max) peak 0.05 floor 0.0012 ceil 0.0116 on_thr 0.0174 vad=silero
2026-09-18 22:46:17,392 INFO T-rec xyrus.hearing: whisper drop: "Let's play a song." lp=-1.10 reason=logprob (advisory) no_speech=0.45
2026-09-18 22:46:17,392 INFO T-rec xyrus.recognizer: Whisper wake check: rejected "Let's play a song." lp=-1.10 (not the name)
2026-09-18 22:46:26,902 INFO T-rec xyrus.capture: capture: 2.8 s speech (vad 0.86 max) peak 0.05 floor 0.0012 ceil 0.0065 on_thr 0.0077 vad=silero
2026-09-18 22:46:27,346 INFO T-rec xyrus.hearing: whisper drop: "Obviously, I'm going to play a song. I'm going to play a song." lp=-0.99 reason=logprob (advisory) no_speech=0.36
2026-09-18 22:46:27,346 INFO T-rec xyrus.recognizer: Whisper wake check: rejected "Obviously, I'm going to play a song. I'm going to play a song." lp=-0.99 (not the name)
2026-09-18 22:46:34,902 INFO T-rec xyrus.capture: capture: 5.0 s speech (vad 0.84 max) peak 0.02 floor 0.0013 ceil 0.0065 on_thr 0.0097 vad=silero
2026-09-18 22:46:36,902 INFO T-rec xyrus.capture: capture: 0.7 s speech (vad 0.79 max) peak 0.05 floor 0.0012 ceil 0.0065 on_thr 0.0097 vad=silero
2026-09-18 22:46:37,225 INFO T-rec xyrus.recognizer: Whisper wake check: rejected 'Yeah, I did.' lp=-0.35 (not the name)
2026-09-18 22:46:46,652 INFO T-rec xyrus.capture: capture: 6.6 s speech (vad 0.94 max) peak 0.02 floor 0.0011 ceil 0.0065 on_thr 0.0097 vad=silero
2026-09-18 22:46:57,653 INFO T-rec xyrus.capture: capture: 0.4 s speech (vad 0.75 max) peak 0.02 floor 0.0009 ceil 0.0020 on_thr 0.0029 vad=silero
2026-09-18 22:46:57,976 INFO T-rec xyrus.hearing: whisper drop: 'Oh, oh.' lp=-1.04 reason=logprob (advisory) no_speech=0.50
2026-09-18 22:46:57,976 INFO T-rec xyrus.recognizer: Whisper wake check: rejected 'Oh, oh.' lp=-1.04 (not the name)
2026-09-18 22:47:17,653 INFO T-rec xyrus.capture: capture: 1.2 s speech (vad 0.70 max) peak 0.05 floor 0.0009 ceil 0.0070 on_thr 0.0104 vad=silero
2026-09-18 22:47:17,973 INFO T-rec xyrus.hearing: whisper drop: 'Play a song and play a song.' lp=-0.98 reason=prompt_echo
2026-09-18 22:47:17,973 INFO T-rec xyrus.recognizer: Whisper wake check: rejected '' lp=-0.98 (nothing)
2026-09-18 22:49:17,405 INFO T-rec xyrus.capture: capture: 0.2 s speech (vad 0.54 max) peak 0.02 floor 0.0008 ceil 0.0028 on_thr 0.0038 vad=silero
2026-09-18 22:49:17,720 INFO T-rec xyrus.hearing: whisper drop: '.' lp=-1.16 reason=logprob (advisory) no_speech=0.52
2026-09-18 22:49:17,720 INFO T-rec xyrus.recognizer: Whisper wake check: rejected '.' lp=-1.16 (nothing)
2026-09-18 22:49:20,655 INFO T-rec xyrus.capture: capture: 0.2 s speech (vad 0.40 max) peak 0.04 floor 0.0008 ceil 0.0079 on_thr 0.0088 vad=silero
2026-09-18 22:49:20,987 INFO T-rec xyrus.hearing: whisper drop: "Let's go." lp=-1.23 reason=logprob (advisory) no_speech=0.44
2026-09-18 22:49:20,987 INFO T-rec xyrus.recognizer: Whisper wake check: rejected "Let's go." lp=-1.23 (not the name)
2026-09-18 22:52:36,844 INFO T-index xyrus.actions.apps: start menu index: 123 entries
2026-09-18 22:54:37,159 INFO T-rec xyrus.recognizer: recognizer stats: {'wake_checks': 19, 'wake_check_long': 3, 'wake_whisper': 0, 'whisper_retries': 0, 'captures': 0, 'capture_dropped': 0, 'wake_confirms': 0, 'wake_rejected': 0, 'wake_with_command': 0, 'playback_flushes': 0, 'bn_decodes': 0, 'arm_timeouts': 0, 'capture_dropped_by_reason': {}}
2026-09-18 22:55:15,662 INFO T-rec xyrus.capture: capture: 3.9 s speech (vad 0.81 max) peak 0.03 floor 0.0009 ceil 0.0028 on_thr 0.0037 vad=silero
2026-09-18 22:55:16,031 INFO T-rec xyrus.hearing: whisper drop: '. . .' lp=-1.48 reason=logprob (advisory) no_speech=0.56
2026-09-18 22:55:16,031 INFO T-rec xyrus.recognizer: Whisper wake check: rejected '. . .' lp=-1.48 (nothing)
2026-09-18 22:58:55,167 INFO T-rec xyrus.capture: capture: 2.8 s speech (vad 0.79 max) peak 0.02 floor 0.0008 ceil 0.0013 on_thr 0.0017 vad=silero
2026-09-18 22:58:55,521 INFO T-rec xyrus.hearing: whisper drop: '. . . . .' lp=-1.36 reason=logprob (advisory) no_speech=0.44
2026-09-18 22:58:55,521 INFO T-rec xyrus.recognizer: Whisper wake check: rejected '. . . . .' lp=-1.36 (nothing)
2026-09-18 23:00:30,669 INFO T-rec xyrus.capture: capture: 0.9 s speech (vad 0.57 max) peak 0.01 floor 0.0008 ceil 0.0016 on_thr 0.0024 vad=silero
2026-09-18 23:00:31,056 INFO T-rec xyrus.hearing: whisper drop: 'Thank you.' lp=-1.01 reason=logprob (advisory) no_speech=0.43
2026-09-18 23:00:31,056 INFO T-rec xyrus.recognizer: Whisper wake check: rejected 'Thank you.' lp=-1.01 (not the name)
2026-09-18 23:01:36,874 INFO T-index xyrus.actions.apps: start menu index: 123 entries
2026-09-18 23:01:52,421 INFO T-rec xyrus.capture: capture: 1.1 s speech (vad 0.78 max) peak 0.05 floor 0.0008 ceil 0.0012 on_thr 0.0017 vad=silero
2026-09-18 23:01:52,823 INFO T-rec xyrus.recognizer: Whisper wake check: rejected "Let's play a song." lp=-0.85 (not the name)
2026-09-18 23:01:56,421 INFO T-rec xyrus.capture: capture: 1.2 s speech (vad 0.68 max) peak 0.04 floor 0.0008 ceil 0.0044 on_thr 0.0066 vad=silero
2026-09-18 23:01:56,742 INFO T-rec xyrus.hearing: whisper drop: '.' lp=-1.15 reason=logprob (advisory) no_speech=0.59
2026-09-18 23:01:56,742 INFO T-rec xyrus.recognizer: Whisper wake check: rejected '.' lp=-1.15 (nothing)
2026-09-18 23:02:09,421 INFO T-rec xyrus.capture: capture: 0.5 s speech (vad 0.55 max) peak 0.01 floor 0.0011 ceil 0.0028 on_thr 0.0041 vad=silero
2026-09-18 23:02:09,782 INFO T-rec xyrus.hearing: whisper drop: '. . .' lp=-1.47 reason=logprob (advisory) no_speech=0.63
2026-09-18 23:02:09,783 INFO T-rec xyrus.recognizer: Whisper wake check: rejected '. . .' lp=-1.47 (nothing)
2026-09-18 23:02:31,921 INFO T-rec xyrus.capture: capture: 2.0 s speech (vad 0.71 max) peak 0.03 floor 0.0008 ceil 0.0024 on_thr 0.0036 vad=silero
2026-09-18 23:02:32,327 INFO T-rec xyrus.hearing: whisper drop: 'The letter is correct, right?' lp=-0.95 reason=logprob (advisory) no_speech=0.30
2026-09-18 23:02:32,327 INFO T-rec xyrus.recognizer: Whisper wake check: rejected 'The letter is correct, right?' lp=-0.95 (not the name)
2026-09-18 23:03:19,422 INFO T-rec xyrus.capture: capture: 0.2 s speech (vad 0.55 max) peak 0.01 floor 0.0014 ceil 0.0024 on_thr 0.0035 vad=silero
2026-09-18 23:03:19,808 INFO T-rec xyrus.hearing: whisper drop: '.' lp=-1.26 reason=logprob (advisory) no_speech=0.56
2026-09-18 23:03:19,808 INFO T-rec xyrus.recognizer: Whisper wake check: rejected '.' lp=-1.26 (nothing)
2026-09-18 23:03:30,923 INFO T-rec xyrus.capture: capture: 0.5 s speech (vad 0.57 max) peak 0.01 floor 0.0008 ceil 0.0010 on_thr 0.0016 vad=silero
2026-09-18 23:03:31,304 INFO T-rec xyrus.hearing: whisper drop: '. . .' lp=-1.50 reason=logprob (advisory) no_speech=0.31
2026-09-18 23:03:31,304 INFO T-rec xyrus.recognizer: Whisper wake check: rejected '. . .' lp=-1.50 (nothing)
2026-09-18 23:03:54,673 INFO T-rec xyrus.capture: capture: 2.8 s speech (vad 0.55 max) peak 0.04 floor 0.0012 ceil 0.0020 on_thr 0.0029 vad=silero
2026-09-18 23:03:55,017 INFO T-rec xyrus.recognizer: Whisper wake check: rejected 'Two seconds. Two seconds.' lp=-0.88 (not the name)
2026-09-18 23:04:23,424 INFO T-rec xyrus.capture: capture: 0.3 s speech (vad 0.61 max) peak 0.02 floor 0.0008 ceil 0.0012 on_thr 0.0017 vad=silero
2026-09-18 23:04:23,841 INFO T-rec xyrus.recognizer: Whisper wake check: rejected 'Do you want me to start?' lp=-0.80 (not the name)
2026-09-18 23:04:27,673 INFO T-rec xyrus.capture: capture: 0.3 s speech (vad 0.46 max) peak 0.01 floor 0.0008 ceil 0.0016 on_thr 0.0017 vad=silero
2026-09-18 23:04:27,965 INFO T-rec xyrus.hearing: whisper drop: '.' lp=-1.26 reason=logprob (advisory) no_speech=0.40
2026-09-18 23:04:27,965 INFO T-rec xyrus.recognizer: Whisper wake check: rejected '.' lp=-1.26 (nothing)
2026-09-18 23:04:35,424 INFO T-rec xyrus.capture: capture: 0.9 s speech (vad 0.79 max) peak 0.02 floor 0.0008 ceil 0.0025 on_thr 0.0032 vad=silero
2026-09-18 23:04:35,789 INFO T-rec xyrus.hearing: whisper drop: '. . .' lp=-1.47 reason=logprob (advisory) no_speech=0.67
2026-09-18 23:04:35,789 INFO T-rec xyrus.recognizer: Whisper wake check: rejected '. . .' lp=-1.47 (nothing)
2026-09-18 23:04:37,171 INFO T-rec xyrus.recognizer: recognizer stats: {'wake_checks': 32, 'wake_check_long': 3, 'wake_whisper': 0, 'whisper_retries': 0, 'captures': 0, 'capture_dropped': 0, 'wake_confirms': 0, 'wake_rejected': 0, 'wake_with_command': 0, 'playback_flushes': 0, 'bn_decodes': 0, 'arm_timeouts': 0, 'capture_dropped_by_reason': {}}
2026-09-18 23:04:40,924 INFO T-rec xyrus.capture: capture: 3.2 s speech (vad 0.81 max) peak 0.02 floor 0.0008 ceil 0.0025 on_thr 0.0037 vad=silero
2026-09-18 23:04:41,197 INFO T-rec xyrus.hearing: whisper drop: '. . . .' lp=-1.45 reason=logprob (advisory) no_speech=0.68
2026-09-18 23:04:41,197 INFO T-rec xyrus.recognizer: Whisper wake check: rejected '. . . .' lp=-1.45 (nothing)
2026-09-18 23:04:46,173 INFO T-rec xyrus.capture: capture: 0.6 s speech (vad 0.66 max) peak 0.03 floor 0.0008 ceil 0.0020 on_thr 0.0030 vad=silero
2026-09-18 23:04:46,598 INFO T-rec xyrus.hearing: whisper drop: "I'm going to play a song." lp=-1.01 reason=logprob (advisory) no_speech=0.39
2026-09-18 23:04:46,598 INFO T-rec xyrus.recognizer: Whisper wake check: rejected "I'm going to play a song." lp=-1.01 (not the name)
2026-09-18 23:05:00,424 INFO T-rec xyrus.capture: capture: 2.5 s speech (vad 0.85 max) peak 0.02 floor 0.0010 ceil 0.0016 on_thr 0.0023 vad=silero
2026-09-18 23:05:00,870 INFO T-rec xyrus.recognizer: Whisper wake check: rejected "Who doesn't know the limelight invitation?" lp=-0.88 (not the name)
2026-09-18 23:05:19,424 INFO T-rec xyrus.capture: capture: 0.6 s speech (vad 0.49 max) peak 0.03 floor 0.0009 ceil 0.0036 on_thr 0.0030 vad=silero
2026-09-18 23:05:19,854 INFO T-rec xyrus.hearing: whisper drop: '.' lp=-1.07 reason=logprob (advisory) no_speech=0.43
2026-09-18 23:05:19,854 INFO T-rec xyrus.recognizer: Whisper wake check: rejected '.' lp=-1.07 (nothing)
2026-09-18 23:05:56,675 INFO T-rec xyrus.capture: capture: 0.2 s speech (vad 0.49 max) peak 0.02 floor 0.0008 ceil 0.0010 on_thr 0.0016 vad=silero
2026-09-18 23:05:56,958 INFO T-rec xyrus.hearing: whisper drop: 'Go, go, go, go, go.' lp=-0.77 reason=repeat
2026-09-18 23:05:56,958 INFO T-rec xyrus.recognizer: Whisper wake check: rejected '' lp=-0.77 (nothing)
2026-09-18 23:06:05,676 INFO T-rec xyrus.capture: capture: 1.6 s speech (vad 0.68 max) peak 0.01 floor 0.0008 ceil 0.0014 on_thr 0.0019 vad=silero
2026-09-18 23:06:06,144 INFO T-rec xyrus.hearing: whisper drop: 'Open Chrome and play a song.' lp=-0.77 reason=prompt_echo
2026-09-18 23:06:06,144 INFO T-rec xyrus.recognizer: Whisper wake check: rejected '' lp=-0.77 (nothing)
2026-09-18 23:06:08,925 INFO T-rec xyrus.capture: capture: 0.9 s speech (vad 0.71 max) peak 0.01 floor 0.0009 ceil 0.0019 on_thr 0.0028 vad=silero
2026-09-18 23:06:09,229 INFO T-rec xyrus.recognizer: Whisper wake check: rejected "And then we'll meet again." lp=-0.60 (not the name)
2026-09-18 23:06:19,176 INFO T-rec xyrus.capture: capture: 5.0 s speech (vad 0.94 max) peak 0.02 floor 0.0010 ceil 0.0020 on_thr 0.0028 vad=silero
2026-09-18 23:06:22,676 INFO T-rec xyrus.capture: capture: 0.2 s speech (vad 0.56 max) peak 0.03 floor 0.0008 ceil 0.0013 on_thr 0.0018 vad=silero
2026-09-18 23:06:23,053 INFO T-rec xyrus.hearing: whisper drop: '.' lp=-1.18 reason=logprob (advisory) no_speech=0.47
2026-09-18 23:06:23,053 INFO T-rec xyrus.recognizer: Whisper wake check: rejected '.' lp=-1.18 (nothing)
2026-09-18 23:06:32,426 INFO T-rec xyrus.capture: capture: 0.5 s speech (vad 0.66 max) peak 0.01 floor 0.0008 ceil 0.0014 on_thr 0.0020 vad=silero
2026-09-18 23:06:32,941 INFO T-rec xyrus.hearing: whisper drop: '. . .' lp=-1.49 reason=logprob (advisory) no_speech=0.36
2026-09-18 23:06:32,941 INFO T-rec xyrus.recognizer: Whisper wake check: rejected '. . .' lp=-1.49 (nothing)
2026-09-18 23:06:39,426 INFO T-rec xyrus.capture: capture: 2.5 s speech (vad 0.80 max) peak 0.01 floor 0.0008 ceil 0.0015 on_thr 0.0021 vad=silero
2026-09-18 23:06:39,719 INFO T-rec xyrus.hearing: whisper drop: 'Please Subscribe and share to your friends.' lp=-1.34 reason=logprob (advisory) no_speech=0.60
2026-09-18 23:06:39,719 INFO T-rec xyrus.recognizer: Whisper wake check: rejected 'Please Subscribe and share to your friends.' lp=-1.34 (not the name)
2026-09-18 23:06:58,176 INFO T-rec xyrus.capture: capture: 4.6 s speech (vad 0.84 max) peak 0.02 floor 0.0009 ceil 0.0025 on_thr 0.0034 vad=silero
2026-09-18 23:07:04,177 INFO T-rec xyrus.capture: capture: 3.3 s speech (vad 0.84 max) peak 0.02 floor 0.0009 ceil 0.0034 on_thr 0.0051 vad=silero
2026-09-18 23:07:04,583 INFO T-rec xyrus.hearing: whisper drop: '. . .' lp=-1.34 reason=logprob (advisory) no_speech=0.62
2026-09-18 23:07:04,583 INFO T-rec xyrus.recognizer: Whisper wake check: rejected '. . .' lp=-1.34 (nothing)
2026-09-18 23:07:11,927 INFO T-rec xyrus.capture: capture: 2.7 s speech (vad 0.77 max) peak 0.02 floor 0.0010 ceil 0.0034 on_thr 0.0051 vad=silero
2026-09-18 23:07:12,399 INFO T-rec xyrus.hearing: whisper drop: '. . . . .' lp=-1.22 reason=logprob (advisory) no_speech=0.37
2026-09-18 23:07:12,399 INFO T-rec xyrus.recognizer: Whisper wake check: rejected '. . . . .' lp=-1.22 (nothing)
2026-09-18 23:07:22,429 INFO T-rec xyrus.capture: capture: 2.6 s speech (vad 0.78 max) peak 0.02 floor 0.0009 ceil 0.0019 on_thr 0.0026 vad=silero
2026-09-18 23:07:22,802 INFO T-rec xyrus.hearing: whisper drop: '.' lp=-1.22 reason=logprob (advisory) no_speech=0.47
2026-09-18 23:07:22,802 INFO T-rec xyrus.recognizer: Whisper wake check: rejected '.' lp=-1.22 (nothing)
2026-09-18 23:10:36,881 INFO T-index xyrus.actions.apps: start menu index: 123 entries
2026-09-18 23:14:37,183 INFO T-rec xyrus.recognizer: recognizer stats: {'wake_checks': 45, 'wake_check_long': 5, 'wake_whisper': 0, 'whisper_retries': 0, 'captures': 0, 'capture_dropped': 0, 'wake_confirms': 0, 'wake_rejected': 0, 'wake_with_command': 0, 'playback_flushes': 0, 'bn_decodes': 0, 'arm_timeouts': 0, 'capture_dropped_by_reason': {}}
2026-09-18 23:19:36,897 INFO T-index xyrus.actions.apps: start menu index: 123 entries
2026-09-18 23:24:37,195 INFO T-rec xyrus.recognizer: recognizer stats: {'wake_checks': 45, 'wake_check_long': 5, 'wake_whisper': 0, 'whisper_retries': 0, 'captures': 0, 'capture_dropped': 0, 'wake_confirms': 0, 'wake_rejected': 0, 'wake_with_command': 0, 'playback_flushes': 0, 'bn_decodes': 0, 'arm_timeouts': 0, 'capture_dropped_by_reason': {}}
2026-09-18 23:28:28,452 INFO T-rec xyrus.capture: capture: 0.8 s speech (vad 0.64 max) peak 0.03 floor 0.0004 ceil 0.0011 on_thr 0.0015 vad=silero
2026-09-18 23:28:28,797 INFO T-rec xyrus.hearing: whisper drop: 'Znaed.' lp=-1.23 reason=logprob (advisory) no_speech=0.21
2026-09-18 23:28:28,798 INFO T-rec xyrus.recognizer: Whisper wake check: rejected 'Znaed.' lp=-1.23 (not the name)
2026-09-18 23:28:36,923 INFO T-index xyrus.actions.apps: start menu index: 123 entries
2026-09-18 23:34:37,207 INFO T-rec xyrus.recognizer: recognizer stats: {'wake_checks': 46, 'wake_check_long': 5, 'wake_whisper': 0, 'whisper_retries': 0, 'captures': 0, 'capture_dropped': 0, 'wake_confirms': 0, 'wake_rejected': 0, 'wake_with_command': 0, 'playback_flushes': 0, 'bn_decodes': 0, 'arm_timeouts': 0, 'capture_dropped_by_reason': {}}
2026-09-18 23:37:36,942 INFO T-index xyrus.actions.apps: start menu index: 123 entries
2026-09-18 23:44:37,219 INFO T-rec xyrus.recognizer: recognizer stats: {'wake_checks': 46, 'wake_check_long': 5, 'wake_whisper': 0, 'whisper_retries': 0, 'captures': 0, 'capture_dropped': 0, 'wake_confirms': 0, 'wake_rejected': 0, 'wake_with_command': 0, 'playback_flushes': 0, 'bn_decodes': 0, 'arm_timeouts': 0, 'capture_dropped_by_reason': {}}
